timeTick, stateX, stateY, stateZ, stateVX, stateVY, stateVZ, motor1, motor2, motor3, motor4, yaw, pitch
120842, -1.6539007425308228, -1.1262075901031494, -0.0733359158039093, 0.07248423993587494, -2.812159538269043, -0.0036169884260743856, 0, 0, 0, 0, 0, 0
120863, -1.6488784551620483, -1.1500539779663086, -0.2886718213558197, 0.09517331421375275, -0.8219171166419983, -4.383718967437744, 0.0, 0.0, 0.0, 0.0, 2.2569689750671387, 0.3314933180809021
120884, -1.6460633277893066, -1.141730546951294, -0.3172197639942169, 0.2757115960121155, -0.31058594584465027, -4.6317138671875, 0.0, 0.0, 0.0, 0.0, 6.032968521118164, 2.3203670978546143
120902, -1.6403080224990845, -1.1606040000915527, -0.3445078730583191, 0.3969241678714752, -1.079382300376892, -4.607773780822754, 0.0, 0.0, 0.0, 0.0, 5.774758815765381, 3.9026594161987305
120922, -1.6337791681289673, -1.1769002676010132, -0.042466260492801666, 0.42738083004951477, -1.3466980457305908, -3.628941774368286, 0.0, 0.0, 0.0, 0.0, 5.553555011749268, 4.7128496170043945
120942, -1.6291829347610474, -1.182053804397583, -0.1222466230392456, 0.4336565434932709, -1.214675784111023, -3.951045513153076, 0.0, 0.0, 0.0, 0.0, 5.78266716003418, 4.9344000816345215
120962, -1.6246927976608276, -1.2109190225601196, -0.18561583757400513, 0.4584628939628601, -1.696889877319336, -3.9263663291931152, 0.0, 0.0, 0.0, 0.0, 5.4913105964660645, 5.26508903503418
120982, -1.621497392654419, -1.2092759609222412, -0.10196040570735931, 0.4408847391605377, -1.4330110549926758, -3.5237133502960205, 0.0, 0.0, 0.0, 0.0, 5.741757869720459, 5.303559303283691
121002, -1.6184473037719727, -1.2355296611785889, -0.15820224583148956, 0.4454025626182556, -1.863039255142212, -3.4730703830718994, 0.0, 0.0, 0.0, 0.0, 5.821878910064697, 5.2668304443359375
121023, -1.6199369430541992, -1.2229223251342773, -0.0635538175702095, 0.4163028597831726, -1.5343881845474243, -3.1185827255249023, 0.0, 0.0, 0.0, 0.0, 5.7446513175964355, 5.329688549041748
121042, -1.6191046237945557, -1.230361819267273, -0.12415813654661179, 0.39124178886413574, -1.5116660594940186, -3.3002126216888428, 0.0, 0.0, 0.0, 0.0, 5.715127468109131, 5.407382965087891
121062, -1.6189007759094238, -1.2412567138671875, -0.17228861153125763, 0.371076762676239, -1.7097381353378296, -3.2818362712860107, 0.0, 0.0, 0.0, 0.0, 5.266680717468262, 5.712092399597168
121082, -1.6169074773788452, -1.2466400861740112, -0.23493534326553345, 0.3539888262748718, -1.5292874574661255, -3.5455565452575684, 0.0, 0.0, 0.0, 0.0, 5.557194709777832, 5.532712459564209
121102, -1.6189608573913574, -1.243874430656433, -0.27336686849594116, 0.32074061036109924, -1.4331940412521362, -3.563023805618286, 0.0, 0.0, 0.0, 0.0, 5.635719299316406, 5.476587772369385
121124, -1.6212371587753296, -1.242051124572754, -0.29906103014945984, 0.2951275706291199, -1.4920412302017212, -3.4391300678253174, 0.0, 0.0, 0.0, 0.0, 5.246917724609375, 5.724795341491699
121143, -1.622315526008606, -1.2442485094070435, -0.04255048930644989, 0.2784298062324524, -1.5955843925476074, -1.6316052675247192, 0.0, 0.0, 0.0, 0.0, 5.377505302429199, 5.651623725891113
121162, -1.624130129814148, -1.2502124309539795, -0.0689004436135292, 0.2563551962375641, -1.6728156805038452, -1.6574680805206299, 0.0, 0.0, 0.0, 0.0, 5.373432636260986, 5.724427223205566
121182, -1.626950979232788, -1.243547797203064, -0.09778189659118652, 0.23441435396671295, -1.6332308053970337, -1.8324259519577026, 0.0, 0.0, 0.0, 0.0, 5.3629255294799805, 5.71268892288208
121202, -1.6284099817276, -1.2422770261764526, -0.050375793129205704, 0.21892209351062775, -1.483513355255127, -1.8641276359558105, 0.0, 0.0, 0.0, 0.0, 5.683314323425293, 5.503650665283203
121222, -1.629492163658142, -1.2488148212432861, -0.08331787586212158, 0.21045294404029846, -1.6064306497573853, -1.924850583076477, 0.0, 0.0, 0.0, 0.0, 5.252955436706543, 5.748636722564697
121243, -1.6306381225585938, -1.247918963432312, -0.12514980137348175, 0.19816499948501587, -1.4794079065322876, -2.2463791370391846, 0.0, 0.0, 0.0, 0.0, 5.234496116638184, 5.794245719909668
121262, -1.6338821649551392, -1.2362754344940186, -0.13102462887763977, 0.18068309128284454, -1.4949090480804443, -2.1703267097473145, 0.0, 0.0, 0.0, 0.0, 5.231860637664795, 5.767699718475342
121282, -1.6348127126693726, -1.2356387376785278, -0.16886813938617706, 0.17204712331295013, -1.3703168630599976, -2.410388708114624, 0.0, 0.0, 0.0, 0.0, 5.16642427444458, 5.798591613769531
121302, -1.634153127670288, -1.2564457654953003, -0.21243475377559662, 0.1823449581861496, -1.673378586769104, -2.401352643966675, 0.0, 0.0, 0.0, 0.0, 5.575650215148926, 5.564901828765869
121322, -1.6355735063552856, -1.2537808418273926, -0.23439788818359375, 0.17552529275417328, -1.6195440292358398, -2.473057746887207, 0.0, 0.0, 0.0, 0.0, 5.658200740814209, 5.526553630828857
121343, -1.6374928951263428, -1.2444531917572021, -0.23041635751724243, 0.16697952151298523, -1.6222788095474243, -2.368431329727173, 0.0, 0.0, 0.0, 0.0, 5.233939170837402, 5.79642915725708
121365, -1.6389477252960205, -1.2366904020309448, -0.24370378255844116, 0.1538911759853363, -1.3594884872436523, -2.519961357116699, 0.0, 0.0, 0.0, 0.0, 5.673549652099609, 5.515576362609863
121382, -1.637935757637024, -1.24909508228302, -0.27162957191467285, 0.16195309162139893, -1.434660792350769, -2.6118619441986084, 0.0, 0.0, 0.0, 0.0, 5.649381637573242, 5.533912181854248
121404, -1.6404725313186646, -1.2399903535842896, -0.2465362548828125, 0.15295852720737457, -1.5311177968978882, -2.2946362495422363, 0.0, 0.0, 0.0, 0.0, 5.6355485916137695, 5.55961799621582
121424, -1.6400151252746582, -1.2439613342285156, -0.2665468454360962, 0.1537148505449295, -1.4239317178726196, -2.4604127407073975, 0.0, 0.0, 0.0, 0.0, 5.603435039520264, 5.562645435333252
121442, -1.6407448053359985, -1.2423948049545288, -0.26272693276405334, 0.15181230008602142, -1.4329841136932373, -2.3857345581054688, 0.0, 0.0, 0.0, 0.0, 5.298191547393799, 5.742570877075195
121462, -1.6406915187835693, -1.2515976428985596, -0.2617753744125366, 0.15728573501110077, -1.6309891939163208, -2.2142372131347656, 0.0, 0.0, 0.0, 0.0, 5.338038444519043, 5.71662712097168
121482, -1.641100287437439, -1.246569275856018, -0.26449236273765564, 0.15274740755558014, -1.462090015411377, -2.3226206302642822, 0.0, 0.0, 0.0, 0.0, 5.6819915771484375, 5.508431434631348
121502, -1.6410109996795654, -1.254870057106018, -0.044833339750766754, 0.1555599868297577, -1.5977705717086792, -1.1938564777374268, 0.0, 0.0, 0.0, 0.0, 5.33810567855835, 5.736376762390137
121522, -1.6420007944107056, -1.2473808526992798, -0.06625908613204956, 0.15064100921154022, -1.5403343439102173, -1.3803120851516724, 0.0, 0.0, 0.0, 0.0, 5.729865074157715, 5.46664571762085
121543, -1.6416999101638794, -1.2487674951553345, -0.02737145498394966, 0.15498919785022736, -1.4580512046813965, -1.4542982578277588, 0.0, 0.0, 0.0, 0.0, 5.726261138916016, 5.479124546051025
121563, -1.6421462297439575, -1.249367117881775, -0.05075652524828911, 0.15206849575042725, -1.5427452325820923, -1.4710406064987183, 0.0, 0.0, 0.0, 0.0, 5.340878486633301, 5.764173984527588
121582, -1.6421923637390137, -1.246258020401001, -0.085110142827034, 0.15171943604946136, -1.4233115911483765, -1.8181792497634888, 0.0, 0.0, 0.0, 0.0, 5.715690612792969, 5.466163158416748
121604, -1.643778681755066, -1.2348953485488892, -0.09290965646505356, 0.14335763454437256, -1.4359380006790161, -1.7612091302871704, 0.0, 0.0, 0.0, 0.0, 5.322254180908203, 5.713639736175537
121626, -1.6432240009307861, -1.242182731628418, -0.14087000489234924, 0.14982318878173828, -1.5323286056518555, -1.9567328691482544, 0.0, 0.0, 0.0, 0.0, 5.622810363769531, 5.537132740020752
121643, -1.6438339948654175, -1.2327430248260498, -0.15694904327392578, 0.14447574317455292, -1.3567490577697754, -2.1350739002227783, 0.0, 0.0, 0.0, 0.0, 5.74282693862915, 5.404903888702393
121662, -1.6439374685287476, -1.2349265813827515, -0.17479810118675232, 0.14766578376293182, -1.465664267539978, -2.104508638381958, 0.0, 0.0, 0.0, 0.0, 5.7094950675964355, 5.437444686889648
121683, -1.6438546180725098, -1.2321383953094482, -0.2003171443939209, 0.1470874547958374, -1.3498414754867554, -2.2786974906921387, 0.0, 0.0, 0.0, 0.0, 5.60146951675415, 5.520097255706787
121703, -1.6431512832641602, -1.2424756288528442, -0.21746709942817688, 0.15706077218055725, -1.536421298980713, -2.2099406719207764, 0.0, 0.0, 0.0, 0.0, 5.309599876403809, 5.68564510345459
121722, -1.6431264877319336, -1.237069845199585, -0.23385676741600037, 0.15530595183372498, -1.3658307790756226, -2.3664090633392334, 0.0, 0.0, 0.0, 0.0, 5.242339134216309, 5.745663642883301
121744, -1.6442620754241943, -1.2300491333007812, -0.21603764593601227, 0.15293753147125244, -1.4617913961410522, -2.1252281665802, 0.0, 0.0, 0.0, 0.0, 5.2641282081604, 5.753844261169434
121762, -1.6430001258850098, -1.2418627738952637, -0.23576249182224274, 0.16112345457077026, -1.5325363874435425, -2.1707615852355957, 0.0, 0.0, 0.0, 0.0, 5.19209098815918, 5.802579402923584
121782, -1.6428948640823364, -1.237837314605713, -0.24256174266338348, 0.16024555265903473, -1.4047939777374268, -2.2761635780334473, 0.0, 0.0, 0.0, 0.0, 5.625032901763916, 5.541335105895996
121804, -1.6426724195480347, -1.2451776266098022, -0.23626437783241272, 0.16467922925949097, -1.6046781539916992, -2.0689640045166016, 0.0, 0.0, 0.0, 0.0, 5.35834264755249, 5.672031879425049
121823, -1.6431993246078491, -1.2332335710525513, -0.23325768113136292, 0.158272847533226, -1.3474584817886353, -2.2181408405303955, 0.0, 0.0, 0.0, 0.0, 5.654073238372803, 5.448901653289795
121842, -1.6425365209579468, -1.237901210784912, -0.2394380420446396, 0.16355057060718536, -1.3800528049468994, -2.2411108016967773, 0.0, 0.0, 0.0, 0.0, 5.588942527770996, 5.532392501831055
121863, -1.6435672044754028, -1.228743553161621, -0.22203773260116577, 0.15780025720596313, -1.3401992321014404, -2.1341521739959717, 0.0, 0.0, 0.0, 0.0, 5.206070423126221, 5.758315563201904
121885, -1.6440331935882568, -1.2282414436340332, -0.20668402314186096, 0.15819388628005981, -1.4805198907852173, -1.915846824645996, 0.0, 0.0, 0.0, 0.0, 5.312769412994385, 5.71162223815918
121902, -1.6433385610580444, -1.2338342666625977, -0.21327733993530273, 0.16198481619358063, -1.4888381958007812, -1.9726104736328125, 0.0, 0.0, 0.0, 0.0, 5.702425479888916, 5.479972839355469
121924, -1.643191933631897, -1.2316774129867554, -0.21658053994178772, 0.16160303354263306, -1.4020081758499146, -2.07535719871521, 0.0, 0.0, 0.0, 0.0, 5.661808013916016, 5.5270256996154785
121943, -1.6425637006759644, -1.2409626245498657, -0.21664147078990936, 0.167596235871315, -1.5721924304962158, -1.9620846509933472, 0.0, 0.0, 0.0, 0.0, 5.799679756164551, 5.419452667236328
121963, -1.6429287195205688, -1.2363858222961426, -0.21230387687683105, 0.16392986476421356, -1.4966248273849487, -1.9969216585159302, 0.0, 0.0, 0.0, 0.0, 5.692974090576172, 5.489997386932373
121983, -1.6423680782318115, -1.2369579076766968, -0.22258280217647552, 0.16624584794044495, -1.406632661819458, -2.1592326164245605, 0.0, 0.0, 0.0, 0.0, 5.613597869873047, 5.54029655456543
122002, -1.643148422241211, -1.2301167249679565, -0.2109009325504303, 0.16165977716445923, -1.3644678592681885, -2.108043670654297, 0.0, 0.0, 0.0, 0.0, 5.616421222686768, 5.569000720977783
122022, -1.6420162916183472, -1.2442699670791626, -0.2180093228816986, 0.1711709201335907, -1.5864458084106445, -2.0141918659210205, 0.0, 0.0, 0.0, 0.0, 5.33336067199707, 5.735572338104248
122043, -1.6413689851760864, -1.249287486076355, -0.22571243345737457, 0.17501792311668396, -1.5925803184509277, -2.0794761180877686, 0.0, 0.0, 0.0, 0.0, 5.323971748352051, 5.753434658050537
122062, -1.6414316892623901, -1.2490345239639282, -0.22433443367481232, 0.17474135756492615, -1.6012749671936035, -2.074695587158203, 0.0, 0.0, 0.0, 0.0, 5.198613166809082, 5.820928573608398
122082, -1.6426429748535156, -1.2341848611831665, -0.21504899859428406, 0.16312286257743835, -1.372968316078186, -2.172684669494629, 0.0, 0.0, 0.0, 0.0, 5.586721420288086, 5.577084541320801
122102, -1.6425212621688843, -1.2394919395446777, -0.21181407570838928, 0.1668594628572464, -1.5612785816192627, -2.0102176666259766, 0.0, 0.0, 0.0, 0.0, 5.670048713684082, 5.46256685256958
122124, -1.6424401998519897, -1.2353525161743164, -0.21950286626815796, 0.16321498155593872, -1.3680661916732788, -2.205317258834839, 0.0, 0.0, 0.0, 0.0, 5.6651129722595215, 5.4615797996521
122142, -1.6419028043746948, -1.2446070909500122, -0.22094415128231049, 0.17001637816429138, -1.574851155281067, -2.068101406097412, 0.0, 0.0, 0.0, 0.0, 5.2731122970581055, 5.70376443862915
122162, -1.6418536901474, -1.2452056407928467, -0.2217000275850296, 0.17060834169387817, -1.5954025983810425, -2.0550951957702637, 0.0, 0.0, 0.0, 0.0, 5.294595718383789, 5.698198318481445
122182, -1.6415938138961792, -1.2439347505569458, -0.03192976489663124, 0.17213685810565948, -1.488053321838379, -1.3735618591308594, 0.0, 0.0, 0.0, 0.0, 5.709320068359375, 5.456330299377441
122203, -1.6413671970367432, -1.2494367361068726, -0.055162351578474045, 0.17099995911121368, -1.5774129629135132, -1.4225753545761108, 0.0, 0.0, 0.0, 0.0, 5.377738952636719, 5.683291912078857
122222, -1.6410115957260132, -1.2494206428527832, -0.08635912835597992, 0.17342092096805573, -1.5408892631530762, -1.7104982137680054, 0.0, 0.0, 0.0, 0.0, 5.300896167755127, 5.730156421661377
122243, -1.6414682865142822, -1.2447367906570435, -0.11315774917602539, 0.1698264628648758, -1.4755545854568481, -1.901857852935791, 0.0, 0.0, 0.0, 0.0, 5.74669075012207, 5.419999122619629
122263, -1.6410170793533325, -1.2530803680419922, -0.1380833089351654, 0.17450453341007233, -1.6374236345291138, -1.9009755849838257, 0.0, 0.0, 0.0, 0.0, 5.294529438018799, 5.721270561218262
122282, -1.6405508518218994, -1.253588318824768, -0.05177390202879906, 0.17856039106845856, -1.5581252574920654, -1.6432183980941772, 0.0, 0.0, 0.0, 0.0, 5.7316436767578125, 5.439995288848877
122302, -1.6418323516845703, -1.2418702840805054, -0.06478697806596756, 0.1689893901348114, -1.4500075578689575, -1.759391188621521, 0.0, 0.0, 0.0, 0.0, 5.345597743988037, 5.686115264892578
122322, -1.6418837308883667, -1.2411764860153198, -0.09658131748437881, 0.16851899027824402, -1.4513907432556152, -1.9299139976501465, 0.0, 0.0, 0.0, 0.0, 5.698215961456299, 5.442850589752197
122342, -1.6416000127792358, -1.2463504076004028, -0.123710498213768, 0.17215529084205627, -1.5748112201690674, -1.96755850315094, 0.0, 0.0, 0.0, 0.0, 5.656180381774902, 5.456503868103027
122362, -1.6416316032409668, -1.2461172342300415, -0.15158899128437042, 0.17372429370880127, -1.5956597328186035, -2.0720882415771484, 0.0, 0.0, 0.0, 0.0, 5.268870830535889, 5.725205421447754
122382, -1.641318440437317, -1.2440526485443115, -0.18636742234230042, 0.1698506623506546, -1.4114863872528076, -2.361438512802124, 0.0, 0.0, 0.0, 0.0, 5.625101089477539, 5.549034595489502
122402, -1.6411564350128174, -1.2502328157424927, -0.20269963145256042, 0.17525789141654968, -1.6177656650543213, -2.251614809036255, 0.0, 0.0, 0.0, 0.0, 5.657524585723877, 5.490038871765137
122422, -1.6409478187561035, -1.2477012872695923, -0.22955797612667084, 0.17283806204795837, -1.4695701599121094, -2.4469096660614014, 0.0, 0.0, 0.0, 0.0, 5.293065547943115, 5.714451789855957
122445, -1.6412692070007324, -1.2488709688186646, -0.23525676131248474, 0.17307396233081818, -1.5827332735061646, -2.32301926612854, 0.0, 0.0, 0.0, 0.0, 5.636448383331299, 5.498625755310059
122463, -1.6402101516723633, -1.2596327066421509, -0.2548846900463104, 0.1803407371044159, -1.6753873825073242, -2.33866024017334, 0.0, 0.0, 0.0, 0.0, 5.183183670043945, 5.765815734863281
122482, -1.641021728515625, -1.2519941329956055, -0.24966484308242798, 0.1751256138086319, -1.6141842603683472, -2.297605276107788, 0.0, 0.0, 0.0, 0.0, 5.6292500495910645, 5.491266250610352
122504, -1.6418521404266357, -1.2408287525177002, -0.2474817931652069, 0.16710276901721954, -1.436758041381836, -2.344771385192871, 0.0, 0.0, 0.0, 0.0, 5.542212009429932, 5.539968490600586
122522, -1.6416864395141602, -1.2465543746948242, -0.2442587912082672, 0.17143741250038147, -1.6006122827529907, -2.1727049350738525, 0.0, 0.0, 0.0, 0.0, 5.651727199554443, 5.480559825897217
122542, -1.6415765285491943, -1.2425240278244019, -0.2509036660194397, 0.1678541600704193, -1.3914316892623901, -2.3399970531463623, 0.0, 0.0, 0.0, 0.0, 5.651721477508545, 5.52470588684082
122564, -1.6400545835494995, -1.2560513019561768, -0.26917022466659546, 0.1784195452928543, -1.5373783111572266, -2.357022285461426, 0.0, 0.0, 0.0, 0.0, 5.262507438659668, 5.757070541381836
122585, -1.6412676572799683, -1.245208740234375, -0.2518806755542755, 0.17099887132644653, -1.4630054235458374, -2.2747066020965576, 0.0, 0.0, 0.0, 0.0, 5.629319190979004, 5.519529342651367
122602, -1.6407073736190796, -1.2548766136169434, -0.250036358833313, 0.1776142567396164, -1.671251893043518, -2.107781171798706, 0.0, 0.0, 0.0, 0.0, 5.361185550689697, 5.718221664428711
122624, -1.6404474973678589, -1.2518165111541748, -0.25826090574264526, 0.17475442588329315, -1.4740208387374878, -2.315161943435669, 0.0, 0.0, 0.0, 0.0, 5.7231035232543945, 5.463962078094482
122642, -1.640838384628296, -1.2491835355758667, -0.24905623495578766, 0.17424516379833221, -1.5042256116867065, -2.2262890338897705, 0.0, 0.0, 0.0, 0.0, 5.304233074188232, 5.728391170501709
122663, -1.640939712524414, -1.2488924264907837, -0.03430531173944473, 0.17523270845413208, -1.5326189994812012, -1.3075693845748901, 0.0, 0.0, 0.0, 0.0, 5.42575740814209, 5.677139759063721
122685, -1.6401126384735107, -1.2556411027908325, -0.062078993767499924, 0.17906270921230316, -1.543479561805725, -1.5414552688598633, 0.0, 0.0, 0.0, 0.0, 5.4181437492370605, 5.688554763793945
122702, -1.640162706375122, -1.2591294050216675, -0.08293510973453522, 0.17786100506782532, -1.650460958480835, -1.5327470302581787, 0.0, 0.0, 0.0, 0.0, 5.767513275146484, 5.434487819671631
122725, -1.6400591135025024, -1.2562369108200073, -0.1147226020693779, 0.17761793732643127, -1.5555716753005981, -1.843514084815979, 0.0, 0.0, 0.0, 0.0, 5.761138916015625, 5.455692291259766
122744, -1.6399595737457275, -1.2615207433700562, -0.1373988687992096, 0.17831279337406158, -1.674135684967041, -1.8474249839782715, 0.0, 0.0, 0.0, 0.0, 5.4203338623046875, 5.664243221282959
122763, -1.6414904594421387, -1.2431806325912476, -0.15230870246887207, 0.16509050130844116, -1.3978039026260376, -2.087806224822998, 0.0, 0.0, 0.0, 0.0, 5.307860851287842, 5.722341060638428
122782, -1.641419768333435, -1.243485689163208, -0.17940661311149597, 0.16544318199157715, -1.399782419204712, -2.1965649127960205, 0.0, 0.0, 0.0, 0.0, 5.690234661102295, 5.4833197593688965
122805, -1.6411808729171753, -1.249269723892212, -0.19657698273658752, 0.17047925293445587, -1.5613609552383423, -2.1325573921203613, 0.0, 0.0, 0.0, 0.0, 5.6535491943359375, 5.485133171081543
122822, -1.641444444656372, -1.2464605569839478, -0.21210543811321259, 0.16869066655635834, -1.531662106513977, -2.1755409240722656, 0.0, 0.0, 0.0, 0.0, 5.168148040771484, 5.804802417755127
122842, -1.6414352655410767, -1.2426769733428955, -0.22919586300849915, 0.16646963357925415, -1.4141266345977783, -2.3011105060577393, 0.0, 0.0, 0.0, 0.0, 5.217306613922119, 5.794736385345459
122863, -1.6408299207687378, -1.254050850868225, -0.238870307803154, 0.17303408682346344, -1.6477891206741333, -2.1478004455566406, 0.0, 0.0, 0.0, 0.0, 5.342315673828125, 5.721027374267578
122883, -1.6402270793914795, -1.2553304433822632, -0.05077935755252838, 0.1743677705526352, -1.5377278327941895, -1.3498183488845825, 0.0, 0.0, 0.0, 0.0, 5.719454288482666, 5.470953464508057
122905, -1.641964077949524, -1.242569923400879, -0.059042248874902725, 0.16141918301582336, -1.483219861984253, -1.3500573635101318, 0.0, 0.0, 0.0, 0.0, 5.7701416015625, 5.421234607696533
122922, -1.6416938304901123, -1.2445662021636963, -0.08330488204956055, 0.16387386620044708, -1.4944539070129395, -1.5304882526397705, 0.0, 0.0, 0.0, 0.0, 5.612138748168945, 5.526464939117432
122942, -1.6410361528396606, -1.2457971572875977, -0.12884676456451416, 0.16646699607372284, -1.3947731256484985, -1.9360413551330566, 0.0, 0.0, 0.0, 0.0, 5.24718713760376, 5.7846879959106445
122962, -1.6426221132278442, -1.235966682434082, -0.1306373029947281, 0.158320352435112, -1.4654003381729126, -1.8045623302459717, 0.0, 0.0, 0.0, 0.0, 5.208621025085449, 5.813206672668457
122982, -1.6426883935928345, -1.232021450996399, -0.15699687600135803, 0.1563950926065445, -1.3325793743133545, -2.0384769439697266, 0.0, 0.0, 0.0, 0.0, 5.594376564025879, 5.545932769775391
123005, -1.6430754661560059, -1.228864312171936, -0.17492687702178955, 0.15471003949642181, -1.322637677192688, -2.096262216567993, 0.0, 0.0, 0.0, 0.0, 5.406803607940674, 5.702314376831055
123022, -1.642018437385559, -1.2422709465026855, -0.19594645500183105, 0.16404637694358826, -1.5215293169021606, -2.073542356491089, 0.0, 0.0, 0.0, 0.0, 5.734827518463135, 5.482987403869629
123042, -1.642836093902588, -1.230606198310852, -0.20860278606414795, 0.1567191779613495, -1.2994228601455688, -2.2300491333007812, 0.0, 0.0, 0.0, 0.0, 5.2654128074646, 5.7437052726745605
123062, -1.6427024602890015, -1.2351677417755127, -0.21406853199005127, 0.161216601729393, -1.4607750177383423, -2.117676019668579, 0.0, 0.0, 0.0, 0.0, 5.6645026206970215, 5.544773101806641
123083, -1.6425728797912598, -1.2321228981018066, -0.2264312505722046, 0.16059039533138275, -1.3499846458435059, -2.2415502071380615, 0.0, 0.0, 0.0, 0.0, 5.5808281898498535, 5.59726095199585
123104, -1.641841173171997, -1.243395447731018, -0.23317687213420868, 0.1685125231742859, -1.5630607604980469, -2.1195459365844727, 0.0, 0.0, 0.0, 0.0, 5.658557415008545, 5.557652473449707
123122, -1.642784595489502, -1.2344276905059814, -0.22327697277069092, 0.16254518926143646, -1.4843394756317139, -2.078598737716675, 0.0, 0.0, 0.0, 0.0, 5.639436721801758, 5.548373222351074
123142, -1.6431841850280762, -1.2267777919769287, -0.22292742133140564, 0.15764276683330536, -1.319625735282898, -2.1701812744140625, 0.0, 0.0, 0.0, 0.0, 5.602929592132568, 5.5757155418396
123166, -1.6420546770095825, -1.2374906539916992, -0.23699446022510529, 0.16529898345470428, -1.54477858543396, -2.0249738693237305, 0.0, 0.0, 0.0, 0.0, 5.330989837646484, 5.7360405921936035
123182, -1.6412075757980347, -1.24449622631073, -0.0444178432226181, 0.17261970043182373, -1.4696831703186035, -1.4017399549484253, 0.0, 0.0, 0.0, 0.0, 5.736830711364746, 5.457969665527344
123204, -1.6420516967773438, -1.2415388822555542, -0.06521616131067276, 0.16567164659500122, -1.5123097896575928, -1.4372453689575195, 0.0, 0.0, 0.0, 0.0, 5.315372943878174, 5.722539901733398
123222, 0.0, 0.0, 0.0, 0.0, 0.0, 0.0, 0.0, 0.0, 0.0, 0.0, 5.524503231048584, 5.569439888000488
123242, -1.6557484865188599, -1.1239410638809204, 0.00481195654720068, 0.007864773273468018, -0.11137101799249649, -0.14274446666240692, 0.0, 0.0, 0.0, 0.0, 2.066330909729004, 2.427194595336914
123263, -1.655577301979065, -1.1269991397857666, 0.0017961154226213694, 0.021064814180135727, -0.3165588676929474, -0.3225313127040863, 0.0, 0.0, 0.0, 0.0, 2.7331695556640625, 2.9080281257629395
123283, -1.6551727056503296, -1.1324800252914429, -0.004221975803375244, 0.03574904054403305, -0.5101265907287598, -0.5235334038734436, 0.0, 0.0, 0.0, 0.0, 3.1778998374938965, 3.324449300765991
123303, -1.6545532941818237, -1.1406567096710205, -0.01192209031432867, 0.05061064288020134, -0.7007490992546082, -0.6856173276901245, 0.0, 0.0, 0.0, 0.0, 3.3638241291046143, 3.643221855163574
123322, -1.6536414623260498, -1.151995301246643, -0.023311957716941833, 0.06737994402647018, -0.9002395868301392, -0.8795331716537476, 0.0, 0.0, 0.0, 0.0, 3.6691057682037354, 3.8139591217041016
123342, -1.6525003910064697, -1.165189266204834, -0.03776084631681442, 0.08355827629566193, -1.0784600973129272, -1.0792642831802368, 0.0, 0.0, 0.0, 0.0, 3.873065710067749, 4.011787414550781
123363, -1.6512871980667114, -1.1797175407409668, -0.05177481099963188, 0.09668023884296417, -1.2362667322158813, -1.2118220329284668, 0.0, 0.0, 0.0, 0.0, 4.018510818481445, 4.127791881561279
123382, -1.6500762701034546, -1.1927967071533203, -0.06763969361782074, 0.10899481922388077, -1.3613801002502441, -1.371786117553711, 0.0, 0.0, 0.0, 0.0, 4.179041385650635, 4.257132053375244
123402, -1.6488360166549683, -1.2073314189910889, -0.0826234295964241, 0.1182437390089035, -1.471835732460022, -1.4696604013442993, 0.0, 0.0, 0.0, 0.0, 4.243154525756836, 4.376044750213623
123422, -1.6488285064697266, -1.2054997682571411, -0.08473780751228333, 0.11895132064819336, -1.4625920057296753, -1.5108258724212646, 0.0, 0.0, 0.0, 0.0, 4.434121131896973, 4.413956642150879
123442, -1.6480578184127808, -1.2154666185379028, -0.0038485126569867134, 0.1140376403927803, -1.4440611600875854, -1.0481408834457397, 0.0, 0.0, 0.0, 0.0, 4.542030334472656, 4.525968074798584
123462, -1.6466039419174194, -1.233216404914856, -0.037859976291656494, 0.12287568300962448, -1.5602812767028809, -1.3072509765625, 0.0, 0.0, 0.0, 0.0, 5.060128211975098, 4.444843769073486
123482, -1.6458293199539185, -1.242085576057434, -0.024150706827640533, 0.12697717547416687, -1.614015817642212, -1.2965221405029297, 0.0, 0.0, 0.0, 0.0, 5.070945739746094, 4.529291152954102
123504, -1.6458741426467896, -1.241472601890564, -0.04966156929731369, 0.12606337666511536, -1.6021146774291992, -1.470945954322815, 0.0, 0.0, 0.0, 0.0, 5.172987461090088, 4.576589584350586
123522, -1.6461293697357178, -1.237713098526001, -0.016488701105117798, 0.12391811609268188, -1.5769685506820679, -1.3186229467391968, 0.0, 0.0, 0.0, 0.0, 5.1982574462890625, 4.640641689300537
123542, -1.6450841426849365, -1.251715064048767, -0.057145170867443085, 0.12924763560295105, -1.6524564027786255, -1.5610541105270386, 0.0, 0.0, 0.0, 0.0, 5.386706829071045, 4.595927715301514
123563, -1.644699215888977, -1.255954384803772, -0.026789378374814987, 0.13144536316394806, -1.6797584295272827, -1.3871867656707764, 0.0, 0.0, 0.0, 0.0, 5.369874954223633, 4.672503471374512
123582, -1.6455557346343994, -1.2458521127700806, -0.039312660694122314, 0.12558403611183167, -1.614048719406128, -1.4756380319595337, 0.0, 0.0, 0.0, 0.0, 5.576102256774902, 4.583973407745361
123602, -1.6455274820327759, -1.2474008798599243, -0.06625541299581528, 0.1251395344734192, -1.6110643148422241, -1.6200039386749268, 0.0, 0.0, 0.0, 0.0, 5.599119186401367, 4.631701469421387
123622, -1.6450257301330566, -1.2538678646087646, -0.04185878485441208, 0.12892340123653412, -1.6569687128067017, -1.500461459159851, 0.0, 0.0, 0.0, 0.0, 5.697927474975586, 4.624481678009033
123642, -1.645086407661438, -1.2544504404067993, -0.06916691362857819, 0.12809623777866364, -1.6443158388137817, -1.6424740552902222, 0.0, 0.0, 0.0, 0.0, 5.7545952796936035, 4.627460479736328
123662, -1.6436175107955933, -1.2734414339065552, -0.06066405028104782, 0.13798916339874268, -1.7551624774932861, -1.5834097862243652, 0.0, 0.0, 0.0, 0.0, 5.7580084800720215, 4.691397666931152
123682, -1.6435292959213257, -1.2753479480743408, -0.08987993001937866, 0.13839606940746307, -1.761120080947876, -1.7294408082962036, 0.0, 0.0, 0.0, 0.0, 5.869598388671875, 4.663424491882324
123702, -1.6442705392837524, -1.26579749584198, -0.03992275893688202, 0.13558369874954224, -1.7206895351409912, -1.4444069862365723, 0.0, 0.0, 0.0, 0.0, 5.897862434387207, 4.682276725769043
123722, -1.6441932916641235, -1.2673598527908325, -0.06697309017181396, 0.13576029241085052, -1.7213506698608398, -1.5919755697250366, 0.0, 0.0, 0.0, 0.0, 6.016619682312012, 4.643898963928223
123742, -1.6436702013015747, -1.2739636898040771, -0.04050343111157417, 0.14002947509288788, -1.7643684148788452, -1.429818034172058, 0.0, 0.0, 0.0, 0.0, 6.060368061065674, 4.637702941894531
123762, -1.6426610946655273, -1.2869361639022827, -0.08263891935348511, 0.1445094794034958, -1.8134595155715942, -1.636925458908081, 0.0, 0.0, 0.0, 0.0, 6.159919261932373, 4.615428924560547
123782, -1.6418020725250244, -1.2978776693344116, -0.04770081117749214, 0.15206700563430786, -1.905351996421814, -1.409633994102478, 0.0, 0.0, 0.0, 0.0, 6.166042804718018, 4.664642333984375
123802, -1.6419498920440674, -1.2963707447052002, -0.07445021718740463, 0.1492624431848526, -1.8661075830459595, -1.5502493381500244, 0.0, 0.0, 0.0, 0.0, 6.2894110679626465, 4.603809356689453
123824, -1.6419556140899658, -1.296675682067871, -0.10220862925052643, 0.14880618453025818, -1.8561556339263916, -1.6818445920944214, 0.0, 0.0, 0.0, 0.0, 6.297921180725098, 4.651145935058594
123843, -1.6417652368545532, -1.2984216213226318, -0.07316960394382477, 0.15068775415420532, -1.8726555109024048, -1.5279330015182495, 0.0, 0.0, 0.0, 0.0, 6.413620471954346, 4.593520164489746
123863, -1.6418160200119019, -1.297838807106018, -0.10017865896224976, 0.14893655478954315, -1.8457450866699219, -1.6519618034362793, 0.0, 0.0, 0.0, 0.0, 6.426758766174316, 4.637798309326172
123882, -1.6411744356155396, -1.3058743476867676, -0.07562404870986938, 0.15427584946155548, -1.9039417505264282, -1.5181376934051514, 0.0, 0.0, 0.0, 0.0, 6.477804183959961, 4.628803730010986
123902, -1.6412365436553955, -1.3048726320266724, -0.1026104986667633, 0.1529897004365921, -1.8724421262741089, -1.641168236732483, 0.0, 0.0, 0.0, 0.0, 6.556788444519043, 4.635794162750244
123922, -1.6409239768981934, -1.3084263801574707, -0.06880118697881699, 0.15688474476337433, -1.91068696975708, -1.428219199180603, 0.0, 0.0, 0.0, 0.0, 6.606341361999512, 4.618597030639648
123943, -1.6410430669784546, -1.3068392276763916, -0.09483877569437027, 0.1542884111404419, -1.876938819885254, -1.5597046613693237, 0.0, 0.0, 0.0, 0.0, 6.7088494300842285, 4.595531463623047
123963, -1.6403518915176392, -1.31454336643219, -0.0667322501540184, 0.15964512526988983, -1.929951548576355, -1.371102213859558, 0.0, 0.0, 0.0, 0.0, 6.729717254638672, 4.630630016326904
123982, -1.641740322113037, -1.2972129583358765, -0.07907021045684814, 0.1509012132883072, -1.819600224494934, -1.4555634260177612, 0.0, 0.0, 0.0, 0.0, 6.837985515594482, 4.5801191329956055
124002, -1.6409856081008911, -1.305732250213623, -0.05463036894798279, 0.1565542072057724, -1.8799617290496826, -1.2704354524612427, 0.0, 0.0, 0.0, 0.0, 6.867785453796387, 4.597623825073242
124022, -1.6411226987838745, -1.3034683465957642, -0.07851066440343857, 0.1532961130142212, -1.830688238143921, -1.4063050746917725, 0.0, 0.0, 0.0, 0.0, 6.944719314575195, 4.601109027862549
124042, -1.6417509317398071, -1.2951114177703857, -0.10167171061038971, 0.14739270508289337, -1.7475836277008057, -1.5196985006332397, 0.0, 0.0, 0.0, 0.0, 6.986250400543213, 4.587630271911621
124063, -1.6412978172302246, -1.299761176109314, -0.07558386772871017, 0.15073689818382263, -1.7765454053878784, -1.3453407287597656, 0.0, 0.0, 0.0, 0.0, 7.061229705810547, 4.5889573097229
124083, -1.6412166357040405, -1.3000084161758423, -0.10185220837593079, 0.14875899255275726, -1.7417140007019043, -1.4719743728637695, 0.0, 0.0, 0.0, 0.0, 7.100018501281738, 4.576639652252197
124102, -1.6405954360961914, -1.3066511154174805, -0.06830979883670807, 0.1551828235387802, -1.8053481578826904, -1.2106420993804932, 0.0, 0.0, 0.0, 0.0, 7.181558609008789, 4.577957630157471
124122, -1.640714406967163, -1.3042457103729248, -0.09192121028900146, 0.15161782503128052, -1.7553439140319824, -1.3388946056365967, 0.0, 0.0, 0.0, 0.0, 7.20612907409668, 4.605874061584473
124142, -1.6404931545257568, -1.306013584136963, -0.06478270143270493, 0.15460704267024994, -1.7852401733398438, -1.1304751634597778, 0.0, 0.0, 0.0, 0.0, 7.239339351654053, 4.59391975402832
124162, -1.6409763097763062, -1.299246907234192, -0.08517935127019882, 0.14869464933872223, -1.7036986351013184, -1.2460404634475708, 0.0, 0.0, 0.0, 0.0, 7.31698751449585, 4.5874247550964355
124185, -1.6407830715179443, -1.3005129098892212, -0.05899588763713837, 0.15187899768352509, -1.7347627878189087, -1.0513808727264404, 0.0, 0.0, 0.0, 0.0, 7.318211078643799, 4.635653972625732
124202, -1.6402584314346313, -1.3054100275039673, -0.08152715116739273, 0.15325312316417694, -1.733215093612671, -1.1777955293655396, 0.0, 0.0, 0.0, 0.0, 7.3843159675598145, 4.6256256103515625
124222, -1.6403181552886963, -1.3036906719207764, -0.05558018386363983, 0.15500767529010773, -1.7488377094268799, -0.9946863055229187, 0.0, 0.0, 0.0, 0.0, 7.393981456756592, 4.650935649871826
124242, -1.6404582262039185, -1.3012213706970215, -0.0760311633348465, 0.15264660120010376, -1.7121739387512207, -1.1232967376708984, 0.0, 0.0, 0.0, 0.0, 7.474362850189209, 4.615853309631348
124263, -1.6412276029586792, -1.291867971420288, -0.04319470375776291, 0.151521235704422, -1.6969225406646729, -0.8963659405708313, 0.0, 0.0, 0.0, 0.0, 7.463978290557861, 4.668956279754639
124283, -1.6413722038269043, -1.2892117500305176, -0.06197642907500267, 0.14912010729312897, -1.6546732187271118, -1.0287041664123535, 0.0, 0.0, 0.0, 0.0, 7.5349225997924805, 4.635803699493408
124303, -1.641054391860962, -1.2916195392608643, -0.04099397361278534, 0.15347975492477417, -1.6947296857833862, -0.8652306795120239, 0.0, 0.0, 0.0, 0.0, 7.526115894317627, 4.691574573516846
124322, -1.6407361030578613, -1.294063925743103, -0.059515539556741714, 0.15326206386089325, -1.6798871755599976, -0.9911718368530273, 0.0, 0.0, 0.0, 0.0, 7.578425884246826, 4.681841850280762
124342, -1.641737461090088, -1.2820498943328857, -0.07814019918441772, 0.14610010385513306, -1.5948859453201294, -1.1122928857803345, 0.0, 0.0, 0.0, 0.0, 7.594419479370117, 4.692763328552246
124362, -1.641424536705017, -1.2849177122116089, -0.05633331462740898, 0.1501295268535614, -1.6337171792984009, -0.9665940403938293, 0.0, 0.0, 0.0, 0.0, 7.646462917327881, 4.694275379180908
124383, -1.6416627168655396, -1.2815356254577637, -0.07424184679985046, 0.14779627323150635, -1.601161003112793, -1.0790185928344727, 0.0, 0.0, 0.0, 0.0, 7.63176965713501, 4.745534896850586
124402, -1.6409860849380493, -1.2884413003921509, -0.055484168231487274, 0.15353207290172577, -1.6622340679168701, -0.9538681507110596, 0.0, 0.0, 0.0, 0.0, 7.677456855773926, 4.7517571449279785
124422, -1.64075767993927, -1.28984534740448, -0.07581199705600739, 0.1546105444431305, -1.6596431732177734, -1.0791667699813843, 0.0, 0.0, 0.0, 0.0, 7.684456825256348, 4.754093647003174
124442, -1.6417256593704224, -1.2788784503936768, -0.04581179842352867, 0.15178437530994415, -1.6287834644317627, -0.8945584893226624, 0.0, 0.0, 0.0, 0.0, 7.710838317871094, 4.78095817565918
124462, -1.6406900882720947, -1.2887698411941528, -0.07373099774122238, 0.15602678060531616, -1.6601059436798096, -1.063653588294983, 0.0, 0.0, 0.0, 0.0, 7.71252965927124, 4.8056254386901855
124482, -1.6412615776062012, -1.282686710357666, -0.03906017169356346, 0.15705004334449768, -1.6749361753463745, -0.829084575176239, 0.0, 0.0, 0.0, 0.0, 7.708857536315918, 4.830182075500488
124505, -1.642045021057129, -1.2733596563339233, -0.05628279969096184, 0.15134021639823914, -1.605073094367981, -0.9615145325660706, 0.0, 0.0, 0.0, 0.0, 7.762804985046387, 4.829552173614502
124522, -1.640739917755127, -1.2868036031723022, -0.036942530423402786, 0.16216003894805908, -1.7177444696426392, -0.8122037649154663, 0.0, 0.0, 0.0, 0.0, 7.770204544067383, 4.82659912109375
124542, -1.641238808631897, -1.2805216312408447, -0.054116904735565186, 0.15703682601451874, -1.6547958850860596, -0.9425761103630066, 0.0, 0.0, 0.0, 0.0, 7.824459552764893, 4.826107501983643
124562, -1.6403728723526, -1.2891863584518433, -0.03592080995440483, 0.1646565943956375, -1.732345461845398, -0.8053997159004211, 0.0, 0.0, 0.0, 0.0, 7.820924758911133, 4.853014945983887
124583, -1.6400463581085205, -1.2918665409088135, -0.05475097522139549, 0.16488955914974213, -1.72719144821167, -0.9434520602226257, 0.0, 0.0, 0.0, 0.0, 7.867668628692627, 4.855554103851318
124603, -1.6398521661758423, -1.293501377105713, -0.036310866475105286, 0.16846664249897003, -1.7663123607635498, -0.8144989609718323, 0.0, 0.0, 0.0, 0.0, 7.8461527824401855, 4.910428047180176
124624, -1.6394871473312378, -1.296775221824646, -0.053436245769262314, 0.16838346421718597, -1.7589056491851807, -0.9359773397445679, 0.0, 0.0, 0.0, 0.0, 7.911057472229004, 4.87397575378418
124642, -1.6400940418243408, -1.2894043922424316, -0.071168452501297, 0.16372324526309967, -1.6989089250564575, -1.0525861978530884, 0.0, 0.0, 0.0, 0.0, 7.88176965713501, 4.934579372406006
124663, -1.640424370765686, -1.2860050201416016, -0.04546714201569557, 0.16471607983112335, -1.7100588083267212, -0.8989243507385254, 0.0, 0.0, 0.0, 0.0, 7.892524719238281, 4.924232482910156
124683, -1.6408913135528564, -1.2804388999938965, -0.0634610578417778, 0.16012737154960632, -1.655531883239746, -1.0218461751937866, 0.0, 0.0, 0.0, 0.0, 7.9378838539123535, 4.92457389831543
124703, -1.6404868364334106, -1.2841575145721436, -0.04422949254512787, 0.16431884467601776, -1.6963430643081665, -0.897122323513031, 0.0, 0.0, 0.0, 0.0, 7.915243625640869, 4.975955009460449
124722, -1.640515685081482, -1.2830078601837158, -0.06192363053560257, 0.16257408261299133, -1.6749866008758545, -1.0165784358978271, 0.0, 0.0, 0.0, 0.0, 7.960776329040527, 4.973501682281494
124742, -1.6405378580093384, -1.2827140092849731, -0.0445893332362175, 0.16425864398479462, -1.6964185237884521, -0.9107771515846252, 0.0, 0.0, 0.0, 0.0, 7.950520992279053, 4.990655422210693
124762, -1.6407403945922852, -1.279942274093628, -0.06166720390319824, 0.16108211874961853, -1.6555697917938232, -1.0218483209609985, 0.0, 0.0, 0.0, 0.0, 8.01087474822998, 4.953603744506836
124782, -1.640076756477356, -1.2867953777313232, -0.04089526832103729, 0.16813428699970245, -1.7338581085205078, -0.875127911567688, 0.0, 0.0, 0.0, 0.0, 7.991653919219971, 5.003044128417969
124802, -1.6401684284210205, -1.2851593494415283, -0.05796094238758087, 0.16539818048477173, -1.6991842985153198, -0.9887886643409729, 0.0, 0.0, 0.0, 0.0, 8.053918838500977, 4.994921684265137
124822, -1.639602541923523, -1.2910078763961792, -0.03978334367275238, 0.1713503897190094, -1.7628480195999146, -0.8647689819335938, 0.0, 0.0, 0.0, 0.0, 8.054499626159668, 4.988550662994385
124842, -1.6393660306930542, -1.2930855751037598, -0.05876223370432854, 0.17035481333732605, -1.7474247217178345, -0.9886857271194458, 0.0, 0.0, 0.0, 0.0, 8.105462074279785, 4.981229305267334
124862, -1.639892578125, -1.2871664762496948, -0.07626821845769882, 0.16625672578811646, -1.7017203569412231, -1.0949676036834717, 0.0, 0.0, 0.0, 0.0, 8.095375061035156, 5.001832485198975
124882, -1.6393259763717651, -1.2931888103485107, -0.05768686905503273, 0.17117710411548615, -1.7573461532592773, -0.9905454516410828, 0.0, 0.0, 0.0, 0.0, 8.14958667755127, 4.991835594177246
124902, -1.6394916772842407, -1.2911832332611084, -0.07535629719495773, 0.16842983663082123, -1.725276231765747, -1.092260479927063, 0.0, 0.0, 0.0, 0.0, 8.15011215209961, 5.012303829193115
124922, -1.6385072469711304, -1.3014016151428223, -0.05390864610671997, 0.17689824104309082, -1.8129549026489258, -0.9558970928192139, 0.0, 0.0, 0.0, 0.0, 8.144791603088379, 5.025660514831543
124942, -1.6380375623703003, -1.3059499263763428, -0.07248067855834961, 0.17778386175632477, -1.8173502683639526, -1.0649157762527466, 0.0, 0.0, 0.0, 0.0, 8.199419975280762, 5.040354251861572
124962, -1.6381192207336426, -1.3051772117614746, -0.0543983168900013, 0.17854392528533936, -1.827457070350647, -0.9542443752288818, 0.0, 0.0, 0.0, 0.0, 8.194192886352539, 5.055057048797607
124982, -1.6379179954528809, -1.306648850440979, -0.07392620295286179, 0.17788128554821014, -1.816583514213562, -1.0742323398590088, 0.0, 0.0, 0.0, 0.0, 8.265259742736816, 5.017683982849121
125002, -1.6373405456542969, -1.3126816749572754, -0.0535769946873188, 0.18220441043376923, -1.8633418083190918, -0.9454034566879272, 0.0, 0.0, 0.0, 0.0, 8.267059326171875, 5.036894798278809
125022, -1.63797128200531, -1.3056690692901611, -0.0715978667140007, 0.17685918509960175, -1.8025116920471191, -1.060653567314148, 0.0, 0.0, 0.0, 0.0, 8.312994003295898, 5.044544219970703
125042, -1.6373721361160278, -1.311934471130371, -0.05350295826792717, 0.18217439949512482, -1.8565282821655273, -0.9485204815864563, 0.0, 0.0, 0.0, 0.0, 8.32260513305664, 5.02094841003418
125062, -1.6375335454940796, -1.3098735809326172, -0.07161477953195572, 0.17886878550052643, -1.815483808517456, -1.0577850341796875, 0.0, 0.0, 0.0, 0.0, 8.384860038757324, 5.004415035247803
125083, -1.6375916004180908, -1.309226393699646, -0.09059871733188629, 0.17730723321437836, -1.7962642908096313, -1.1609922647476196, 0.0, 0.0, 0.0, 0.0, 8.370308876037598, 5.049875259399414
125102, -1.6381903886795044, -1.3032875061035156, -0.0570487454533577, 0.17693603038787842, -1.797662377357483, -0.9649673700332642, 0.0, 0.0, 0.0, 0.0, 8.441126823425293, 5.029395580291748
125123, -1.6373088359832764, -1.3115222454071045, -0.08679000288248062, 0.17802606523036957, -1.7993042469024658, -1.123468279838562, 0.0, 0.0, 0.0, 0.0, 8.453357696533203, 5.014007568359375
125144, -1.6379995346069336, -1.304750919342041, -0.05678576976060867, 0.1768054962158203, -1.7909883260726929, -0.9471108317375183, 0.0, 0.0, 0.0, 0.0, 8.503190994262695, 5.021164417266846
125163, -1.6369141340255737, -1.3152153491973877, -0.08470447361469269, 0.17927122116088867, -1.8105871677398682, -1.0973798036575317, 0.0, 0.0, 0.0, 0.0, 8.504859924316406, 5.036543846130371
125183, -1.6362426280975342, -1.3221778869628906, -0.06561262905597687, 0.18490540981292725, -1.8656275272369385, -0.9786565899848938, 0.0, 0.0, 0.0, 0.0, 8.515641212463379, 5.0241475105285645
125202, -1.6382501125335693, -1.3014699220657349, -0.0731261670589447, 0.17276182770729065, -1.7385562658309937, -1.0369386672973633, 0.0, 0.0, 0.0, 0.0, 8.556984901428223, 5.031805992126465
125222, -1.6375812292099, -1.3082407712936401, -0.051181912422180176, 0.1791030466556549, -1.806703805923462, -0.8776304721832275, 0.0, 0.0, 0.0, 0.0, 8.558521270751953, 5.0505828857421875
125244, -1.6378755569458008, -1.3048125505447388, -0.06796130537986755, 0.17450577020645142, -1.752763032913208, -0.983603298664093, 0.0, 0.0, 0.0, 0.0, 8.626776695251465, 4.9918012619018555
125263, -1.6361124515533447, -1.3226677179336548, -0.057418569922447205, 0.18446213006973267, -1.8538665771484375, -0.8848257660865784, 0.0, 0.0, 0.0, 0.0, 8.621464729309082, 5.045531272888184
125283, -1.6376537084579468, -1.3068938255310059, -0.06542931497097015, 0.17461194097995758, -1.753027319908142, -0.9493526220321655, 0.0, 0.0, 0.0, 0.0, 8.688566207885742, 4.996453285217285
125305, -1.6372429132461548, -1.3109632730484009, -0.04710548371076584, 0.1787627637386322, -1.7976115942001343, -0.8071693181991577, 0.0, 0.0, 0.0, 0.0, 8.68293285369873, 5.023148536682129
125325, -1.6372004747390747, -1.310995101928711, -0.06459569931030273, 0.17622272670269012, -1.7673039436340332, -0.9276438355445862, 0.0, 0.0, 0.0, 0.0, 8.728391647338867, 5.003358840942383
125344, -1.6372807025909424, -1.3102281093597412, -0.045753248035907745, 0.17790170013904572, -1.7857803106307983, -0.7849723100662231, 0.0, 0.0, 0.0, 0.0, 8.724898338317871, 5.0274763107299805
125363, -1.6377006769180298, -1.3054479360580444, -0.06154053658246994, 0.1714087426662445, -1.7146494388580322, -0.8970625996589661, 0.0, 0.0, 0.0, 0.0, 8.764402389526367, 5.011320114135742
125383, -1.6378211975097656, -1.3040839433670044, -0.07947330921888351, 0.1681494563817978, -1.6803839206695557, -1.0057833194732666, 0.0, 0.0, 0.0, 0.0, 8.754729270935059, 5.035675525665283
125403, -1.6371515989303589, -1.3107049465179443, -0.06176409125328064, 0.1732957810163498, -1.7268379926681519, -0.8757534027099609, 0.0, 0.0, 0.0, 0.0, 8.792287826538086, 5.06235933303833
125422, -1.6370655298233032, -1.3110352754592896, -0.08079677820205688, 0.171943798661232, -1.7055360078811646, -0.990544319152832, 0.0, 0.0, 0.0, 0.0, 8.776586532592773, 5.09025764465332
125442, -1.6382416486740112, -1.2991268634796143, -0.050349291414022446, 0.16809813678264618, -1.6694916486740112, -0.7906929850578308, 0.0, 0.0, 0.0, 0.0, 8.765281677246094, 5.108098030090332
125462, -1.6373469829559326, -1.3073149919509888, -0.07560054212808609, 0.16935621201992035, -1.677234172821045, -0.9433862566947937, 0.0, 0.0, 0.0, 0.0, 8.80588150024414, 5.099851608276367
125483, -1.6384485960006714, -1.2964028120040894, -0.048068128526210785, 0.16697685420513153, -1.6550573110580444, -0.7680481672286987, 0.0, 0.0, 0.0, 0.0, 8.788095474243164, 5.118947505950928
125505, -1.639197826385498, -1.2884496450424194, -0.0637216717004776, 0.1608143001794815, -1.5854984521865845, -0.8779070377349854, 0.0, 0.0, 0.0, 0.0, 8.819291114807129, 5.1202826499938965
125525, -1.6383376121520996, -1.2970325946807861, -0.041614942252635956, 0.16929534077644348, -1.6731520891189575, -0.7030349969863892, 0.0, 0.0, 0.0, 0.0, 8.804241180419922, 5.148021697998047
125542, -1.6390281915664673, -1.2899000644683838, -0.056877341121435165, 0.16321733593940735, -1.610221266746521, -0.8182583451271057, 0.0, 0.0, 0.0, 0.0, 8.838654518127441, 5.134171009063721
125562, -1.638492226600647, -1.2952353954315186, -0.03817528858780861, 0.16902264952659607, -1.672215461730957, -0.6683028340339661, 0.0, 0.0, 0.0, 0.0, 8.814316749572754, 5.1666693687438965
125583, -1.638784646987915, -1.2918533086776733, -0.052584633231163025, 0.1656131148338318, -1.6343700885772705, -0.7819031476974487, 0.0, 0.0, 0.0, 0.0, 8.85308837890625, 5.161859035491943
125602, -1.6382635831832886, -1.2969835996627808, -0.03612889349460602, 0.17124807834625244, -1.6903345584869385, -0.6536387801170349, 0.0, 0.0, 0.0, 0.0, 8.821067810058594, 5.18789529800415
125622, -1.6385012865066528, -1.294173240661621, -0.050527509301900864, 0.16842029988765717, -1.657079815864563, -0.7701616287231445, 0.0, 0.0, 0.0, 0.0, 8.867927551269531, 5.158126354217529
125642, -1.6383013725280762, -1.295678973197937, -0.06786161661148071, 0.16805197298526764, -1.6438814401626587, -0.8820484280586243, 0.0, 0.0, 0.0, 0.0, 8.827857971191406, 5.216009140014648
125662, -1.6380648612976074, -1.2981150150299072, -0.05056946724653244, 0.17182669043540955, -1.683034062385559, -0.7757149338722229, 0.0, 0.0, 0.0, 0.0, 8.848846435546875, 5.216881275177002
125683, -1.6399071216583252, -1.2797271013259888, -0.05767998471856117, 0.1613113135099411, -1.5761528015136719, -0.8405745625495911, 0.0, 0.0, 0.0, 0.0, 8.83320426940918, 5.215829849243164
125702, -1.6395955085754395, -1.2827214002609253, -0.03973251208662987, 0.1657457947731018, -1.6189883947372437, -0.7192907333374023, 0.0, 0.0, 0.0, 0.0, 8.797114372253418, 5.273477077484131
125722, -1.63962721824646, -1.2821325063705444, -0.05533583462238312, 0.16456948220729828, -1.6004167795181274, -0.8353649377822876, 0.0, 0.0, 0.0, 0.0, 8.834242820739746, 5.235822677612305
125742, -1.6392961740493774, -1.2853739261627197, -0.039464905858039856, 0.16928941011428833, -1.641674518585205, -0.7304468154907227, 0.0, 0.0, 0.0, 0.0, 8.810953140258789, 5.265555381774902
125762, -1.639838457107544, -1.2794829607009888, -0.054896943271160126, 0.16465012729167938, -1.5902137756347656, -0.8462527990341187, 0.0, 0.0, 0.0, 0.0, 8.84127426147461, 5.256026268005371
125782, -1.6392171382904053, -1.2852336168289185, -0.0394505076110363, 0.17112037539482117, -1.6537667512893677, -0.7485056519508362, 0.0, 0.0, 0.0, 0.0, 8.81021785736084, 5.284547328948975
125803, -1.6392992734909058, -1.2837409973144531, -0.05517148599028587, 0.16859470307826996, -1.6229397058486938, -0.8591384291648865, 0.0, 0.0, 0.0, 0.0, 8.827611923217773, 5.308914661407471
125823, -1.6385668516159058, -1.290875792503357, -0.04062550514936447, 0.175748810172081, -1.6963039636611938, -0.7654150724411011, 0.0, 0.0, 0.0, 0.0, 8.817218780517578, 5.299890041351318
125842, -1.6386325359344482, -1.289628028869629, -0.05679856985807419, 0.17324025928974152, -1.6669342517852783, -0.8770479559898376, 0.0, 0.0, 0.0, 0.0, 8.831047058105469, 5.325506210327148
125862, -1.638334035873413, -1.2927320003509521, -0.03715735301375389, 0.1785828322172165, -1.723313808441162, -0.7400383949279785, 0.0, 0.0, 0.0, 0.0, 8.81165599822998, 5.359767913818359
125883, -1.6384201049804688, -1.291489601135254, -0.05295104533433914, 0.17700959742069244, -1.7021753787994385, -0.8574731945991516, 0.0, 0.0, 0.0, 0.0, 8.85279369354248, 5.340480804443359
125903, -1.637987494468689, -1.2958734035491943, -0.03786349296569824, 0.18251818418502808, -1.7585095167160034, -0.7482904195785522, 0.0, 0.0, 0.0, 0.0, 8.830761909484863, 5.336141109466553
125922, -1.6392626762390137, -1.2830603122711182, -0.045293133705854416, 0.17470192909240723, -1.6773649454116821, -0.8147391080856323, 0.0, 0.0, 0.0, 0.0, 8.872325897216797, 5.326373100280762
125942, -1.6394052505493164, -1.2812291383743286, -0.06061633303761482, 0.17148113250732422, -1.6440563201904297, -0.9171350002288818, 0.0, 0.0, 0.0, 0.0, 8.847113609313965, 5.3527512550354
125962, -1.6388664245605469, -1.2865694761276245, -0.04435981810092926, 0.1766560971736908, -1.7017265558242798, -0.8151934146881104, 0.0, 0.0, 0.0, 0.0, 8.887152671813965, 5.334306716918945
125982, -1.6377277374267578, -1.297095537185669, -0.06930733472108841, 0.17965491116046906, -1.7301087379455566, -0.9702554941177368, 0.0, 0.0, 0.0, 0.0, 8.86367130279541, 5.360962867736816
126002, -1.637303352355957, -1.301466703414917, -0.0518752858042717, 0.18376289308071136, -1.768817663192749, -0.865215003490448, 0.0, 0.0, 0.0, 0.0, 8.842313766479492, 5.376531600952148
126022, -1.6386651992797852, -1.2880710363388062, -0.05962786450982094, 0.17575959861278534, -1.6879500150680542, -0.9262416362762451, 0.0, 0.0, 0.0, 0.0, 8.882935523986816, 5.367180347442627
126042, -1.6383005380630493, -1.2916004657745361, -0.044775690883398056, 0.17990614473819733, -1.726898193359375, -0.8357181549072266, 0.0, 0.0, 0.0, 0.0, 8.863761901855469, 5.389139175415039
126062, -1.6383109092712402, -1.291246771812439, -0.06146078184247017, 0.17846381664276123, -1.7104660272598267, -0.9483788013458252, 0.0, 0.0, 0.0, 0.0, 8.893745422363281, 5.4034013748168945
126082, -1.6382131576538086, -1.2922695875167847, -0.042066410183906555, 0.18187153339385986, -1.7472912073135376, -0.816537082195282, 0.0, 0.0, 0.0, 0.0, 8.889496803283691, 5.389739036560059
126103, -1.6384042501449585, -1.2900333404541016, -0.057978954166173935, 0.17797964811325073, -1.7077202796936035, -0.9236443042755127, 0.0, 0.0, 0.0, 0.0, 8.92984390258789, 5.397049903869629
126123, -1.637771725654602, -1.2963696718215942, -0.041446082293987274, 0.1846511960029602, -1.771831750869751, -0.8083841800689697, 0.0, 0.0, 0.0, 0.0, 8.91185188293457, 5.408641338348389
126142, -1.6370971202850342, -1.3025882244110107, -0.058800309896469116, 0.18655945360660553, -1.7811509370803833, -0.9216340780258179, 0.0, 0.0, 0.0, 0.0, 8.974956512451172, 5.360010147094727
126162, -1.6383044719696045, -1.2904983758926392, -0.07453860342502594, 0.17810171842575073, -1.6942520141601562, -1.0206106901168823, 0.0, 0.0, 0.0, 0.0, 8.952811241149902, 5.402431964874268
126182, -1.6377133131027222, -1.296339750289917, -0.05750307813286781, 0.18322543799877167, -1.744736671447754, -0.9228072166442871, 0.0, 0.0, 0.0, 0.0, 9.00887680053711, 5.350058078765869
126203, -1.6376279592514038, -1.29667329788208, -0.07507967948913574, 0.18156491219997406, -1.7226134538650513, -1.0243871212005615, 0.0, 0.0, 0.0, 0.0, 8.987561225891113, 5.395122528076172
126222, -1.6369339227676392, -1.3035951852798462, -0.05282213166356087, 0.18789535760879517, -1.7895550727844238, -0.8797749280929565, 0.0, 0.0, 0.0, 0.0, 9.059077262878418, 5.337030410766602
126244, -1.6381080150604248, -1.2918943166732788, -0.06871631741523743, 0.17890843749046326, -1.7006374597549438, -0.9852994680404663, 0.0, 0.0, 0.0, 0.0, 9.044401168823242, 5.355820655822754
126262, -1.6364967823028564, -1.3078367710113525, -0.05136917158961296, 0.18929867446422577, -1.8074032068252563, -0.8640315532684326, 0.0, 0.0, 0.0, 0.0, 9.035049438476562, 5.365212440490723
126283, -1.6372160911560059, -1.3004833459854126, -0.0678614154458046, 0.18320631980895996, -1.7433552742004395, -0.9729331731796265, 0.0, 0.0, 0.0, 0.0, 9.088483810424805, 5.345983982086182
126305, -1.6377896070480347, -1.295003890991211, -0.050775639712810516, 0.18168772757053375, -1.7267194986343384, -0.8694202899932861, 0.0, 0.0, 0.0, 0.0, 9.0691556930542, 5.39011812210083
126322, -1.6356632709503174, -1.3148584365844727, -0.0711093544960022, 0.19023512303829193, -1.8067033290863037, -0.9796574115753174, 0.0, 0.0, 0.0, 0.0, 9.11343765258789, 5.372938632965088
126342, -1.6362085342407227, -1.3098556995391846, -0.052310410887002945, 0.18974463641643524, -1.8047605752944946, -0.8679586052894592, 0.0, 0.0, 0.0, 0.0, 9.114960670471191, 5.366069793701172
126364, -1.6358338594436646, -1.313116192817688, -0.06954754889011383, 0.18933050334453583, -1.7966816425323486, -0.9723568558692932, 0.0, 0.0, 0.0, 0.0, 9.149901390075684, 5.374301433563232
126383, -1.6357390880584717, -1.3143038749694824, -0.04779861494898796, 0.19257602095603943, -1.8350321054458618, -0.8165313601493835, 0.0, 0.0, 0.0, 0.0, 9.15077018737793, 5.3554487228393555
126403, -1.636098861694336, -1.310408592224121, -0.06410887837409973, 0.1870235800743103, -1.7793906927108765, -0.9237593412399292, 0.0, 0.0, 0.0, 0.0, 9.199036598205566, 5.35805082321167
126422, -1.6362277269363403, -1.3089642524719238, -0.08147925138473511, 0.18523433804512024, -1.755117416381836, -1.0243576765060425, 0.0, 0.0, 0.0, 0.0, 9.202561378479004, 5.339192867279053
126442, -1.636331558227539, -1.3082554340362549, -0.06197570264339447, 0.1865970641374588, -1.76774263381958, -0.901982307434082, 0.0, 0.0, 0.0, 0.0, 9.245549201965332, 5.34388542175293
126462, -1.6365687847137451, -1.3055542707443237, -0.07825448364019394, 0.18299399316310883, -1.7291555404663086, -0.9955716133117676, 0.0, 0.0, 0.0, 0.0, 9.23187255859375, 5.364161491394043
126482, -1.6356369256973267, -1.3146222829818726, -0.062144938856363297, 0.18968462944030762, -1.7943880558013916, -0.8945398926734924, 0.0, 0.0, 0.0, 0.0, 9.2901611328125, 5.314647674560547
126503, -1.6358106136322021, -1.3124133348464966, -0.07863927632570267, 0.18701328337192535, -1.7609151601791382, -0.9893355369567871, 0.0, 0.0, 0.0, 0.0, 9.269430160522461, 5.3625807762146
126522, -1.6350452899932861, -1.3199479579925537, -0.055408917367458344, 0.19414022564888, -1.83301842212677, -0.8338075876235962, 0.0, 0.0, 0.0, 0.0, 9.265767097473145, 5.349941730499268
126542, -1.6350853443145752, -1.3190059661865234, -0.072674959897995, 0.19076013565063477, -1.7984919548034668, -0.9391505122184753, 0.0, 0.0, 0.0, 0.0, 9.306716918945312, 5.353488922119141
126562, -1.6349130868911743, -1.3209668397903442, -0.05388063192367554, 0.1936265081167221, -1.8292007446289062, -0.808827817440033, 0.0, 0.0, 0.0, 0.0, 9.286191940307617, 5.373378753662109
126583, -1.636759638786316, -1.303068995475769, -0.062477026134729385, 0.18228110671043396, -1.7181740999221802, -0.8847720623016357, 0.0, 0.0, 0.0, 0.0, 9.326590538024902, 5.351909160614014
126603, -1.6361504793167114, -1.3088620901107788, -0.043265290558338165, 0.18776553869247437, -1.7705066204071045, -0.727757453918457, 0.0, 0.0, 0.0, 0.0, 9.309268951416016, 5.374668598175049
126622, -1.6364973783493042, -1.3054325580596924, -0.05880621075630188, 0.18221652507781982, -1.7157593965530396, -0.8456445932388306, 0.0, 0.0, 0.0, 0.0, 9.3659029006958, 5.319087028503418
126642, -1.6359583139419556, -1.3105751276016235, -0.04065853729844093, 0.18747426569461823, -1.7630634307861328, -0.6929523944854736, 0.0, 0.0, 0.0, 0.0, 9.344841003417969, 5.344481945037842
126662, -1.636828064918518, -1.3019673824310303, -0.056438885629177094, 0.17850464582443237, -1.6727349758148193, -0.8176766633987427, 0.0, 0.0, 0.0, 0.0, 9.377229690551758, 5.3278727531433105
126683, -1.63716459274292, -1.2982794046401978, -0.07240745425224304, 0.17426742613315582, -1.626998782157898, -0.9221615791320801, 0.0, 0.0, 0.0, 0.0, 9.352090835571289, 5.355167388916016
126703, -1.6364898681640625, -1.3044825792312622, -0.05494203791022301, 0.17944474518299103, -1.674826741218567, -0.7932755351066589, 0.0, 0.0, 0.0, 0.0, 9.375262260437012, 5.377316474914551
126722, -1.6369314193725586, -1.2999738454818726, -0.07084217667579651, 0.1746218055486679, -1.6276270151138306, -0.8988247513771057, 0.0, 0.0, 0.0, 0.0, 9.366483688354492, 5.375177383422852
126744, -1.6368354558944702, -1.3008052110671997, -0.0530262216925621, 0.17748890817165375, -1.6539324522018433, -0.7763066291809082, 0.0, 0.0, 0.0, 0.0, 9.321233749389648, 5.43556022644043
126762, -1.638224482536316, -1.2873992919921875, -0.06087846681475639, 0.16864286363124847, -1.5674700736999512, -0.8369935154914856, 0.0, 0.0, 0.0, 0.0, 9.345443725585938, 5.433016300201416
126782, -1.6365612745285034, -1.3029006719589233, -0.050452820956707, 0.17969295382499695, -1.673349142074585, -0.7543057203292847, 0.0, 0.0, 0.0, 0.0, 9.325685501098633, 5.422624588012695
126803, -1.6388123035430908, -1.2814244031906128, -0.05694829672574997, 0.16588464379310608, -1.5391955375671387, -0.8110109567642212, 0.0, 0.0, 0.0, 0.0, 9.344499588012695, 5.416876792907715
126822, -1.6379115581512451, -1.2900258302688599, -0.0424036905169487, 0.1746492236852646, -1.621095895767212, -0.7092044353485107, 0.0, 0.0, 0.0, 0.0, 9.311448097229004, 5.448090076446533
126842, -1.6380815505981445, -1.2879514694213867, -0.05730028823018074, 0.17189553380012512, -1.5890140533447266, -0.8148733973503113, 0.0, 0.0, 0.0, 0.0, 9.315603256225586, 5.455526351928711
126862, -1.6380879878997803, -1.2880017757415771, -0.03960629552602768, 0.17522038519382477, -1.621147632598877, -0.6983441114425659, 0.0, 0.0, 0.0, 0.0, 9.266742706298828, 5.520619869232178
126882, -1.6377055644989014, -1.290854811668396, -0.056795570999383926, 0.17625752091407776, -1.6239728927612305, -0.8233431577682495, 0.0, 0.0, 0.0, 0.0, 9.295268058776855, 5.517850399017334
126902, -1.6370925903320312, -1.2963787317276, -0.03871326148509979, 0.1826179325580597, -1.684377670288086, -0.6982308626174927, 0.0, 0.0, 0.0, 0.0, 9.266477584838867, 5.516899108886719
126922, -1.6391125917434692, -1.2772876024246216, -0.04602709785103798, 0.17048045992851257, -1.5689035654067993, -0.771432101726532, 0.0, 0.0, 0.0, 0.0, 9.287895202636719, 5.515894412994385
126942, -1.6394647359848022, -1.2734473943710327, -0.060217756778001785, 0.1664288192987442, -1.5267125368118286, -0.8683990240097046, 0.0, 0.0, 0.0, 0.0, 9.24654483795166, 5.547921657562256
126962, -1.6389415264129639, -1.2785130739212036, -0.04081288352608681, 0.17355407774448395, -1.5991458892822266, -0.7337070107460022, 0.0, 0.0, 0.0, 0.0, 9.25831413269043, 5.573971271514893
126982, -1.6379474401474, -1.2872226238250732, -0.06381542980670929, 0.17647002637386322, -1.6252431869506836, -0.8862009644508362, 0.0, 0.0, 0.0, 0.0, 9.233445167541504, 5.566159248352051
127003, -1.6390931606292725, -1.276837944984436, -0.039260383695364, 0.1733076125383377, -1.5990650653839111, -0.7291935086250305, 0.0, 0.0, 0.0, 0.0, 9.239408493041992, 5.592252731323242
127022, -1.6388111114501953, -1.279158353805542, -0.054013047367334366, 0.1730497032403946, -1.5946117639541626, -0.8347185850143433, 0.0, 0.0, 0.0, 0.0, 9.211763381958008, 5.58054780960083
127042, -1.6378791332244873, -1.2880439758300781, -0.040114227682352066, 0.1815870702266693, -1.6779096126556396, -0.7453482151031494, 0.0, 0.0, 0.0, 0.0, 9.159222602844238, 5.6408843994140625
127062, -1.6384726762771606, -1.2824690341949463, -0.05600515380501747, 0.1766025871038437, -1.6280121803283691, -0.8631113767623901, 0.0, 0.0, 0.0, 0.0, 9.186424255371094, 5.602045059204102
127083, -1.6377143859863281, -1.2897077798843384, -0.03978437930345535, 0.18317405879497528, -1.6916840076446533, -0.7545495629310608, 0.0, 0.0, 0.0, 0.0, 9.1485595703125, 5.6252923011779785
127103, -1.6382328271865845, -1.2846812009811401, -0.05603212118148804, 0.17842261493206024, -1.6461902856826782, -0.8743100762367249, 0.0, 0.0, 0.0, 0.0, 9.165332794189453, 5.6443328857421875
127123, -1.6375799179077148, -1.2913005352020264, -0.04094574227929115, 0.18463990092277527, -1.7133136987686157, -0.778931736946106, 0.0, 0.0, 0.0, 0.0, 9.147660255432129, 5.638301849365234
127142, -1.637596845626831, -1.2908809185028076, -0.05753367766737938, 0.18209145963191986, -1.6877549886703491, -0.8928105235099792, 0.0, 0.0, 0.0, 0.0, 9.170564651489258, 5.633420467376709
127162, -1.6371558904647827, -1.295103907585144, -0.041369348764419556, 0.1875523030757904, -1.7399293184280396, -0.7884107828140259, 0.0, 0.0, 0.0, 0.0, 9.124648094177246, 5.687110424041748
127183, -1.6384271383285522, -1.283102035522461, -0.04992041364312172, 0.17943887412548065, -1.6616261005401611, -0.8600221872329712, 0.0, 0.0, 0.0, 0.0, 9.16854190826416, 5.637946605682373
127203, -1.6386710405349731, -1.2806692123413086, -0.0676930770277977, 0.17656423151493073, -1.631744146347046, -0.9754723906517029, 0.0, 0.0, 0.0, 0.0, 9.120129585266113, 5.689483642578125
127222, -1.637698769569397, -1.290008783340454, -0.05207177624106407, 0.18503037095069885, -1.7099456787109375, -0.881432056427002, 0.0, 0.0, 0.0, 0.0, 9.16583251953125, 5.639833450317383
127242, -1.6379423141479492, -1.2874473333358765, -0.06850109994411469, 0.18153983354568481, -1.6723880767822266, -0.9835857152938843, 0.0, 0.0, 0.0, 0.0, 9.124300956726074, 5.699395179748535
127262, -1.6373884677886963, -1.292876124382019, -0.0503682978451252, 0.18735411763191223, -1.729162335395813, -0.8725205063819885, 0.0, 0.0, 0.0, 0.0, 9.172998428344727, 5.646553993225098
127282, -1.6378142833709717, -1.288535714149475, -0.06794532388448715, 0.1833350509405136, -1.6884288787841797, -0.9865210056304932, 0.0, 0.0, 0.0, 0.0, 9.139252662658691, 5.667052745819092
127302, -1.637086033821106, -1.2956432104110718, -0.04697590321302414, 0.18973754346370697, -1.7519582509994507, -0.8441653251647949, 0.0, 0.0, 0.0, 0.0, 9.096654891967773, 5.716238498687744
127322, -1.6371586322784424, -1.2946215867996216, -0.06405341625213623, 0.18774710595607758, -1.7320690155029297, -0.9586179852485657, 0.0, 0.0, 0.0, 0.0, 9.159974098205566, 5.659704685211182
127342, -1.6366904973983765, -1.2990795373916626, -0.04577131196856499, 0.1918577402830124, -1.7742598056793213, -0.8381007313728333, 0.0, 0.0, 0.0, 0.0, 9.122241973876953, 5.7064995765686035
127362, -1.636817216873169, -1.2977527379989624, -0.06281433999538422, 0.18982000648975372, -1.752585768699646, -0.9537819027900696, 0.0, 0.0, 0.0, 0.0, 9.167402267456055, 5.6815900802612305
127382, -1.636329174041748, -1.3025017976760864, -0.04610094800591469, 0.19445878267288208, -1.7952039241790771, -0.8474411964416504, 0.0, 0.0, 0.0, 0.0, 9.156534194946289, 5.671222686767578
127402, -1.6370307207107544, -1.2955679893493652, -0.06272514909505844, 0.1885717213153839, -1.7403978109359741, -0.9615722298622131, 0.0, 0.0, 0.0, 0.0, 9.196290016174316, 5.646849155426025
127422, -1.6362740993499756, -1.3032984733581543, -0.04225160926580429, 0.1960349828004837, -1.8191792964935303, -0.8246918320655823, 0.0, 0.0, 0.0, 0.0, 9.157316207885742, 5.689602375030518
127442, -1.6364363431930542, -1.3014711141586304, -0.0587826743721962, 0.19271865487098694, -1.7830477952957153, -0.9355573058128357, 0.0, 0.0, 0.0, 0.0, 9.217252731323242, 5.630964756011963
127464, -1.6364316940307617, -1.3011113405227661, -0.07650768756866455, 0.19157077372074127, -1.7694966793060303, -1.0425403118133545, 0.0, 0.0, 0.0, 0.0, 9.199898719787598, 5.644172191619873
127482, -1.6363600492477417, -1.3019616603851318, -0.057388465851545334, 0.1942157745361328, -1.7930206060409546, -0.9359260201454163, 0.0, 0.0, 0.0, 0.0, 9.25688648223877, 5.618114948272705
127502, -1.6365126371383667, -1.3004653453826904, -0.07449816167354584, 0.1910329908132553, -1.7626981735229492, -1.036085844039917, 0.0, 0.0, 0.0, 0.0, 9.226041793823242, 5.658881187438965
127522, -1.6355966329574585, -1.3094286918640137, -0.05924191698431969, 0.19766363501548767, -1.8290783166885376, -0.9492040276527405, 0.0, 0.0, 0.0, 0.0, 9.2711181640625, 5.640292167663574
127542, -1.6357399225234985, -1.3079594373703003, -0.0768151581287384, 0.19428828358650208, -1.7974544763565063, -1.0511839389801025, 0.0, 0.0, 0.0, 0.0, 9.256390571594238, 5.645668029785156
127562, -1.6366409063339233, -1.3000046014785767, -0.04631198197603226, 0.19387948513031006, -1.7989463806152344, -0.8679671883583069, 0.0, 0.0, 0.0, 0.0, 9.251903533935547, 5.6239542961120605
127582, -1.6362351179122925, -1.3037965297698975, -0.06354618817567825, 0.19338999688625336, -1.7925692796707153, -1.0290406942367554, 0.0, 0.0, 0.0, 0.0, 9.308478355407715, 5.599085330963135
127603, -1.6359187364578247, -1.3073734045028687, -0.045474983751773834, 0.19744473695755005, -1.8343132734298706, -0.8495731949806213, 0.0, 0.0, 0.0, 0.0, 9.287396430969238, 5.635725498199463
127622, -1.63620924949646, -1.3043313026428223, -0.06397688388824463, 0.19282828271389008, -1.7884265184402466, -0.9724065065383911, 0.0, 0.0, 0.0, 0.0, 9.348264694213867, 5.576175689697266
127644, -1.6362392902374268, -1.3043851852416992, -0.04570035636425018, 0.19473896920681, -1.807241678237915, -0.8533851504325867, 0.0, 0.0, 0.0, 0.0, 9.327181816101074, 5.616466999053955
127662, -1.6362184286117554, -1.3042271137237549, -0.06312321871519089, 0.19202911853790283, -1.774343729019165, -0.9642876982688904, 0.0, 0.0, 0.0, 0.0, 9.393132209777832, 5.554982662200928
127682, -1.636240839958191, -1.3034464120864868, -0.08064159005880356, 0.19037461280822754, -1.7533411979675293, -1.0649625062942505, 0.0, 0.0, 0.0, 0.0, 9.384355545043945, 5.565343379974365
127703, -1.6358349323272705, -1.3074384927749634, -0.06186459958553314, 0.19305548071861267, -1.782091736793518, -0.9526387453079224, 0.0, 0.0, 0.0, 0.0, 9.429561614990234, 5.565110206604004
127722, -1.6358877420425415, -1.3068126440048218, -0.07950136065483093, 0.19111235439777374, -1.764218807220459, -1.0536341667175293, 0.0, 0.0, 0.0, 0.0, 9.429037094116211, 5.544084072113037
127742, -1.6353753805160522, -1.312040090560913, -0.05831990763545036, 0.19528236985206604, -1.807481050491333, -0.9141519665718079, 0.0, 0.0, 0.0, 0.0, 9.476485252380371, 5.540505886077881
127762, -1.6354725360870361, -1.3108049631118774, -0.07580381631851196, 0.19283095002174377, -1.784767985343933, -1.0178393125534058, 0.0, 0.0, 0.0, 0.0, 9.477664947509766, 5.516705513000488
127784, -1.636151909828186, -1.3048590421676636, -0.056763432919979095, 0.1907380372285843, -1.7656865119934082, -0.9012502431869507, 0.0, 0.0, 0.0, 0.0, 9.480279922485352, 5.526027202606201
127803, -1.6351443529129028, -1.3141123056411743, -0.07446208596229553, 0.19384489953517914, -1.795164942741394, -0.9996134042739868, 0.0, 0.0, 0.0, 0.0, 9.514473915100098, 5.532675266265869
127823, -1.6352405548095703, -1.3137316703796387, -0.056481797248125076, 0.19463925063610077, -1.8086098432540894, -0.885528028011322, 0.0, 0.0, 0.0, 0.0, 9.517488479614258, 5.513225555419922
127842, -1.6354587078094482, -1.3113735914230347, -0.07306957244873047, 0.19057545065879822, -1.7663204669952393, -0.984331488609314, 0.0, 0.0, 0.0, 0.0, 9.559986114501953, 5.517088890075684
127862, -1.6354057788848877, -1.3124828338623047, -0.0507732518017292, 0.19372600317001343, -1.8007018566131592, -0.8203374147415161, 0.0, 0.0, 0.0, 0.0, 9.555444717407227, 5.493099689483643
127883, -1.6352832317352295, -1.313504695892334, -0.06828596442937851, 0.19167335331439972, -1.7782506942749023, -0.9346009492874146, 0.0, 0.0, 0.0, 0.0, 9.61023235321045, 5.464630126953125
127903, -1.6342428922653198, -1.3234736919403076, -0.049027618020772934, 0.19949863851070404, -1.8507322072982788, -0.7723003029823303, 0.0, 0.0, 0.0, 0.0, 9.585675239562988, 5.507146835327148
127923, -1.634455919265747, -1.320800542831421, -0.06545692682266235, 0.19519495964050293, -1.8032143115997314, -0.8877556920051575, 0.0, 0.0, 0.0, 0.0, 9.657037734985352, 5.4527153968811035
127945, -1.634652853012085, -1.31846022605896, -0.08287417888641357, 0.1903555542230606, -1.7547762393951416, -0.9864591956138611, 0.0, 0.0, 0.0, 0.0, 9.637923240661621, 5.462336540222168
127962, -1.6346287727355957, -1.31886625289917, -0.06400591880083084, 0.19144503772258759, -1.7676223516464233, -0.8578171730041504, 0.0, 0.0, 0.0, 0.0, 9.688958168029785, 5.4393086433410645
127982, -1.635029911994934, -1.3149276971817017, -0.08060920238494873, 0.18647906184196472, -1.7201474905014038, -0.960293710231781, 0.0, 0.0, 0.0, 0.0, 9.665576934814453, 5.461936950683594
128002, -1.6347553730010986, -1.3177642822265625, -0.06056349724531174, 0.18891844153404236, -1.7456176280975342, -0.8180100321769714, 0.0, 0.0, 0.0, 0.0, 9.635659217834473, 5.511119842529297
128023, -1.6349010467529297, -1.3160532712936401, -0.07781438529491425, 0.18573132157325745, -1.7123792171478271, -0.9263736605644226, 0.0, 0.0, 0.0, 0.0, 9.672858238220215, 5.486526012420654
128042, -1.6356781721115112, -1.3092000484466553, -0.051687683910131454, 0.18450553715229034, -1.7054213285446167, -0.7512090802192688, 0.0, 0.0, 0.0, 0.0, 9.657500267028809, 5.47971773147583
128062, -1.6367051601409912, -1.2993828058242798, -0.06654240190982819, 0.17638547718524933, -1.6210142374038696, -0.8573586940765381, 0.0, 0.0, 0.0, 0.0, 9.672710418701172, 5.501220703125
128082, -1.6361135244369507, -1.3049306869506836, -0.04330674558877945, 0.18360766768455505, -1.6865116357803345, -0.6647735834121704, 0.0, 0.0, 0.0, 0.0, 9.653312683105469, 5.490760803222656
128102, -1.6371444463729858, -1.2947030067443848, -0.05721358582377434, 0.17510242760181427, -1.6000651121139526, -0.7752575278282166, 0.0, 0.0, 0.0, 0.0, 9.676656723022461, 5.4981608390808105
128123, -1.6368333101272583, -1.2976964712142944, -0.039140213280916214, 0.1805056631565094, -1.651178002357483, -0.6358411312103271, 0.0, 0.0, 0.0, 0.0, 9.640951156616211, 5.528665065765381
128143, -1.6372089385986328, -1.2935302257537842, -0.05313817411661148, 0.17530839145183563, -1.5953863859176636, -0.7442975044250488, 0.0, 0.0, 0.0, 0.0, 9.660199165344238, 5.526152610778809
128164, -1.6368789672851562, -1.296950101852417, -0.03654792159795761, 0.1810978502035141, -1.6515142917633057, -0.6183622479438782, 0.0, 0.0, 0.0, 0.0, 9.634182929992676, 5.547007083892822
128183, -1.6379848718643188, -1.285860300064087, -0.05094805732369423, 0.1720093935728073, -1.5613532066345215, -0.7379176020622253, 0.0, 0.0, 0.0, 0.0, 9.642950057983398, 5.549220561981201
128203, -1.6378426551818848, -1.2866300344467163, -0.0650714784860611, 0.17126910388469696, -1.5511211156845093, -0.8314181566238403, 0.0, 0.0, 0.0, 0.0, 9.613554000854492, 5.550404071807861
128223, -1.6370631456375122, -1.2938061952590942, -0.05004742741584778, 0.17874130606651306, -1.6225700378417969, -0.735501229763031, 0.0, 0.0, 0.0, 0.0, 9.619330406188965, 5.54408597946167
128244, -1.6375371217727661, -1.2890952825546265, -0.06406240910291672, 0.17426733672618866, -1.5780037641525269, -0.8305577635765076, 0.0, 0.0, 0.0, 0.0, 9.575756072998047, 5.614768028259277
128262, -1.6366965770721436, -1.2970942258834839, -0.048596031963825226, 0.18231351673603058, -1.655930519104004, -0.7336159348487854, 0.0, 0.0, 0.0, 0.0, 9.548821449279785, 5.6071929931640625
128282, -1.6386412382125854, -1.2788537740707397, -0.05564605072140694, 0.1703891158103943, -1.5430082082748413, -0.7934975624084473, 0.0, 0.0, 0.0, 0.0, 9.553709030151367, 5.6080641746521
128302, -1.638464093208313, -1.2806087732315063, -0.040638357400894165, 0.17428891360759735, -1.5835678577423096, -0.6970294713973999, 0.0, 0.0, 0.0, 0.0, 9.522350311279297, 5.623659133911133
128327, -1.6374083757400513, -1.2897871732711792, -0.06320630759000778, 0.177994966506958, -1.6150617599487305, -0.8479836583137512, 0.0, 0.0, 0.0, 0.0, 9.533394813537598, 5.624390125274658
128342, -1.6380338668823242, -1.2843209505081177, -0.039338331669569016, 0.17813709378242493, -1.6215174198150635, -0.70224529504776, 0.0, 0.0, 0.0, 0.0, 9.490981101989746, 5.678488731384277
128362, -1.6377508640289307, -1.2868918180465698, -0.05561833456158638, 0.17930687963962555, -1.6278895139694214, -0.8208382725715637, 0.0, 0.0, 0.0, 0.0, 9.51309871673584, 5.6361260414123535
128382, -1.637161135673523, -1.2926232814788818, -0.03933536633849144, 0.1854994148015976, -1.6859749555587769, -0.7135676145553589, 0.0, 0.0, 0.0, 0.0, 9.482651710510254, 5.662708282470703
128402, -1.6378310918807983, -1.2860020399093628, -0.05409964174032211, 0.18066157400608063, -1.6353687047958374, -0.8247547745704651, 0.0, 0.0, 0.0, 0.0, 9.489313125610352, 5.6866888999938965
128422, -1.6371551752090454, -1.2925355434417725, -0.03498070687055588, 0.18910688161849976, -1.7171560525894165, -0.6892678737640381, 0.0, 0.0, 0.0, 0.0, 9.45455551147461, 5.684733867645264
128443, -1.6369380950927734, -1.2941186428070068, -0.0511297844350338, 0.18782849609851837, -1.7001606225967407, -0.8070904612541199, 0.0, 0.0, 0.0, 0.0, 9.471750259399414, 5.6996989250183105
128462, -1.6384092569351196, -1.2805660963058472, -0.05829506739974022, 0.17904937267303467, -1.6172224283218384, -0.8643738031387329, 0.0, 0.0, 0.0, 0.0, 9.44767951965332, 5.688831329345703
128482, -1.637996792793274, -1.2845778465270996, -0.04213710501790047, 0.18435686826705933, -1.6674062013626099, -0.7566967606544495, 0.0, 0.0, 0.0, 0.0, 9.471240997314453, 5.679520606994629
128502, -1.6386407613754272, -1.278364896774292, -0.05690076947212219, 0.17889007925987244, -1.6146758794784546, -0.8649225831031799, 0.0, 0.0, 0.0, 0.0, 9.440274238586426, 5.692295551300049
128523, -1.6381016969680786, -1.2837883234024048, -0.041701432317495346, 0.18484196066856384, -1.6739568710327148, -0.7681776285171509, 0.0, 0.0, 0.0, 0.0, 9.406842231750488, 5.716488361358643
128543, -1.6381253004074097, -1.2830095291137695, -0.05735771730542183, 0.18196937441825867, -1.6440820693969727, -0.8761916756629944, 0.0, 0.0, 0.0, 0.0, 9.422679901123047, 5.7317657470703125
128562, -1.6375945806503296, -1.2881041765213013, -0.04184415191411972, 0.18809692561626434, -1.698981761932373, -0.7809683084487915, 0.0, 0.0, 0.0, 0.0, 9.405016899108887, 5.713820934295654
128582, -1.6375477313995361, -1.2878459692001343, -0.0579899400472641, 0.1858779340982437, -1.673891544342041, -0.8903328776359558, 0.0, 0.0, 0.0, 0.0, 9.424921035766602, 5.728537559509277
128602, -1.6374444961547852, -1.2892045974731445, -0.03782622516155243, 0.18941479921340942, -1.7155699729919434, -0.7553091049194336, 0.0, 0.0, 0.0, 0.0, 9.393733978271484, 5.7485785484313965
128623, -1.6380854845046997, -1.2831918001174927, -0.053007956594228745, 0.18396905064582825, -1.663944125175476, -0.8678759336471558, 0.0, 0.0, 0.0, 0.0, 9.451153755187988, 5.693143844604492
128642, -1.6370707750320435, -1.2927186489105225, -0.03709300607442856, 0.19215261936187744, -1.739664912223816, -0.7568956613540649, 0.0, 0.0, 0.0, 0.0, 9.415853500366211, 5.736093044281006
128662, -1.6366955041885376, -1.2958859205245972, -0.05460464581847191, 0.19244341552257538, -1.7395734786987305, -0.8813855648040771, 0.0, 0.0, 0.0, 0.0, 9.462860107421875, 5.684962749481201
128684, -1.6362724304199219, -1.3001108169555664, -0.03837569057941437, 0.1966014802455902, -1.7806365489959717, -0.7723046541213989, 0.0, 0.0, 0.0, 0.0, 9.433141708374023, 5.736910343170166
128702, -1.636997938156128, -1.2931466102600098, -0.05412985384464264, 0.19013363122940063, -1.7191356420516968, -0.8893420696258545, 0.0, 0.0, 0.0, 0.0, 9.484207153320312, 5.6851091384887695
128722, -1.6369832754135132, -1.292854905128479, -0.07098592072725296, 0.1885249763727188, -1.7046130895614624, -0.9946864247322083, 0.0, 0.0, 0.0, 0.0, 9.456385612487793, 5.693263530731201
128742, -1.6364976167678833, -1.2974504232406616, -0.0551331453025341, 0.1923467516899109, -1.7424538135528564, -0.8987003564834595, 0.0, 0.0, 0.0, 0.0, 9.47667121887207, 5.706657409667969
128762, -1.6365113258361816, -1.2970690727233887, -0.07227516919374466, 0.19098123908042908, -1.7263574600219727, -1.004426121711731, 0.0, 0.0, 0.0, 0.0, 9.466232299804688, 5.686065196990967
128784, -1.6359424591064453, -1.3025026321411133, -0.05090782791376114, 0.19597366452217102, -1.7766644954681396, -0.8631786704063416, 0.0, 0.0, 0.0, 0.0, 9.434915542602539, 5.725502967834473
128803, -1.636687159538269, -1.2956395149230957, -0.06739974766969681, 0.1896209567785263, -1.7186734676361084, -0.9709738492965698, 0.0, 0.0, 0.0, 0.0, 9.503010749816895, 5.672637939453125
128822, -1.63603675365448, -1.3019099235534668, -0.05036060884594917, 0.19514262676239014, -1.7770015001296997, -0.85834801197052, 0.0, 0.0, 0.0, 0.0, 9.477540016174316, 5.6816229820251465
128842, -1.6356267929077148, -1.3055317401885986, -0.06730254739522934, 0.19474123418331146, -1.772514820098877, -0.9624515175819397, 0.0, 0.0, 0.0, 0.0, 9.512469291687012, 5.6872663497924805
128862, -1.6357511281967163, -1.3049837350845337, -0.05020548775792122, 0.1956089735031128, -1.786149501800537, -0.855221688747406, 0.0, 0.0, 0.0, 0.0, 9.49675464630127, 5.701031684875488
128882, -1.6364408731460571, -1.2982473373413086, -0.06660246849060059, 0.18969129025936127, -1.7252968549728394, -0.9647364616394043, 0.0, 0.0, 0.0, 0.0, 9.52721881866455, 5.675108432769775
128902, -1.6359150409698486, -1.3035550117492676, -0.04518531262874603, 0.19542327523231506, -1.7783409357070923, -0.8058382272720337, 0.0, 0.0, 0.0, 0.0, 9.50466537475586, 5.69125509262085
128923, -1.6360129117965698, -1.302578091621399, -0.06171107292175293, 0.19251962006092072, -1.7511818408966064, -0.9186076521873474, 0.0, 0.0, 0.0, 0.0, 9.564860343933105, 5.629545211791992
128943, -1.6361724138259888, -1.3007667064666748, -0.07820919156074524, 0.18972325325012207, -1.7181448936462402, -1.0118659734725952, 0.0, 0.0, 0.0, 0.0, 9.538333892822266, 5.644479751586914
128962, -1.6356487274169922, -1.3058888912200928, -0.06035393849015236, 0.19426614046096802, -1.7641724348068237, -0.8990448713302612, 0.0, 0.0, 0.0, 0.0, 9.579171180725098, 5.649008274078369
128982, -1.6363818645477295, -1.2989320755004883, -0.07649905979633331, 0.18856284022331238, -1.7077662944793701, -0.9973954558372498, 0.0, 0.0, 0.0, 0.0, 9.560914993286133, 5.628111839294434
129002, -1.6359268426895142, -1.3034027814865112, -0.05804750695824623, 0.1920485645532608, -1.7430942058563232, -0.882121741771698, 0.0, 0.0, 0.0, 0.0, 9.598282814025879, 5.632320880889893
129023, -1.6360292434692383, -1.3022900819778442, -0.07465456426143646, 0.19008027017116547, -1.722669243812561, -0.9824899435043335, 0.0, 0.0, 0.0, 0.0, 9.590353012084961, 5.614081382751465
129045, -1.6361355781555176, -1.3017133474349976, -0.05400415509939194, 0.1918300986289978, -1.7409825325012207, -0.850365936756134, 0.0, 0.0, 0.0, 0.0, 9.563965797424316, 5.652418613433838
129062, -1.6357290744781494, -1.305230736732483, -0.0704977810382843, 0.19184039533138275, -1.7390872240066528, -0.9484897255897522, 0.0, 0.0, 0.0, 0.0, 9.610793113708496, 5.633212089538574
129082, -1.635793685913086, -1.3049869537353516, -0.05310283601284027, 0.19308756291866302, -1.7573940753936768, -0.8334219455718994, 0.0, 0.0, 0.0, 0.0, 9.587470054626465, 5.643453598022461
129102, -1.6358447074890137, -1.3043551445007324, -0.06972567737102509, 0.19016991555690765, -1.727195143699646, -0.9352956414222717, 0.0, 0.0, 0.0, 0.0, 9.639758110046387, 5.588102340698242
129123, -1.634533166885376, -1.3167310953140259, -0.05337684229016304, 0.19960995018482208, -1.8178166151046753, -0.8203856348991394, 0.0, 0.0, 0.0, 0.0, 9.61973762512207, 5.640607833862305
129142, -1.6360973119735718, -1.3020142316818237, -0.06312660127878189, 0.1895098239183426, -1.7179839611053467, -0.8942916393280029, 0.0, 0.0, 0.0, 0.0, 9.656209945678711, 5.625541687011719
129162, -1.6352366209030151, -1.3103686571121216, -0.04565896838903427, 0.19724951684474945, -1.7949386835098267, -0.7574431300163269, 0.0, 0.0, 0.0, 0.0, 9.644061088562012, 5.6099534034729
129182, -1.6355922222137451, -1.3067102432250977, -0.06097787618637085, 0.1911405622959137, -1.734269142150879, -0.8657982349395752, 0.0, 0.0, 0.0, 0.0, 9.682559967041016, 5.594895362854004
129202, -1.6352276802062988, -1.3102943897247314, -0.04395017772912979, 0.1950749158859253, -1.7780100107192993, -0.7265917062759399, 0.0, 0.0, 0.0, 0.0, 9.64738941192627, 5.645416259765625
129223, -1.635551929473877, -1.3069285154342651, -0.059552278369665146, 0.18949216604232788, -1.7256858348846436, -0.8437398076057434, 0.0, 0.0, 0.0, 0.0, 9.69768238067627, 5.592074871063232
129242, -1.6355741024017334, -1.3062876462936401, -0.07714734226465225, 0.18560975790023804, -1.6874589920043945, -0.9488715529441833, 0.0, 0.0, 0.0, 0.0, 9.658224105834961, 5.644418239593506
129262, -1.6346445083618164, -1.315150499343872, -0.05890537425875664, 0.19347377121448517, -1.7571165561676025, -0.8193677067756653, 0.0, 0.0, 0.0, 0.0, 9.702508926391602, 5.598824977874756
129282, -1.6353957653045654, -1.3081731796264648, -0.07653223723173141, 0.18619926273822784, -1.6890865564346313, -0.9329196810722351, 0.0, 0.0, 0.0, 0.0, 9.68187427520752, 5.6199951171875
129302, -1.6367526054382324, -1.2962340116500854, -0.04859500378370285, 0.18163681030273438, -1.651137113571167, -0.7498526573181152, 0.0, 0.0, 0.0, 0.0, 9.655957221984863, 5.634499549865723
129322, -1.6367307901382446, -1.2959978580474854, -0.06547009944915771, 0.1795041412115097, -1.6264379024505615, -0.8651299476623535, 0.0, 0.0, 0.0, 0.0, 9.686796188354492, 5.620517730712891
129343, -1.6362749338150024, -1.3005435466766357, -0.04601024463772774, 0.18433408439159393, -1.6732332706451416, -0.719011664390564, 0.0, 0.0, 0.0, 0.0, 9.637551307678223, 5.680657863616943
129363, -1.6365139484405518, -1.2981085777282715, -0.0619383230805397, 0.18103428184986115, -1.6387501955032349, -0.8337421417236328, 0.0, 0.0, 0.0, 0.0, 9.67773151397705, 5.668211460113525
129382, -1.6356006860733032, -1.3065909147262573, -0.045400697737932205, 0.18862037360668182, -1.7085161209106445, -0.7052076458930969, 0.0, 0.0, 0.0, 0.0, 9.65184497833252, 5.658500671386719
129402, -1.6362383365631104, -1.30021071434021, -0.06189033016562462, 0.18276996910572052, -1.6479427814483643, -0.8262872099876404, 0.0, 0.0, 0.0, 0.0, 9.669624328613281, 5.652634143829346
129422, -1.6358529329299927, -1.304174780845642, -0.04271566867828369, 0.18857517838478088, -1.7070914506912231, -0.6857903599739075, 0.0, 0.0, 0.0, 0.0, 9.618985176086426, 5.684628009796143
129445, -1.6384514570236206, -1.2801517248153687, -0.05038173869252205, 0.1722140908241272, -1.5529718399047852, -0.7622745633125305, 0.0, 0.0, 0.0, 0.0, 9.626959800720215, 5.708184242248535
129462, -1.6372510194778442, -1.2914454936981201, -0.03431198000907898, 0.18265081942081451, -1.6522221565246582, -0.6275402903556824, 0.0, 0.0, 0.0, 0.0, 9.575669288635254, 5.739295959472656
129482, -1.6372970342636108, -1.290202021598816, -0.0493057556450367, 0.17937800288200378, -1.6139005422592163, -0.7461932301521301, 0.0, 0.0, 0.0, 0.0, 9.596632957458496, 5.697232723236084
129504, -1.6374396085739136, -1.2885050773620605, -0.06516002118587494, 0.17721864581108093, -1.5927847623825073, -0.8564388751983643, 0.0, 0.0, 0.0, 0.0, 9.543787956237793, 5.76384162902832
129522, -1.6374437808990479, -1.2883940935134888, -0.047178659588098526, 0.1802055537700653, -1.6215803623199463, -0.7434511780738831, 0.0, 0.0, 0.0, 0.0, 9.572229385375977, 5.715501308441162
129542, -1.6375792026519775, -1.2869253158569336, -0.062462251633405685, 0.17804424464702606, -1.5980267524719238, -0.8468578457832336, 0.0, 0.0, 0.0, 0.0, 9.529314994812012, 5.734469413757324
129562, -1.6371017694473267, -1.2915140390396118, -0.04482822120189667, 0.18409095704555511, -1.6586403846740723, -0.7398293614387512, 0.0, 0.0, 0.0, 0.0, 9.539459228515625, 5.7325663566589355
129582, -1.6374934911727905, -1.287614107131958, -0.05944325029850006, 0.18023347854614258, -1.6199772357940674, -0.8421030044555664, 0.0, 0.0, 0.0, 0.0, 9.491641998291016, 5.762149333953857
129602, -1.6382129192352295, -1.281680941581726, -0.036533575505018234, 0.1798228770494461, -1.62161386013031, -0.7023949027061462, 0.0, 0.0, 0.0, 0.0, 9.454235076904297, 5.780081748962402
129623, -1.6374229192733765, -1.2882903814315796, -0.06009310111403465, 0.1825641393661499, -1.6434195041656494, -0.869744598865509, 0.0, 0.0, 0.0, 0.0, 9.449771881103516, 5.811182022094727
129643, -1.6385974884033203, -1.2781294584274292, -0.03260449320077896, 0.18076379597187042, -1.6295396089553833, -0.6893332600593567, 0.0, 0.0, 0.0, 0.0, 9.409747123718262, 5.832844257354736
129662, -1.6385643482208252, -1.278298020362854, -0.04804312065243721, 0.17976917326450348, -1.6170048713684082, -0.8101637959480286, 0.0, 0.0, 0.0, 0.0, 9.441638946533203, 5.785292625427246
129682, -1.6381371021270752, -1.2825733423233032, -0.03173462674021721, 0.18496257066726685, -1.670903205871582, -0.6942192316055298, 0.0, 0.0, 0.0, 0.0, 9.390922546386719, 5.8366804122924805
129702, -1.6385825872421265, -1.2780346870422363, -0.04705232009291649, 0.1807481199502945, -1.6261156797409058, -0.8161894679069519, 0.0, 0.0, 0.0, 0.0, 9.425223350524902, 5.78835916519165
129722, -1.637815237045288, -1.2854413986206055, -0.03301799297332764, 0.18875367939472198, -1.7026872634887695, -0.7218044996261597, 0.0, 0.0, 0.0, 0.0, 9.370017051696777, 5.840611457824707
129742, -1.6384389400482178, -1.2795079946517944, -0.047994837164878845, 0.18325336277484894, -1.6487714052200317, -0.8404733538627625, 0.0, 0.0, 0.0, 0.0, 9.390545845031738, 5.827124118804932
129762, -1.638002634048462, -1.2830325365066528, -0.0641627237200737, 0.18406300246715546, -1.6523858308792114, -0.944187343120575, 0.0, 0.0, 0.0, 0.0, 9.345355033874512, 5.849514007568359
129782, -1.6380996704101562, -1.282431721687317, -0.048660967499017715, 0.1857668161392212, -1.6693964004516602, -0.8587060570716858, 0.0, 0.0, 0.0, 0.0, 9.384922981262207, 5.799190521240234
129802, -1.6375945806503296, -1.2863378524780273, -0.0652945414185524, 0.18686312437057495, -1.674220323562622, -0.9637497663497925, 0.0, 0.0, 0.0, 0.0, 9.357812881469727, 5.81577730178833
129822, -1.6374324560165405, -1.2881522178649902, -0.04983130469918251, 0.18966004252433777, -1.704818606376648, -0.8758241534233093, 0.0, 0.0, 0.0, 0.0, 9.330976486206055, 5.827462673187256
129842, -1.6373686790466309, -1.288294792175293, -0.06722872704267502, 0.18766666948795319, -1.6837184429168701, -0.9840263724327087, 0.0, 0.0, 0.0, 0.0, 9.335509300231934, 5.853160381317139
129862, -1.6367149353027344, -1.2949148416519165, -0.04694368317723274, 0.19430390000343323, -1.7540699243545532, -0.8512937426567078, 0.0, 0.0, 0.0, 0.0, 9.315826416015625, 5.831568717956543
129882, -1.6379467248916626, -1.2835121154785156, -0.05571705102920532, 0.18652065098285675, -1.6798194646835327, -0.9190718531608582, 0.0, 0.0, 0.0, 0.0, 9.360727310180664, 5.811668872833252
129903, -1.636013388633728, -1.3013108968734741, -0.04633457586169243, 0.19876304268836975, -1.7931609153747559, -0.8427759408950806, 0.0, 0.0, 0.0, 0.0, 9.336255073547363, 5.820780277252197
129922, -1.6367372274398804, -1.2942776679992676, -0.06295735388994217, 0.1932508498430252, -1.7347638607025146, -0.9571502208709717, 0.0, 0.0, 0.0, 0.0, 9.37303638458252, 5.801713466644287
129942, -1.6362125873565674, -1.2993826866149902, -0.04595664143562317, 0.19761444628238678, -1.7790864706039429, -0.8474982380867004, 0.0, 0.0, 0.0, 0.0, 9.337145805358887, 5.842855930328369
129962, -1.6362202167510986, -1.2987905740737915, -0.063140369951725, 0.19556090235710144, -1.7603057622909546, -0.962939441204071, 0.0, 0.0, 0.0, 0.0, 9.369751930236816, 5.828968524932861
129982, -1.6368411779403687, -1.2931727170944214, -0.07996349036693573, 0.19047792255878448, -1.717355489730835, -1.0623821020126343, 0.0, 0.0, 0.0, 0.0, 9.349099159240723, 5.837035655975342
130002, -1.6360222101211548, -1.301156997680664, -0.05873485654592514, 0.1964389681816101, -1.7791025638580322, -0.9316011071205139, 0.0, 0.0, 0.0, 0.0, 9.4115571975708, 5.778034687042236
130022, -1.6360496282577515, -1.3008061647415161, -0.07639411091804504, 0.1945301592350006, -1.7640072107315063, -1.03852117061615, 0.0, 0.0, 0.0, 0.0, 9.374960899353027, 5.823172092437744
130042, -1.6374355554580688, -1.2886842489242554, -0.048782214522361755, 0.18960213661193848, -1.7233103513717651, -0.8816632628440857, 0.0, 0.0, 0.0, 0.0, 9.41825008392334, 5.803145408630371
130062, -1.6354013681411743, -1.307224988937378, -0.07670184969902039, 0.19727160036563873, -1.7944786548614502, -1.0399075746536255, 0.0, 0.0, 0.0, 0.0, 9.408062934875488, 5.781252384185791
130082, -1.6368807554244995, -1.2944635152816772, -0.04886265844106674, 0.19189026951789856, -1.7504898309707642, -0.8817736506462097, 0.0, 0.0, 0.0, 0.0, 9.373642921447754, 5.817989349365234
130102, -1.6364846229553223, -1.2980551719665527, -0.0659557580947876, 0.19173821806907654, -1.7468448877334595, -0.9870832562446594, 0.0, 0.0, 0.0, 0.0, 9.418968200683594, 5.793294429779053
130122, -1.6366502046585083, -1.2969791889190674, -0.04524769261479378, 0.19433671236038208, -1.7745563983917236, -0.8522087335586548, 0.0, 0.0, 0.0, 0.0, 9.414820671081543, 5.767780303955078
130142, -1.6368868350982666, -1.2945011854171753, -0.06156288459897041, 0.18985378742218018, -1.7301002740859985, -0.9588341116905212, 0.0, 0.0, 0.0, 0.0, 9.462316513061523, 5.767148017883301
130162, -1.6355407238006592, -1.3074367046356201, -0.04524097591638565, 0.19973811507225037, -1.8272351026535034, -0.8361403346061707, 0.0, 0.0, 0.0, 0.0, 9.438902854919434, 5.776816368103027
130182, -1.6358041763305664, -1.304574966430664, -0.061723969876766205, 0.1947822868824005, -1.7786705493927002, -0.9454368352890015, 0.0, 0.0, 0.0, 0.0, 9.508331298828125, 5.714060306549072
130202, -1.6358051300048828, -1.3050154447555542, -0.043718550354242325, 0.19678127765655518, -1.8018347024917603, -0.8225913047790527, 0.0, 0.0, 0.0, 0.0, 9.481964111328125, 5.718046188354492
130223, -1.6359412670135498, -1.3035972118377686, -0.06041785329580307, 0.19330193102359772, -1.7700178623199463, -0.9379308223724365, 0.0, 0.0, 0.0, 0.0, 9.531841278076172, 5.69166898727417
130243, -1.6356089115142822, -1.3066184520721436, -0.077939972281456, 0.19257120788097382, -1.7635002136230469, -1.0364311933517456, 0.0, 0.0, 0.0, 0.0, 9.505963325500488, 5.730335712432861
130262, -1.6357370615005493, -1.3060933351516724, -0.06077856197953224, 0.193220317363739, -1.7735962867736816, -0.9377059936523438, 0.0, 0.0, 0.0, 0.0, 9.552145004272461, 5.699527263641357
130282, -1.6359801292419434, -1.3036422729492188, -0.07968037575483322, 0.18963229656219482, -1.7396796941757202, -1.0469951629638672, 0.0, 0.0, 0.0, 0.0, 9.533631324768066, 5.7074875831604
130303, -1.6354881525039673, -1.3088605403900146, -0.0570058599114418, 0.19427593052387238, -1.7869142293930054, -0.8928101062774658, 0.0, 0.0, 0.0, 0.0, 9.599481582641602, 5.642695426940918
130323, -1.6356061697006226, -1.3077597618103027, -0.07433856278657913, 0.19185210764408112, -1.7623645067214966, -0.9983848333358765, 0.0, 0.0, 0.0, 0.0, 9.577249526977539, 5.659838676452637
130342, -1.635058045387268, -1.3132284879684448, -0.05499430000782013, 0.19640770554542542, -1.8071585893630981, -0.863156259059906, 0.0, 0.0, 0.0, 0.0, 9.55600357055664, 5.707854747772217
130364, -1.6352086067199707, -1.3118000030517578, -0.07437443733215332, 0.19308380782604218, -1.7740505933761597, -0.9822500944137573, 0.0, 0.0, 0.0, 0.0, 9.60747241973877, 5.678097248077393
130382, -1.634060025215149, -1.3227568864822388, -0.055056482553482056, 0.20101754367351532, -1.8491252660751343, -0.84977126121521, 0.0, 0.0, 0.0, 0.0, 9.60488224029541, 5.655994892120361
130402, -1.6348214149475098, -1.3154871463775635, -0.07260776311159134, 0.19461673498153687, -1.7841521501541138, -0.9634166359901428, 0.0, 0.0, 0.0, 0.0, 9.641643524169922, 5.65679407119751
130423, -1.633987545967102, -1.3235893249511719, -0.05521450564265251, 0.20133481919765472, -1.849772334098816, -0.8442286849021912, 0.0, 0.0, 0.0, 0.0, 9.638688087463379, 5.631749153137207
130445, -1.636258602142334, -1.3025761842727661, -0.06254810839891434, 0.1876121312379837, -1.7186989784240723, -0.9076930284500122, 0.0, 0.0, 0.0, 0.0, 9.670360565185547, 5.637703895568848
130462, -1.6363357305526733, -1.3021953105926514, -0.04438742250204086, 0.1894703209400177, -1.739351749420166, -0.7753211855888367, 0.0, 0.0, 0.0, 0.0, 9.660361289978027, 5.615257263183594
130482, -1.6362709999084473, -1.3024766445159912, -0.06111907586455345, 0.1866137981414795, -1.7113643884658813, -0.8930802941322327, 0.0, 0.0, 0.0, 0.0, 9.700413703918457, 5.594386100769043
130502, -1.6358445882797241, -1.3060641288757324, -0.07877541333436966, 0.18546299636363983, -1.7012882232666016, -0.9938260912895203, 0.0, 0.0, 0.0, 0.0, 9.664263725280762, 5.643949031829834
130522, -1.6358979940414429, -1.3058357238769531, -0.060673318803310394, 0.18653900921344757, -1.7122271060943604, -0.8740734457969666, 0.0, 0.0, 0.0, 0.0, 9.715004920959473, 5.585865497589111
130543, -1.6361138820648193, -1.3034826517105103, -0.07761569321155548, 0.18245306611061096, -1.6689332723617554, -0.9728462100028992, 0.0, 0.0, 0.0, 0.0, 9.680303573608398, 5.6331939697265625
130565, -1.635082721710205, -1.3132163286209106, -0.05527099594473839, 0.1916200965642929, -1.7559375762939453, -0.8028448820114136, 0.0, 0.0, 0.0, 0.0, 9.722700119018555, 5.610223293304443
130582, -1.6360900402069092, -1.3034759759902954, -0.07099989801645279, 0.1835670918226242, -1.6748449802398682, -0.9089930653572083, 0.0, 0.0, 0.0, 0.0, 9.70789909362793, 5.601047039031982
130602, -1.6355140209197998, -1.3090741634368896, -0.05080720782279968, 0.18885602056980133, -1.7253425121307373, -0.7561641335487366, 0.0, 0.0, 0.0, 0.0, 9.669245719909668, 5.652518272399902
130623, -1.6354897022247314, -1.3089572191238403, -0.06820157915353775, 0.18701700866222382, -1.7018791437149048, -0.8736237287521362, 0.0, 0.0, 0.0, 0.0, 9.714973449707031, 5.5973286628723145
130643, -1.6351675987243652, -1.3118830919265747, -0.04830355942249298, 0.19106747210025787, -1.7389322519302368, -0.7269883155822754, 0.0, 0.0, 0.0, 0.0, 9.67162799835205, 5.649862289428711
130663, -1.6355749368667603, -1.3078066110610962, -0.06378234922885895, 0.18689119815826416, -1.6962690353393555, -0.8383289575576782, 0.0, 0.0, 0.0, 0.0, 9.707826614379883, 5.604159355163574
130682, -1.6355456113815308, -1.3080805540084839, -0.046589016914367676, 0.1896161437034607, -1.72413969039917, -0.7175613641738892, 0.0, 0.0, 0.0, 0.0, 9.665956497192383, 5.660307884216309
130702, -1.6360414028167725, -1.3030036687850952, -0.06124769523739815, 0.18392826616764069, -1.6671805381774902, -0.8223146796226501, 0.0, 0.0, 0.0, 0.0, 9.696852684020996, 5.6167168617248535
130723, -1.6374849081039429, -1.2901499271392822, -0.03655685856938362, 0.18044331669807434, -1.640555500984192, -0.6555737257003784, 0.0, 0.0, 0.0, 0.0, 9.657127380371094, 5.645669937133789
130743, -1.6378852128982544, -1.2859416007995605, -0.05009488761425018, 0.17521165311336517, -1.5869170427322388, -0.761922299861908, 0.0, 0.0, 0.0, 0.0, 9.667760848999023, 5.667874813079834
130765, -1.6362495422363281, -1.3010475635528564, -0.03678012266755104, 0.1880686730146408, -1.7011030912399292, -0.6467399597167969, 0.0, 0.0, 0.0, 0.0, 9.643574714660645, 5.657031536102295
130782, -1.6378463506698608, -1.2861576080322266, -0.04373830184340477, 0.17825166881084442, -1.6061265468597412, -0.713287353515625, 0.0, 0.0, 0.0, 0.0, 9.660640716552734, 5.678325176239014
130802, -1.6382763385772705, -1.2816561460494995, -0.059374332427978516, 0.1742681860923767, -1.5636974573135376, -0.8262903690338135, 0.0, 0.0, 0.0, 0.0, 9.61662769317627, 5.7077507972717285
130822, -1.6376451253890991, -1.2874674797058105, -0.04237489029765129, 0.18109974265098572, -1.6308140754699707, -0.7090949416160583, 0.0, 0.0, 0.0, 0.0, 9.64339542388916, 5.6647419929504395
130843, -1.6378185749053955, -1.2855405807495117, -0.05718330293893814, 0.1779671013355255, -1.5989288091659546, -0.8137918710708618, 0.0, 0.0, 0.0, 0.0, 9.594825744628906, 5.719058513641357
130862, -1.6373494863510132, -1.2901904582977295, -0.04131530597805977, 0.18387925624847412, -1.6589975357055664, -0.7105770707130432, 0.0, 0.0, 0.0, 0.0, 9.567042350769043, 5.707770824432373
130882, -1.636935830116272, -1.2933541536331177, -0.05810791254043579, 0.1838648021221161, -1.6551909446716309, -0.8271949291229248, 0.0, 0.0, 0.0, 0.0, 9.599187850952148, 5.699705123901367
130902, -1.6370713710784912, -1.2924460172653198, -0.04039375111460686, 0.18617762625217438, -1.6798837184906006, -0.7131715416908264, 0.0, 0.0, 0.0, 0.0, 9.555201530456543, 5.728806972503662
130923, -1.637251615524292, -1.2903597354888916, -0.05550264194607735, 0.1836594194173813, -1.6526559591293335, -0.8274297118186951, 0.0, 0.0, 0.0, 0.0, 9.558232307434082, 5.754354000091553
130942, -1.6369537115097046, -1.2930963039398193, -0.04001236334443092, 0.18758459389209747, -1.6881961822509766, -0.7232828736305237, 0.0, 0.0, 0.0, 0.0, 9.518649101257324, 5.78029727935791
130963, -1.6371067762374878, -1.2913708686828613, -0.05543036758899689, 0.18529173731803894, -1.663122296333313, -0.8392722606658936, 0.0, 0.0, 0.0, 0.0, 9.524358749389648, 5.7685627937316895
130982, -1.6364691257476807, -1.2972497940063477, -0.040250930935144424, 0.1914244294166565, -1.7180235385894775, -0.7363370656967163, 0.0, 0.0, 0.0, 0.0, 9.484600067138672, 5.7906718254089355
131002, -1.6368138790130615, -1.293607234954834, -0.05737069249153137, 0.18783172965049744, -1.6778329610824585, -0.8612419366836548, 0.0, 0.0, 0.0, 0.0, 9.515594482421875, 5.772593975067139
131022, -1.6369454860687256, -1.2918307781219482, -0.07380150258541107, 0.1857856959104538, -1.6563622951507568, -0.9662898778915405, 0.0, 0.0, 0.0, 0.0, 9.471033096313477, 5.800578594207764
131042, -1.6381016969680786, -1.2818013429641724, -0.044127508997917175, 0.18318018317222595, -1.6363197565078735, -0.7785786390304565, 0.0, 0.0, 0.0, 0.0, 9.507148742675781, 5.783589839935303
131063, -1.637880563735962, -1.2834643125534058, -0.06153696030378342, 0.18268588185310364, -1.6279983520507812, -0.8987417221069336, 0.0, 0.0, 0.0, 0.0, 9.479658126831055, 5.771246910095215
131082, -1.637506365776062, -1.2871901988983154, -0.04338064044713974, 0.18735015392303467, -1.6723575592041016, -0.7697458863258362, 0.0, 0.0, 0.0, 0.0, 9.508471488952637, 5.760128498077393
131102, -1.6374813318252563, -1.2870393991470337, -0.059993892908096313, 0.18554779887199402, -1.655558466911316, -0.886447548866272, 0.0, 0.0, 0.0, 0.0, 9.46816635131836, 5.776737689971924
131122, -1.637510895729065, -1.2868022918701172, -0.042399004101753235, 0.1880967915058136, -1.681588053703308, -0.7730715870857239, 0.0, 0.0, 0.0, 0.0, 9.426761627197266, 5.83656644821167
131142, -1.637762427330017, -1.2839716672897339, -0.057467278093099594, 0.18453919887542725, -1.6429779529571533, -0.878080427646637, 0.0, 0.0, 0.0, 0.0, 9.446212768554688, 5.816296100616455
131162, -1.6366806030273438, -1.2940572500228882, -0.04118269681930542, 0.19300715625286102, -1.7240248918533325, -0.7715356945991516, 0.0, 0.0, 0.0, 0.0, 9.40834903717041, 5.839345455169678
131183, -1.6374034881591797, -1.2870762348175049, -0.056689515709877014, 0.18706972897052765, -1.6696298122406006, -0.8851081728935242, 0.0, 0.0, 0.0, 0.0, 9.436452865600586, 5.8204731941223145
131202, -1.637419581413269, -1.2874054908752441, -0.03737945854663849, 0.19005730748176575, -1.7044973373413086, -0.7573895454406738, 0.0, 0.0, 0.0, 0.0, 9.402099609375, 5.840630054473877
131222, -1.6374362707138062, -1.2870392799377441, -0.05306852608919144, 0.18854700028896332, -1.6905057430267334, -0.8718345761299133, 0.0, 0.0, 0.0, 0.0, 9.448451042175293, 5.796751976013184
131242, -1.636483907699585, -1.2959070205688477, -0.03734702616930008, 0.1957240253686905, -1.7617592811584473, -0.7617549300193787, 0.0, 0.0, 0.0, 0.0, 9.429275512695312, 5.807506561279297
131262, -1.6360232830047607, -1.2998350858688354, -0.05518658459186554, 0.19643624126911163, -1.7682281732559204, -0.8878265023231506, 0.0, 0.0, 0.0, 0.0, 9.461119651794434, 5.791990280151367
131282, -1.6380932331085205, -1.281049132347107, -0.06386858224868774, 0.18488377332687378, -1.6598718166351318, -0.9566108584403992, 0.0, 0.0, 0.0, 0.0, 9.417768478393555, 5.838270664215088
131302, -1.6372102499008179, -1.2895188331604004, -0.04758623242378235, 0.19143959879875183, -1.7234821319580078, -0.8545397520065308, 0.0, 0.0, 0.0, 0.0, 9.468517303466797, 5.78292989730835
131322, -1.6371928453445435, -1.289536476135254, -0.06414590775966644, 0.18966107070446014, -1.709893822669983, -0.964760959148407, 0.0, 0.0, 0.0, 0.0, 9.4349365234375, 5.798279285430908
131342, -1.6368154287338257, -1.2932765483856201, -0.04700262099504471, 0.1929144412279129, -1.7434301376342773, -0.860149621963501, 0.0, 0.0, 0.0, 0.0, 9.464615821838379, 5.805037021636963
131362, -1.6366127729415894, -1.2950736284255981, -0.06489171832799911, 0.19220229983329773, -1.7367639541625977, -0.9763454794883728, 0.0, 0.0, 0.0, 0.0, 9.43741512298584, 5.819168567657471
131382, -1.636073112487793, -1.3002272844314575, -0.04756888747215271, 0.19665223360061646, -1.77999746799469, -0.866904616355896, 0.0, 0.0, 0.0, 0.0, 9.412236213684082, 5.82412052154541
131402, -1.6361089944839478, -1.2997533082962036, -0.0648638978600502, 0.1944008469581604, -1.7602970600128174, -0.9801376461982727, 0.0, 0.0, 0.0, 0.0, 9.467718124389648, 5.763587951660156
131422, -1.6359457969665527, -1.3020105361938477, -0.04948483407497406, 0.19665026664733887, -1.7895387411117554, -0.8871244788169861, 0.0, 0.0, 0.0, 0.0, 9.432332992553711, 5.803525924682617
131442, -1.6361984014511108, -1.2996196746826172, -0.06634695082902908, 0.19227661192417145, -1.7488595247268677, -0.9928725957870483, 0.0, 0.0, 0.0, 0.0, 9.485657691955566, 5.751084327697754
131465, -1.6354656219482422, -1.3071836233139038, -0.045710187405347824, 0.19954372942447662, -1.8235514163970947, -0.847632884979248, 0.0, 0.0, 0.0, 0.0, 9.457074165344238, 5.792405128479004
131482, -1.635722041130066, -1.3047784566879272, -0.062495455145835876, 0.19490985572338104, -1.7787747383117676, -0.9564008116722107, 0.0, 0.0, 0.0, 0.0, 9.526000022888184, 5.724194049835205
131502, -1.6357682943344116, -1.3049800395965576, -0.044568486511707306, 0.19699420034885406, -1.8004120588302612, -0.8312757611274719, 0.0, 0.0, 0.0, 0.0, 9.502455711364746, 5.7334136962890625
131523, -1.635865569114685, -1.3041894435882568, -0.06149739399552345, 0.19429990649223328, -1.7755749225616455, -0.9449469447135925, 0.0, 0.0, 0.0, 0.0, 9.556193351745605, 5.702180862426758
131545, -1.635926604270935, -1.304231882095337, -0.044732555747032166, 0.1962466984987259, -1.7952347993850708, -0.8338331580162048, 0.0, 0.0, 0.0, 0.0, 9.53232479095459, 5.740832805633545
131562, -1.6350219249725342, -1.3122769594192505, -0.0634237751364708, 0.1983974128961563, -1.8120708465576172, -0.9483357667922974, 0.0, 0.0, 0.0, 0.0, 9.586603164672852, 5.683254241943359
131582, -1.6352801322937012, -1.309637427330017, -0.0805024802684784, 0.19481144845485687, -1.7749196290969849, -1.0434917211532593, 0.0, 0.0, 0.0, 0.0, 9.5670166015625, 5.728600978851318
131602, -1.6350857019424438, -1.31169593334198, -0.06345730274915695, 0.19733263552188873, -1.7992404699325562, -0.944202184677124, 0.0, 0.0, 0.0, 0.0, 9.563995361328125, 5.703042507171631
131623, -1.634891390800476, -1.3131085634231567, -0.08218470960855484, 0.1966421753168106, -1.791914463043213, -1.0499907732009888, 0.0, 0.0, 0.0, 0.0, 9.599976539611816, 5.707721710205078
131642, -1.6340008974075317, -1.3216915130615234, -0.05991686135530472, 0.20317958295345306, -1.8566054105758667, -0.8970449566841125, 0.0, 0.0, 0.0, 0.0, 9.583003997802734, 5.720322608947754
131665, -1.6339495182037354, -1.3221465349197388, -0.07859751582145691, 0.20137770473957062, -1.838552713394165, -1.0082913637161255, 0.0, 0.0, 0.0, 0.0, 9.638894081115723, 5.689442157745361
131684, -1.6340099573135376, -1.3220082521438599, -0.05796685069799423, 0.20310711860656738, -1.8570847511291504, -0.8699192404747009, 0.0, 0.0, 0.0, 0.0, 9.628157615661621, 5.6923089027404785
131702, -1.6342908143997192, -1.3193200826644897, -0.07478862255811691, 0.19833722710609436, -1.8104372024536133, -0.9729720950126648, 0.0, 0.0, 0.0, 0.0, 9.687944412231445, 5.638463020324707
131722, -1.6336604356765747, -1.3255727291107178, -0.055933400988578796, 0.20390532910823822, -1.8660643100738525, -0.8392353057861328, 0.0, 0.0, 0.0, 0.0, 9.663640975952148, 5.6729416847229
131743, -1.6340316534042358, -1.3213855028152466, -0.07249326258897781, 0.19822001457214355, -1.8064079284667969, -0.9447777271270752, 0.0, 0.0, 0.0, 0.0, 9.71751880645752, 5.644962787628174
131765, -1.63612699508667, -1.3020451068878174, -0.0797901302576065, 0.18628986179828644, -1.6931167840957642, -1.0029906034469604, 0.0, 0.0, 0.0, 0.0, 9.708871841430664, 5.623460292816162
131782, -1.6357042789459229, -1.3065069913864136, -0.05689217895269394, 0.19049614667892456, -1.7359579801559448, -0.8346155881881714, 0.0, 0.0, 0.0, 0.0, 9.763103485107422, 5.59055757522583
131802, -1.6352035999298096, -1.3107866048812866, -0.07420628517866135, 0.18989388644695282, -1.7270848751068115, -0.9391486048698425, 0.0, 0.0, 0.0, 0.0, 9.742759704589844, 5.6029205322265625
131823, -1.6343791484832764, -1.3186838626861572, -0.06266431510448456, 0.19452150166034698, -1.7723952531814575, -0.8396079540252686, 0.0, 0.0, 0.0, 0.0, 9.774696350097656, 5.611302852630615
131843, -1.6361395120620728, -1.3021820783615112, -0.07006696611642838, 0.18306857347488403, -1.6620138883590698, -0.8993351459503174, 0.0, 0.0, 0.0, 0.0, 9.740517616271973, 5.6379828453063965
131863, -1.6355103254318237, -1.3083478212356567, -0.05154962092638016, 0.18895801901817322, -1.7201002836227417, -0.7583187818527222, 0.0, 0.0, 0.0, 0.0, 9.726630210876465, 5.620489597320557
131882, -1.6356276273727417, -1.306752324104309, -0.06827439367771149, 0.1843995451927185, -1.6733375787734985, -0.8686524033546448, 0.0, 0.0, 0.0, 0.0, 9.75537109375, 5.606302261352539
131902, -1.635975956916809, -1.303850769996643, -0.0486125610768795, 0.18459202349185944, -1.6781117916107178, -0.7270439267158508, 0.0, 0.0, 0.0, 0.0, 9.714499473571777, 5.659414291381836
131923, -1.6359381675720215, -1.3037282228469849, -0.06545796990394592, 0.18291842937469482, -1.6562836170196533, -0.8432194590568542, 0.0, 0.0, 0.0, 0.0, 9.753865242004395, 5.605234622955322
131943, -1.6350340843200684, -1.3122388124465942, -0.04633493348956108, 0.19047003984451294, -1.7303438186645508, -0.699542224407196, 0.0, 0.0, 0.0, 0.0, 9.714380264282227, 5.66759729385376
131962, -1.636271595954895, -1.300681710243225, -0.06102257966995239, 0.18115723133087158, -1.640860676765442, -0.8110601902008057, 0.0, 0.0, 0.0, 0.0, 9.749374389648438, 5.620639801025391
131982, -1.6357567310333252, -1.3054239749908447, -0.04322463646531105, 0.186503067612648, -1.692348599433899, -0.6802701354026794, 0.0, 0.0, 0.0, 0.0, 9.710366249084473