timeTick, stateX, stateY, stateZ, stateVX, stateVY, stateVZ, motor1, motor2, motor3, motor4, yaw, pitch
46070, -1.5972983837127686, -0.5473466515541077, 0.020113958045840263, -1.6127411127090454, -2.836843729019165, -0.1598769873380661, 0, 0, 0, 0, 0, 0
46090, -1.6134436130523682, -0.5759889483451843, 0.01751578412950039, -1.4600954055786133, -2.586233139038086, -0.14086796343326569, 7000.0, 7000.0, 7000.0, 7000.0, 1.372975468635559, -1.9218804836273193
46110, -1.6303201913833618, -0.6038497686386108, 0.018098536878824234, -1.334931492805481, -2.333383083343506, -0.11303073167800903, 7000.0, 7000.0, 7000.0, 7000.0, 1.353591799736023, -2.011521577835083
46130, -1.6336424350738525, -0.608710527420044, 0.01697673462331295, -1.0889697074890137, -1.9004360437393188, -0.10009299963712692, 7000.0, 7000.0, 7000.0, 7000.0, 1.3487558364868164, -2.0091054439544678
46151, -1.61251962184906, -0.5706684589385986, 0.01875682920217514, -0.7045364379882812, -1.2184845209121704, -0.0755905732512474, 7000.0, 7000.0, 7000.0, 7000.0, 1.2984912395477295, -2.2684390544891357
46170, -1.5953538417816162, -0.5420161485671997, 0.017585398629307747, -0.48371610045433044, -0.8536767959594727, -0.07924982160329819, 7000.0, 7000.0, 7000.0, 7000.0, 1.2484806776046753, -2.3165948390960693
46190, -1.5965315103530884, -0.5446775555610657, 0.015843793749809265, -0.4024742543697357, -0.7304016947746277, -0.08077148348093033, 7000.0, 7000.0, 7000.0, 7000.0, 1.2446765899658203, -2.312260150909424
46210, -1.592366337776184, -0.537649393081665, 0.0163721963763237, -0.2968299984931946, -0.5556243062019348, -0.06953449547290802, 7000.0, 7000.0, 7000.0, 7000.0, 1.2291492223739624, -2.315490484237671
46230, -1.591363549232483, -0.5368874073028564, 0.014748412184417248, -0.23542651534080505, -0.4670329988002777, -0.0709431916475296, 7000.0, 7000.0, 7000.0, 7000.0, 1.212015151977539, -2.309328079223633
46251, -1.5872983932495117, -0.5301358699798584, 0.016422927379608154, -0.16887575387954712, -0.3603883683681488, -0.05326694995164871, 7000.0, 7000.0, 7000.0, 7000.0, 1.205504298210144, -2.307251214981079
46271, -1.5845640897750854, -0.5266028046607971, 0.014885003678500652, -0.1212424635887146, -0.2936980426311493, -0.0557079091668129, 7000.0, 7000.0, 7000.0, 7000.0, 1.194828987121582, -2.3041625022888184
46290, -1.5805245637893677, -0.5201156735420227, 0.01696723885834217, -0.07680203020572662, -0.22613298892974854, -0.03633614256978035, 7000.0, 7000.0, 7000.0, 7000.0, 1.1856472492218018, -2.299111843109131
46310, -1.581986904144287, -0.5246871709823608, 0.016241230070590973, -0.06965944916009903, -0.23134885728359222, -0.036231737583875656, 7000.0, 7000.0, 7000.0, 7000.0, 1.183178186416626, -2.2996346950531006
46330, -1.583390235900879, -0.5293158292770386, 0.017931750044226646, -0.06271237134933472, -0.23570363223552704, -0.02063235081732273, 7000.0, 7000.0, 7000.0, 7000.0, 1.1803209781646729, -2.2947683334350586
46350, -1.581929087638855, -0.5280705690383911, 0.017322581261396408, -0.0427241176366806, -0.2117643654346466, -0.021853432059288025, 7000.0, 7000.0, 7000.0, 7000.0, 1.1817946434020996, -2.290945529937744
46370, -1.5827730894088745, -0.5323345065116882, 0.01954878494143486, -0.035846319049596786, -0.21722613275051117, -0.005524863488972187, 7000.0, 7000.0, 7000.0, 7000.0, 1.178798794746399, -2.28963565826416
46390, -1.580560326576233, -0.5292167067527771, 0.019170422106981277, -0.01626221463084221, -0.19069252908229828, -0.007388494908809662, 7000.0, 7000.0, 7000.0, 7000.0, 1.1728451251983643, -2.2888917922973633
46410, -1.5808086395263672, -0.5330634117126465, 0.01902661845088005, -0.008859251625835896, -0.19468532502651215, -0.007036147639155388, 7000.0, 7000.0, 7000.0, 7000.0, 1.1701358556747437, -2.2905712127685547
46430, -1.5809273719787598, -0.536998987197876, 0.020126234740018845, -0.0014375277096405625, -0.19909802079200745, -0.00017042816034518182, 7000.0, 7000.0, 7000.0, 7000.0, 1.1687997579574585, -2.289001703262329
46450, -1.5779075622558594, -0.5307183861732483, 0.01976540870964527, 0.016353201121091843, -0.1669670045375824, -0.0023804192896932364, 7000.0, 7000.0, 7000.0, 7000.0, 1.1671850681304932, -2.2836520671844482
46470, -1.575532078742981, -0.5262407660484314, 0.02158253826200962, 0.029880911111831665, -0.14629802107810974, 0.007548841182142496, 7000.0, 7000.0, 7000.0, 7000.0, 1.1714458465576172, -2.2907886505126953
46490, -1.5734270811080933, -0.5236358642578125, 0.02140984497964382, 0.041292913258075714, -0.13374139368534088, 0.006078436970710754, 7000.0, 7000.0, 7000.0, 7000.0, 1.1673344373703003, -2.2828545570373535
46510, -1.5725303888320923, -0.5263814926147461, 0.023306075483560562, 0.04861690476536751, -0.13857927918434143, 0.015835018828511238, 7000.0, 7000.0, 7000.0, 7000.0, 1.1644299030303955, -2.2776060104370117
46530, -1.5715008974075317, -0.5292080640792847, 0.0236284751445055, 0.055432092398405075, -0.1439378261566162, 0.0163414366543293, 7000.0, 7000.0, 7000.0, 7000.0, 1.161239504814148, -2.2702131271362305
46550, -1.5703386068344116, -0.5321241021156311, 0.023254843428730965, 0.06255432963371277, -0.14876389503479004, 0.01250438578426838, 7000.0, 7000.0, 7000.0, 7000.0, 1.1580232381820679, -2.262636423110962
46570, -1.5678589344024658, -0.5140552520751953, 0.022042566910386086, 0.07341962307691574, -0.09829867631196976, 0.004406058695167303, 7000.0, 7000.0, 7000.0, 7000.0, 1.1669806241989136, -2.283936023712158
46590, -1.566684365272522, -0.5073696374893188, 0.021193519234657288, 0.07968843728303909, -0.07862181961536407, -0.0006887477356940508, 7000.0, 7000.0, 7000.0, 7000.0, 1.159698724746704, -2.2905216217041016
46610, -1.5654375553131104, -0.5067460536956787, 0.02061445079743862, 0.085670605301857, -0.07606024295091629, -0.0037856181152164936, 7000.0, 7000.0, 7000.0, 7000.0, 1.1772496700286865, -2.2954022884368896
46630, -1.5638961791992188, -0.5073360800743103, 0.021514780819416046, 0.09284576773643494, -0.07821489125490189, 0.00193134939763695, 7000.0, 7000.0, 7000.0, 7000.0, 1.17095148563385, -2.2925643920898438
46650, -1.5619590282440186, -0.5089423656463623, 0.02155410498380661, 0.1002403274178505, -0.08242053538560867, 0.0019458334427326918, 7000.0, 7000.0, 7000.0, 7000.0, 1.1697578430175781, -2.289438009262085
46670, -1.5598633289337158, -0.510646641254425, 0.022451531141996384, 0.10753770172595978, -0.08680088073015213, 0.006941815372556448, 7000.0, 7000.0, 7000.0, 7000.0, 1.1683640480041504, -2.286043882369995
46690, -1.5601451396942139, -0.5082598924636841, 0.021630235016345978, 0.1083640530705452, -0.08244427293539047, 0.001154758152551949, 7000.0, 7000.0, 7000.0, 7000.0, 1.1703119277954102, -2.2926766872406006
46710, -1.5607571601867676, -0.5055359601974487, 0.02003702148795128, 0.10805819928646088, -0.07622463256120682, -0.008544009178876877, 7000.0, 7000.0, 7000.0, 7000.0, 1.1542574167251587, -2.3012471199035645
46730, -1.5599461793899536, -0.5052600502967834, 0.020197253674268723, 0.11222121119499207, -0.07726921886205673, -0.007553044706583023, 7000.0, 7000.0, 7000.0, 7000.0, 1.1566535234451294, -2.30184268951416
46751, -1.559512972831726, -0.5046902894973755, 0.019021254032850266, 0.1140708178281784, -0.07719003409147263, -0.013663697987794876, 7000.0, 7000.0, 7000.0, 7000.0, 1.1558949947357178, -2.297443389892578
46770, -1.5593265295028687, -0.5040121674537659, 0.019189925864338875, 0.1160997524857521, -0.07698380947113037, -0.011311724781990051, 7000.0, 7000.0, 7000.0, 7000.0, 1.1562297344207764, -2.299800157546997
46790, -1.558770775794983, -0.5037760734558105, 0.01794186420738697, 0.11864286661148071, -0.07713714987039566, -0.017015714198350906, 7000.0, 7000.0, 7000.0, 7000.0, 1.149739384651184, -2.296464204788208
46810, -1.558070421218872, -0.5036531090736389, 0.017999373376369476, 0.12139306962490082, -0.07631959766149521, -0.014079715125262737, 7000.0, 7000.0, 7000.0, 7000.0, 1.1646205186843872, -2.3047800064086914
46830, -1.5573101043701172, -0.5038299560546875, 0.01687600463628769, 0.12374933063983917, -0.07818200439214706, -0.019125595688819885, 7000.0, 7000.0, 7000.0, 7000.0, 1.1474361419677734, -2.3260650634765625
46850, -1.556998372077942, -0.5036580562591553, 0.017903558909893036, 0.12443887442350388, -0.0769093856215477, -0.010534381493926048, 7000.0, 7000.0, 7000.0, 7000.0, 1.1501755714416504, -2.3257627487182617
46870, -1.5552043914794922, -0.5046789646148682, 0.017352944239974022, 0.12958824634552002, -0.080610491335392, -0.01270134188234806, 7000.0, 7000.0, 7000.0, 7000.0, 1.1569640636444092, -2.3311855792999268
46890, -1.5534892082214355, -0.5056620836257935, 0.018352113664150238, 0.1337430626153946, -0.08322703093290329, -0.005092130973935127, 7000.0, 7000.0, 7000.0, 7000.0, 1.152475118637085, -2.3185293674468994
46910, -1.5507386922836304, -0.5073770880699158, 0.018251603469252586, 0.14153161644935608, -0.0882687047123909, -0.0052373213693499565, 7000.0, 7000.0, 7000.0, 7000.0, 1.1481380462646484, -2.308368682861328
46931, -1.5506319999694824, -0.5071691274642944, 0.018473153933882713, 0.1397082507610321, -0.0852600485086441, -0.0027840316761285067, 7000.0, 7000.0, 7000.0, 7000.0, 1.1524468660354614, -2.3018951416015625
46950, -1.5505650043487549, -0.5070987939834595, 0.017641892656683922, 0.13737213611602783, -0.08528370410203934, -0.007327281404286623, 7000.0, 7000.0, 7000.0, 7000.0, 1.1443650722503662, -2.2911248207092285
46970, -1.5506422519683838, -0.5069412589073181, 0.01666487380862236, 0.13451644778251648, -0.084544837474823, -0.012238802388310432, 7000.0, 7000.0, 7000.0, 7000.0, 1.1414711475372314, -2.2908406257629395
46991, -1.551349401473999, -0.5064551830291748, 0.018802251666784286, 0.13056230545043945, -0.08337777853012085, 0.0007476130267605186, 7000.0, 7000.0, 7000.0, 7000.0, 1.1419018507003784, -2.2899749279022217
47010, -1.551832675933838, -0.5060047507286072, 0.017328031361103058, 0.12644457817077637, -0.08035414665937424, -0.007766399998217821, 7000.0, 7000.0, 7000.0, 7000.0, 1.146963119506836, -2.2949917316436768
47030, -1.5504728555679321, -0.5068999528884888, 0.01870512031018734, 0.12942864000797272, -0.08382227271795273, 0.0012493027606979012, 7000.0, 7000.0, 7000.0, 7000.0, 1.1476157903671265, -2.288544178009033
47050, -1.5498902797698975, -0.5072093605995178, 0.018069405108690262, 0.1300806850194931, -0.08335833251476288, -0.002617629710584879, 7000.0, 7000.0, 7000.0, 7000.0, 1.147556185722351, -2.2885851860046387
47070, -1.5505396127700806, -0.5067888498306274, 0.018777549266815186, 0.1258741319179535, -0.08182455599308014, 0.001486057648435235, 7000.0, 7000.0, 7000.0, 7000.0, 1.1404120922088623, -2.280081272125244
47090, -1.5500969886779785, -0.507077157497406, 0.01818370819091797, 0.12548118829727173, -0.08236224949359894, -0.002272361423820257, 7000.0, 7000.0, 7000.0, 7000.0, 1.1367260217666626, -2.286346673965454
47110, -1.547481656074524, -0.5087995529174805, 0.019802289083600044, 0.1325814425945282, -0.0874851793050766, 0.008475640788674355, 7000.0, 7000.0, 7000.0, 7000.0, 1.1362463235855103, -2.2841897010803223
47130, -1.5447514057159424, -0.5106017589569092, 0.019972681999206543, 0.13980844616889954, -0.09275972843170166, 0.008502550423145294, 7000.0, 7000.0, 7000.0, 7000.0, 1.1352804899215698, -2.2822468280792236
47150, -1.5418566465377808, -0.5125195384025574, 0.020808780565857887, 0.14785099029541016, -0.09757625311613083, 0.012240503914654255, 7000.0, 7000.0, 7000.0, 7000.0, 1.1323283910751343, -2.280304431915283
47170, -1.538814902305603, -0.5145171284675598, 0.021058302372694016, 0.1557692438364029, -0.10220525413751602, 0.012439223006367683, 7000.0, 7000.0, 7000.0, 7000.0, 1.1297084093093872, -2.278336524963379
47190, -1.535619854927063, -0.5166219472885132, 0.021561777219176292, 0.16289949417114258, -0.10769475996494293, 0.013799727894365788, 7000.0, 7000.0, 7000.0, 7000.0, 1.1278797388076782, -2.2765026092529297
47210, -1.5322929620742798, -0.518823504447937, 0.021839262917637825, 0.16995462775230408, -0.11248274892568588, 0.013854334130883217, 7000.0, 7000.0, 7000.0, 7000.0, 1.126075029373169, -2.2709364891052246
47230, -1.5288251638412476, -0.5211261510848999, 0.02212170697748661, 0.17710454761981964, -0.1177239865064621, 0.014223308302462101, 7000.0, 7000.0, 7000.0, 7000.0, 1.1223082542419434, -2.2637650966644287
47250, -1.5252083539962769, -0.5235394835472107, 0.02271629497408867, 0.18449586629867554, -0.12274791300296783, 0.016240643337368965, 7000.0, 7000.0, 7000.0, 7000.0, 1.1232649087905884, -2.258514404296875
47270, -1.5214495658874512, -0.5260429382324219, 0.02304729074239731, 0.19218483567237854, -0.12769727408885956, 0.01677446998655796, 7000.0, 7000.0, 7000.0, 7000.0, 1.1214416027069092, -2.252673625946045
47290, -1.5175812244415283, -0.5286136269569397, 0.022089621052145958, 0.19902919232845306, -0.13263022899627686, 0.010103624314069748, 7000.0, 7000.0, 7000.0, 7000.0, 1.1195629835128784, -2.2537612915039062
47310, -1.5135384798049927, -0.5313149690628052, 0.02229059860110283, 0.20635464787483215, -0.13761809468269348, 0.010096649639308453, 7000.0, 7000.0, 7000.0, 7000.0, 1.1185729503631592, -2.249091386795044
47330, -1.507184386253357, -0.5355790257453918, 0.023253433406352997, 0.21598710119724274, -0.1453871876001358, 0.012960189953446388, 7000.0, 7000.0, 7000.0, 7000.0, 1.1179379224777222, -2.2456037998199463
47350, -1.5027852058410645, -0.538538932800293, 0.02350909635424614, 0.22291140258312225, -0.15057139098644257, 0.012654662132263184, 7000.0, 7000.0, 7000.0, 7000.0, 1.1140080690383911, -2.240248918533325
47370, -1.4982407093048096, -0.5416059494018555, 0.0239177867770195, 0.23027244210243225, -0.155612513422966, 0.013792507350444794, 7000.0, 7000.0, 7000.0, 7000.0, 1.112877368927002, -2.2390494346618652
47390, -1.4935524463653564, -0.5447680354118347, 0.02418982796370983, 0.2378438264131546, -0.16051144897937775, 0.013324372470378876, 7000.0, 7000.0, 7000.0, 7000.0, 1.1091945171356201, -2.2347497940063477
47410, -1.4887465238571167, -0.5480034351348877, 0.023529544472694397, 0.24493089318275452, -0.16541242599487305, 0.008483831770718098, 7000.0, 7000.0, 7000.0, 7000.0, 1.1094162464141846, -2.2282512187957764
47430, -1.483771562576294, -0.5513613820075989, 0.023699091747403145, 0.25225186347961426, -0.1704273521900177, 0.00847383588552475, 7000.0, 7000.0, 7000.0, 7000.0, 1.1084215641021729, -2.22489857673645
47450, -1.4990766048431396, -0.5414656400680542, 0.02281154878437519, 0.21513213217258453, -0.14738476276397705, 0.0033194466959685087, 7000.0, 7000.0, 7000.0, 7000.0, 1.1095856428146362, -2.1711583137512207
47470, -1.5186538696289062, -0.5283051133155823, 0.022109348326921463, 0.17257188260555267, -0.11827311664819717, -0.0010865366784855723, 7000.0, 7000.0, 7000.0, 7000.0, 1.1170436143875122, -2.1556923389434814
47490, -1.5151194334030151, -0.5307373404502869, 0.023156629875302315, 0.17964772880077362, -0.12319266051054001, 0.0045616808347404, 7000.0, 7000.0, 7000.0, 7000.0, 1.115443468093872, -2.1527838706970215
47510, -1.520476222038269, -0.5272399187088013, 0.022858595475554466, 0.16879400610923767, -0.11644410341978073, 0.00239344360306859, 7000.0, 7000.0, 7000.0, 7000.0, 1.112305998802185, -2.1605169773101807
47530, -1.5186028480529785, -0.5285350680351257, 0.02288600616157055, 0.17181241512298584, -0.11904347687959671, 0.002602220745757222, 7000.0, 7000.0, 7000.0, 7000.0, 1.1076302528381348, -2.154110908508301
47550, -1.514916181564331, -0.5310866832733154, 0.022980371490120888, 0.17851631343364716, -0.12379869073629379, 0.0032580255065113306, 7000.0, 7000.0, 7000.0, 7000.0, 1.1038918495178223, -2.149196147918701
47570, -1.521533489227295, -0.5265750885009766, 0.022586964070796967, 0.16460469365119934, -0.11363586038351059, 0.0007171116303652525, 7000.0, 7000.0, 7000.0, 7000.0, 1.1017515659332275, -2.144303560256958
47590, -1.5181547403335571, -0.528905987739563, 0.02315380983054638, 0.17137394845485687, -0.11850778013467789, 0.004105094820261002, 7000.0, 7000.0, 7000.0, 7000.0, 1.1177829504013062, -2.1413724422454834
47610, -1.5296955108642578, -0.5214621424674988, 0.022402171045541763, 0.1492248773574829, -0.10649462789297104, -0.0005712935235351324, 7000.0, 7000.0, 7000.0, 7000.0, 1.1203933954238892, -2.1608901023864746
47630, -1.539273738861084, -0.5150483846664429, 0.02139904908835888, 0.13151028752326965, -0.09518765658140182, -0.006014629732817411, 7000.0, 7000.0, 7000.0, 7000.0, 1.1198358535766602, -2.1796727180480957
47650, -1.5425846576690674, -0.5122958421707153, 0.02059546299278736, 0.12633055448532104, -0.08421389013528824, -0.010161135345697403, 7000.0, 7000.0, 7000.0, 7000.0, 1.1536145210266113, -2.202548027038574
47670, -1.546595573425293, -0.5097301006317139, 0.019850363954901695, 0.11946641653776169, -0.08090662211179733, -0.013672583736479282, 7000.0, 7000.0, 7000.0, 7000.0, 1.154920220375061, -2.218648672103882
47690, -1.5489259958267212, -0.5079541802406311, 0.01878967136144638, 0.11600402742624283, -0.074872687458992, -0.0188397616147995, 7000.0, 7000.0, 7000.0, 7000.0, 1.1755144596099854, -2.2309694290161133
47711, -1.5479090213775635, -0.5086511969566345, 0.020209822803735733, 0.12028970569372177, -0.07780841737985611, -0.00750789325684309, 7000.0, 7000.0, 7000.0, 7000.0, 1.1731680631637573, -2.2453341484069824
47730, -1.5502879619598389, -0.5069411993026733, 0.019058216363191605, 0.11716904491186142, -0.07279796153306961, -0.013491101562976837, 7000.0, 7000.0, 7000.0, 7000.0, 1.1764731407165527, -2.287479877471924
47751, -1.5509151220321655, -0.506348192691803, 0.01998773217201233, 0.11726852506399155, -0.06982062757015228, -0.0055532874539494514, 7000.0, 7000.0, 7000.0, 7000.0, 1.190367341041565, -2.2970948219299316
47770, -1.5494412183761597, -0.5071889162063599, 0.01965259201824665, 0.12267962843179703, -0.07231839746236801, -0.006532049272209406, 7000.0, 7000.0, 7000.0, 7000.0, 1.1832177639007568, -2.3003392219543457
47790, -1.5492944717407227, -0.5072867274284363, 0.018924014642834663, 0.12351247668266296, -0.07361534237861633, -0.010342298075556755, 7000.0, 7000.0, 7000.0, 7000.0, 1.1781551837921143, -2.299791097640991
47810, -1.5479294061660767, -0.5081214308738708, 0.02076151967048645, 0.12767042219638824, -0.07656846940517426, 0.0009192164288833737, 7000.0, 7000.0, 7000.0, 7000.0, 1.1665709018707275, -2.296966075897217
47830, -1.5453078746795654, -0.5096921324729919, 0.020776810124516487, 0.13502827286720276, -0.0804305225610733, 0.0005563418962992728, 7000.0, 7000.0, 7000.0, 7000.0, 1.1653549671173096, -2.295330762863159
47850, -1.5483564138412476, -0.5073500871658325, 0.020910631865262985, 0.12610988318920135, -0.06848737597465515, 0.0012597122695297003, 7000.0, 7000.0, 7000.0, 7000.0, 1.1942921876907349, -2.315462350845337
47870, -1.5482161045074463, -0.5074012875556946, 0.02030770853161812, 0.12629476189613342, -0.06907480955123901, -0.0025894069112837315, 7000.0, 7000.0, 7000.0, 7000.0, 1.196743369102478, -2.304323434829712
47890, -1.5516530275344849, -0.5052053332328796, 0.020832832902669907, 0.11575499922037125, -0.06195078417658806, 0.00047520699445158243, 7000.0, 7000.0, 7000.0, 7000.0, 1.1834614276885986, -2.299433946609497
47910, -1.5530006885528564, -0.5043854713439941, 0.019549386575818062, 0.11155639588832855, -0.06110387668013573, -0.007733725942671299, 7000.0, 7000.0, 7000.0, 7000.0, 1.1849915981292725, -2.3007187843322754
47930, -1.553623080253601, -0.5040022730827332, 0.019907381385564804, 0.10992881655693054, -0.06192385032773018, -0.004484367091208696, 7000.0, 7000.0, 7000.0, 7000.0, 1.1700665950775146, -2.2919154167175293
47950, -1.553731918334961, -0.5039272308349609, 0.018916700035333633, 0.10945943742990494, -0.06332533061504364, -0.009844440035521984, 7000.0, 7000.0, 7000.0, 7000.0, 1.1601479053497314, -2.2940587997436523
47970, -1.552639365196228, -0.504580020904541, 0.019722631201148033, 0.11325041949748993, -0.06674537062644958, -0.003526199609041214, 7000.0, 7000.0, 7000.0, 7000.0, 1.153353214263916, -2.299118757247925
47990, -1.5503123998641968, -0.5059592723846436, 0.019646622240543365, 0.12049423903226852, -0.07153213769197464, -0.003897768212482333, 7000.0, 7000.0, 7000.0, 7000.0, 1.1533753871917725, -2.296583890914917
48010, -1.547814130783081, -0.5074552297592163, 0.020844750106334686, 0.12800106406211853, -0.07658067345619202, 0.004295659251511097, 7000.0, 7000.0, 7000.0, 7000.0, 1.151589274406433, -2.295727014541626
48030, -1.5451900959014893, -0.5090328454971313, 0.020931219682097435, 0.1352042704820633, -0.08153026551008224, 0.004467989318072796, 7000.0, 7000.0, 7000.0, 7000.0, 1.1484054327011108, -2.293370246887207
48050, -1.5440735816955566, -0.5094435811042786, 0.02149127796292305, 0.1369701772928238, -0.07891623675823212, 0.007501518819481134, 7000.0, 7000.0, 7000.0, 7000.0, 1.1717982292175293, -2.309006929397583
48070, -1.541266918182373, -0.5110604166984558, 0.02164039947092533, 0.14396661520004272, -0.08309558033943176, 0.00764871621504426, 7000.0, 7000.0, 7000.0, 7000.0, 1.1717737913131714, -2.306044340133667
48090, -1.5383179187774658, -0.5127590298652649, 0.02179279364645481, 0.15099570155143738, -0.08706062287092209, 0.00783446617424488, 7000.0, 7000.0, 7000.0, 7000.0, 1.17051100730896, -2.3025505542755127
48110, -1.5351909399032593, -0.5145614743232727, 0.023304352536797523, 0.15831470489501953, -0.09094229340553284, 0.015229899436235428, 7000.0, 7000.0, 7000.0, 7000.0, 1.1682921648025513, -2.2965753078460693
48130, -1.5319511890411377, -0.516414225101471, 0.023607593029737473, 0.1653132438659668, -0.09470323473215103, 0.015314062125980854, 7000.0, 7000.0, 7000.0, 7000.0, 1.1641850471496582, -2.2922680377960205
48150, -1.5331008434295654, -0.5158640742301941, 0.023639528080821037, 0.15936733782291412, -0.09265954047441483, 0.01351410336792469, 7000.0, 7000.0, 7000.0, 7000.0, 1.1617199182510376, -2.2883214950561523
48170, -1.529832124710083, -0.5177545547485352, 0.02390974573791027, 0.16667811572551727, -0.09655547142028809, 0.013400879688560963, 7000.0, 7000.0, 7000.0, 7000.0, 1.1539491415023804, -2.2777161598205566
48190, -1.5403108596801758, -0.5118651390075684, 0.023193927481770515, 0.13664297759532928, -0.08274823427200317, 0.008144162595272064, 7000.0, 7000.0, 7000.0, 7000.0, 1.161954402923584, -2.291160821914673
48210, -1.5400004386901855, -0.5121133327484131, 0.022977124899625778, 0.1372566521167755, -0.08391990512609482, 0.0058601913042366505, 7000.0, 7000.0, 7000.0, 7000.0, 1.1582752466201782, -2.292632579803467
48230, -1.5420475006103516, -0.5105495452880859, 0.022484414279460907, 0.1320529282093048, -0.07568497210741043, 0.002953031100332737, 7000.0, 7000.0, 7000.0, 7000.0, 1.1523922681808472, -2.2894749641418457
48250, -1.5393240451812744, -0.5120996236801147, 0.022546488791704178, 0.1394856572151184, -0.07950307428836823, 0.0031476751901209354, 7000.0, 7000.0, 7000.0, 7000.0, 1.167747139930725, -2.2892889976501465
48270, -1.5364514589309692, -0.5137297511100769, 0.0227652695029974, 0.146865114569664, -0.08348590135574341, 0.003766788635402918, 7000.0, 7000.0, 7000.0, 7000.0, 1.1637707948684692, -2.2873120307922363
48290, -1.5397435426712036, -0.5119965076446533, 0.02209526300430298, 0.13816721737384796, -0.08085110038518906, -5.2488907385850325e-05, 7000.0, 7000.0, 7000.0, 7000.0, 1.1553213596343994, -2.2766518592834473
48310, -1.5396132469177246, -0.5120757222175598, 0.021440312266349792, 0.13847599923610687, -0.08180870115756989, -0.003382088616490364, 7000.0, 7000.0, 7000.0, 7000.0, 1.1489773988723755, -2.2710893154144287
48330, -1.5367680788040161, -0.5137528777122498, 0.02136812172830105, 0.14557357132434845, -0.08593058586120605, -0.0038036280311644077, 7000.0, 7000.0, 7000.0, 7000.0, 1.146343469619751, -2.26737904548645
48350, -1.5337811708450317, -0.515515148639679, 0.02130001038312912, 0.1528729945421219, -0.09034267067909241, -0.0031698443926870823, 7000.0, 7000.0, 7000.0, 7000.0, 1.1434502601623535, -2.262707471847534
48370, -1.5306247472763062, -0.5173856616020203, 0.022349093109369278, 0.16048994660377502, -0.09480885416269302, 0.0025257186498492956, 7000.0, 7000.0, 7000.0, 7000.0, 1.1414598226547241, -2.2579171657562256
48390, -1.532355785369873, -0.5165859460830688, 0.021944290027022362, 0.1563040167093277, -0.09427178651094437, -0.0003029981453437358, 7000.0, 7000.0, 7000.0, 7000.0, 1.137244701385498, -2.255066156387329
48410, -1.529158592224121, -0.5185185074806213, 0.02196510322391987, 0.16380715370178223, -0.09902161359786987, 0.00026075035566464067, 7000.0, 7000.0, 7000.0, 7000.0, 1.1363168954849243, -2.2499067783355713
48430, -1.5350570678710938, -0.5146647095680237, 0.02118097059428692, 0.15022030472755432, -0.0868181437253952, -0.003953063394874334, 7000.0, 7000.0, 7000.0, 7000.0, 1.1714439392089844, -2.264608144760132
48450, -1.5415457487106323, -0.5106162428855896, 0.020926738157868385, 0.13640785217285156, -0.07484255731105804, -0.0051144496537745, 7000.0, 7000.0, 7000.0, 7000.0, 1.1856430768966675, -2.2750680446624756
48470, -1.5414177179336548, -0.5107398629188538, 0.020487874746322632, 0.13787983357906342, -0.07657857984304428, -0.007200438994914293, 7000.0, 7000.0, 7000.0, 7000.0, 1.1827360391616821, -2.2705934047698975
48490, -1.5431357622146606, -0.5099737644195557, 0.021192966029047966, 0.1349623054265976, -0.0779164731502533, -0.002296007238328457, 7000.0, 7000.0, 7000.0, 7000.0, 1.1664707660675049, -2.260647773742676
48510, -1.5487762689590454, -0.5065500140190125, 0.019718943163752556, 0.12269870936870575, -0.06912732869386673, -0.009893110021948814, 7000.0, 7000.0, 7000.0, 7000.0, 1.180951714515686, -2.266965866088867
48530, -1.548714518547058, -0.5066757798194885, 0.02058843895792961, 0.1244807168841362, -0.07167965173721313, -0.0036289801355451345, 7000.0, 7000.0, 7000.0, 7000.0, 1.1655231714248657, -2.2698585987091064
48550, -1.5513380765914917, -0.5052000284194946, 0.019296640530228615, 0.11902645230293274, -0.07006479799747467, -0.010891495272517204, 7000.0, 7000.0, 7000.0, 7000.0, 1.1653887033462524, -2.2747974395751953
48571, -1.5544534921646118, -0.5034207701683044, 0.019316943362355232, 0.11088446527719498, -0.06676280498504639, -0.010144853964447975, 7000.0, 7000.0, 7000.0, 7000.0, 1.1667340993881226, -2.2806625366210938
48590, -1.5542948246002197, -0.5036308765411377, 0.017899585887789726, 0.1137746274471283, -0.07065089792013168, -0.01650063320994377, 7000.0, 7000.0, 7000.0, 7000.0, 1.1590739488601685, -2.284888505935669
48610, -1.5555311441421509, -0.5028466582298279, 0.016869569197297096, 0.11023604869842529, -0.06778255105018616, -0.02205059677362442, 7000.0, 7000.0, 7000.0, 7000.0, 1.1627554893493652, -2.290377378463745
48630, -1.5553274154663086, -0.5030678510665894, 0.01775953732430935, 0.1114409938454628, -0.07063400745391846, -0.014991076663136482, 7000.0, 7000.0, 7000.0, 7000.0, 1.155776023864746, -2.289851665496826
48650, -1.5555167198181152, -0.5030198097229004, 0.016493260860443115, 0.11066430807113647, -0.07120577991008759, -0.021299969404935837, 7000.0, 7000.0, 7000.0, 7000.0, 1.153236985206604, -2.2948358058929443
48670, -1.5541129112243652, -0.503964364528656, 0.018144920468330383, 0.11512690782546997, -0.0748349279165268, -0.008827614597976208, 7000.0, 7000.0, 7000.0, 7000.0, 1.150936245918274, -2.293581962585449
48690, -1.5527727603912354, -0.5048494338989258, 0.017582088708877563, 0.11900176852941513, -0.07717885076999664, -0.011313413269817829, 7000.0, 7000.0, 7000.0, 7000.0, 1.150327444076538, -2.289301633834839
48710, -1.5539995431900024, -0.5040336847305298, 0.0185156911611557, 0.11444108933210373, -0.07185514271259308, -0.004730969667434692, 7000.0, 7000.0, 7000.0, 7000.0, 1.1617729663848877, -2.29957914352417
48730, -1.5536900758743286, -0.5042514204978943, 0.01763288304209709, 0.11463344842195511, -0.07135816663503647, -0.009485955350100994, 7000.0, 7000.0, 7000.0, 7000.0, 1.170574426651001, -2.302841901779175
48750, -1.5548521280288696, -0.5035669207572937, 0.017865460366010666, 0.10987909883260727, -0.06862793862819672, -0.007139311637729406, 7000.0, 7000.0, 7000.0, 7000.0, 1.18039071559906, -2.309229850769043
48770, -1.55519700050354, -0.5034239888191223, 0.01665022037923336, 0.1078309640288353, -0.06889980286359787, -0.013847066089510918, 7000.0, 7000.0, 7000.0, 7000.0, 1.1698685884475708, -2.2997281551361084
48790, -1.5548374652862549, -0.5037144422531128, 0.01819957233965397, 0.10823485255241394, -0.07041571289300919, -0.0022698610555380583, 7000.0, 7000.0, 7000.0, 7000.0, 1.1688560247421265, -2.3004069328308105
48810, -1.5548714399337769, -0.5037152171134949, 0.01721581444144249, 0.10778803378343582, -0.06978794932365417, -0.008057142607867718, 7000.0, 7000.0, 7000.0, 7000.0, 1.1732536554336548, -2.305412769317627
48830, -1.5538300275802612, -0.5044134855270386, 0.018909363076090813, 0.11086992919445038, -0.07231361418962479, 0.004398583900183439, 7000.0, 7000.0, 7000.0, 7000.0, 1.1663539409637451, -2.2935969829559326
48852, -1.553014874458313, -0.504912793636322, 0.018414439633488655, 0.1121903508901596, -0.07220859825611115, 0.0007788685034029186, 7000.0, 7000.0, 7000.0, 7000.0, 1.169861912727356, -2.2872555255889893
48870, -1.5517587661743164, -0.505735456943512, 0.019175412133336067, 0.11578063666820526, -0.07451196014881134, 0.005611909553408623, 7000.0, 7000.0, 7000.0, 7000.0, 1.1807589530944824, -2.2935807704925537
48890, -1.5493738651275635, -0.5072638392448425, 0.01928963139653206, 0.12284068018198013, -0.07864076644182205, 0.005750968120992184, 7000.0, 7000.0, 7000.0, 7000.0, 1.177199363708496, -2.285947561264038
48910, -1.5482630729675293, -0.5080188512802124, 0.018910236656665802, 0.12502019107341766, -0.08058807998895645, 0.002345694461837411, 7000.0, 7000.0, 7000.0, 7000.0, 1.1711431741714478, -2.282853603363037
48930, -1.5484611988067627, -0.5078914165496826, 0.020047618076205254, 0.12215913087129593, -0.07889202237129211, 0.008167174644768238, 7000.0, 7000.0, 7000.0, 7000.0, 1.163605809211731, -2.2759878635406494
48950, -1.5486235618591309, -0.5077968239784241, 0.01938069798052311, 0.12009202688932419, -0.07779505848884583, 0.0029259943403303623, 7000.0, 7000.0, 7000.0, 7000.0, 1.1612558364868164, -2.270038604736328
48970, -1.5488379001617432, -0.507575273513794, 0.019974766299128532, 0.11795138567686081, -0.07454494386911392, 0.005856934003531933, 7000.0, 7000.0, 7000.0, 7000.0, 1.1862636804580688, -2.279280424118042
48990, -1.5497633218765259, -0.5069987177848816, 0.019089652225375175, 0.11388368159532547, -0.07241834700107574, -0.00044561189133673906, 7000.0, 7000.0, 7000.0, 7000.0, 1.174837350845337, -2.276810646057129
49010, -1.5496968030929565, -0.5070736408233643, 0.019771510735154152, 0.11395607888698578, -0.07337837666273117, 0.003775649471208453, 7000.0, 7000.0, 7000.0, 7000.0, 1.1644008159637451, -2.288146495819092
49030, -1.5508798360824585, -0.5063335299491882, 0.01871120184659958, 0.10888688266277313, -0.0709461197257042, -0.003477849531918764, 7000.0, 7000.0, 7000.0, 7000.0, 1.1665958166122437, -2.2874131202697754
49050, -1.5506659746170044, -0.5065392255783081, 0.019461702555418015, 0.10949311405420303, -0.07246874272823334, 0.0014036513166502118, 7000.0, 7000.0, 7000.0, 7000.0, 1.156973123550415, -2.2947049140930176
49071, -1.549185037612915, -0.507534921169281, 0.01924666203558445, 0.11406256258487701, -0.07582316547632217, 2.7471680368762463e-05, 7000.0, 7000.0, 7000.0, 7000.0, 1.150455355644226, -2.2948801517486572
49090, -1.54850172996521, -0.5080111026763916, 0.02053960971534252, 0.11553715169429779, -0.07723924517631531, 0.008603867143392563, 7000.0, 7000.0, 7000.0, 7000.0, 1.1519185304641724, -2.28989577293396
49110, -1.5471165180206299, -0.5089450478553772, 0.020439062267541885, 0.11950789391994476, -0.08059020340442657, 0.007077719084918499, 7000.0, 7000.0, 7000.0, 7000.0, 1.1467303037643433, -2.2852683067321777
49130, -1.5469614267349243, -0.50908362865448, 0.02062058262526989, 0.11945533007383347, -0.08068080246448517, 0.007530026137828827, 7000.0, 7000.0, 7000.0, 7000.0, 1.1492127180099487, -2.282141923904419
49150, -1.5487425327301025, -0.5078496932983398, 0.019671717658638954, 0.11278600990772247, -0.07399983704090118, 0.0007661968702450395, 7000.0, 7000.0, 7000.0, 7000.0, 1.1417462825775146, -2.276613235473633
49172, -1.549412727355957, -0.5074571371078491, 0.01952166110277176, 0.1106143519282341, -0.07285285741090775, -0.00022125343093648553, 7000.0, 7000.0, 7000.0, 7000.0, 1.1556668281555176, -2.2825605869293213
49191, -1.5498660802841187, -0.5071042776107788, 0.018839286640286446, 0.10911489278078079, -0.07007240504026413, -0.0044916169717907906, 7000.0, 7000.0, 7000.0, 7000.0, 1.1642118692398071, -2.283386707305908
49211, -1.5507900714874268, -0.5065718293190002, 0.017799094319343567, 0.10622197389602661, -0.06938757002353668, -0.009852265939116478, 7000.0, 7000.0, 7000.0, 7000.0, 1.1623488664627075, -2.271984338760376
49230, -1.5515497922897339, -0.5061334371566772, 0.018306488171219826, 0.10411534458398819, -0.06920888274908066, -0.00582851329818368, 7000.0, 7000.0, 7000.0, 7000.0, 1.1585575342178345, -2.276881456375122
49250, -1.5533236265182495, -0.504972517490387, 0.01698186807334423, 0.09860355406999588, -0.065592460334301, -0.013107230886816978, 7000.0, 7000.0, 7000.0, 7000.0, 1.157860517501831, -2.2722365856170654
49270, -1.553016185760498, -0.5051403045654297, 0.01796550117433071, 0.10097857564687729, -0.06525661796331406, -0.0052137309685349464, 7000.0, 7000.0, 7000.0, 7000.0, 1.1705408096313477, -2.2884531021118164
49290, -1.5516637563705444, -0.5060649514198303, 0.01764693111181259, 0.10597952455282211, -0.0691848173737526, -0.00659544812515378, 7000.0, 7000.0, 7000.0, 7000.0, 1.169833779335022, -2.27412748336792
49310, -1.5529584884643555, -0.5051748156547546, 0.018449226394295692, 0.10213222354650497, -0.06535178422927856, -0.001080897869542241, 7000.0, 7000.0, 7000.0, 7000.0, 1.1720101833343506, -2.286020040512085
49330, -1.5526758432388306, -0.505406379699707, 0.017814526334404945, 0.10359633713960648, -0.06785410642623901, -0.005167803261429071, 7000.0, 7000.0, 7000.0, 7000.0, 1.1619380712509155, -2.2877466678619385
49350, -1.55258047580719, -0.5055376887321472, 0.019563548266887665, 0.10391619801521301, -0.06991323083639145, 0.006166953127831221, 7000.0, 7000.0, 7000.0, 7000.0, 1.1600418090820312, -2.280421018600464
49371, -1.5523817539215088, -0.5057251453399658, 0.018948925659060478, 0.1041511818766594, -0.07113754004240036, 0.001347202924080193, 7000.0, 7000.0, 7000.0, 7000.0, 1.1555966138839722, -2.2730274200439453
49390, -1.5532561540603638, -0.5050969123840332, 0.019350362941622734, 0.10103871673345566, -0.06703849136829376, 0.004047259222716093, 7000.0, 7000.0, 7000.0, 7000.0, 1.1566153764724731, -2.2730555534362793
49410, -1.5543327331542969, -0.5044641494750977, 0.018139304593205452, 0.09691023826599121, -0.06605447083711624, -0.004851657897233963, 7000.0, 7000.0, 7000.0, 7000.0, 1.1681236028671265, -2.279710054397583
49430, -1.554672122001648, -0.5042868852615356, 0.01919972151517868, 0.09605023264884949, -0.06648218631744385, 0.0033016062807291746, 7000.0, 7000.0, 7000.0, 7000.0, 1.1653401851654053, -2.2768497467041016
49450, -1.5553715229034424, -0.5038414001464844, 0.018104467540979385, 0.09344300627708435, -0.06497166305780411, -0.004147541709244251, 7000.0, 7000.0, 7000.0, 7000.0, 1.1646513938903809, -2.277614116668701
49470, -1.5558853149414062, -0.5035226345062256, 0.016847386956214905, 0.09178705513477325, -0.06335723400115967, -0.011472326703369617, 7000.0, 7000.0, 7000.0, 7000.0, 1.1755774021148682, -2.284430980682373
49490, -1.5560321807861328, -0.5034387707710266, 0.018237443640828133, 0.0926828533411026, -0.06295207142829895, -0.0021731911692768335, 7000.0, 7000.0, 7000.0, 7000.0, 1.1701514720916748, -2.2839903831481934
49510, -1.5556764602661133, -0.5036736726760864, 0.01738770119845867, 0.09445711225271225, -0.0635429173707962, -0.007177462335675955, 7000.0, 7000.0, 7000.0, 7000.0, 1.1812562942504883, -2.2974581718444824
49530, -1.5551892518997192, -0.504041314125061, 0.01837848871946335, 0.0967879593372345, -0.06577518582344055, -0.0005799566861242056, 7000.0, 7000.0, 7000.0, 7000.0, 1.1755486726760864, -2.2998013496398926
49550, -1.5561325550079346, -0.5034173130989075, 0.017440930008888245, 0.0940316841006279, -0.06431262195110321, -0.007195739075541496, 7000.0, 7000.0, 7000.0, 7000.0, 1.1654499769210815, -2.301750421524048
49570, -1.5549615621566772, -0.5042575597763062, 0.019375016912817955, 0.09882426261901855, -0.06815141439437866, 0.0061675868928432465, 7000.0, 7000.0, 7000.0, 7000.0, 1.1624432802200317, -2.3046064376831055
49592, -1.5555341243743896, -0.5037894248962402, 0.018205195665359497, 0.09689062088727951, -0.06398482620716095, -0.0018933089450001717, 7000.0, 7000.0, 7000.0, 7000.0, 1.1744731664657593, -2.3070921897888184
49611, -1.5557916164398193, -0.5035294890403748, 0.01869509555399418, 0.09488684684038162, -0.0608736015856266, 0.002304123481735587, 7000.0, 7000.0, 7000.0, 7000.0, 1.1881986856460571, -2.30542254447937
49630, -1.5559680461883545, -0.5034055113792419, 0.018153734505176544, 0.09568925946950912, -0.06093546375632286, -0.0016053105937317014, 7000.0, 7000.0, 7000.0, 7000.0, 1.192964792251587, -2.315037488937378
49650, -1.555572271347046, -0.5036526918411255, 0.019588785246014595, 0.09739862382411957, -0.06221335381269455, 0.008307714946568012, 7000.0, 7000.0, 7000.0, 7000.0, 1.18973970413208, -2.3083505630493164
49670, -1.5562853813171387, -0.5031431317329407, 0.01841280609369278, 0.09489624947309494, -0.06102430075407028, -0.0006983400089666247, 7000.0, 7000.0, 7000.0, 7000.0, 1.1746563911437988, -2.297196388244629
49690, -1.5555830001831055, -0.5035485625267029, 0.01913546398282051, 0.09601757675409317, -0.061922650784254074, 0.004214810207486153, 7000.0, 7000.0, 7000.0, 7000.0, 1.1878677606582642, -2.3023297786712646
49711, -1.5564254522323608, -0.50298672914505, 0.018269963562488556, 0.09368376433849335, -0.060314249247312546, -0.0021231668069958687, 7000.0, 7000.0, 7000.0, 7000.0, 1.177567720413208, -2.2974727153778076
49730, -1.5566264390945435, -0.502851128578186, 0.01712127774953842, 0.09284349530935287, -0.060773663222789764, -0.009501084685325623, 7000.0, 7000.0, 7000.0, 7000.0, 1.1653587818145752, -2.2978460788726807
49750, -1.555445909500122, -0.5036396384239197, 0.018493160605430603, 0.097293421626091, -0.06464207172393799, 0.0002000414242502302, 7000.0, 7000.0, 7000.0, 7000.0, 1.1604090929031372, -2.2934281826019287
49771, -1.555890679359436, -0.5033600926399231, 0.017351234331727028, 0.09457343816757202, -0.06407613307237625, -0.007268832065165043, 7000.0, 7000.0, 7000.0, 7000.0, 1.1580313444137573, -2.285963296890259
49791, -1.5551596879959106, -0.5038983821868896, 0.019398948177695274, 0.09722236543893814, -0.0670352578163147, 0.00597961712628603, 7000.0, 7000.0, 7000.0, 7000.0, 1.1554003953933716, -2.284313201904297
49810, -1.5553336143493652, -0.50376957654953, 0.01844443567097187, 0.0958448052406311, -0.06557741016149521, -0.0005892377230338752, 7000.0, 7000.0, 7000.0, 7000.0, 1.1692396402359009, -2.287553548812866
49830, -1.5557013750076294, -0.5035324692726135, 0.01877986267209053, 0.0941084548830986, -0.06359533965587616, 0.0009356866939924657, 7000.0, 7000.0, 7000.0, 7000.0, 1.173386573791504, -2.2990877628326416
49850, -1.5560802221298218, -0.503333568572998, 0.01769290491938591, 0.09293125569820404, -0.0638071820139885, -0.005998976994305849, 7000.0, 7000.0, 7000.0, 7000.0, 1.1672049760818481, -2.296823501586914
49870, -1.5568666458129883, -0.5028435587882996, 0.018071718513965607, 0.09024855494499207, -0.06273190677165985, -0.0028973303269594908, 7000.0, 7000.0, 7000.0, 7000.0, 1.1654548645019531, -2.289393901824951
49892, -1.557244896888733, -0.5025750994682312, 0.016815317794680595, 0.08879268914461136, -0.059921205043792725, -0.010052044875919819, 7000.0, 7000.0, 7000.0, 7000.0, 1.1830028295516968, -2.2840495109558105
49910, -1.5566765069961548, -0.5029835104942322, 0.015914160758256912, 0.09155795723199844, -0.06194419413805008, -0.014240222051739693, 7000.0, 7000.0, 7000.0, 7000.0, 1.1863707304000854, -2.291480541229248
49930, -1.5573246479034424, -0.5025547742843628, 0.016295531764626503, 0.08928263187408447, -0.06000442057847977, -0.010930852964520454, 7000.0, 7000.0, 7000.0, 7000.0, 1.1969387531280518, -2.3113903999328613
49950, -1.5573452711105347, -0.5025145411491394, 0.017218708992004395, 0.0897064134478569, -0.05862859636545181, -0.0023346743546426296, 7000.0, 7000.0, 7000.0, 7000.0, 1.2000617980957031, -2.326582670211792
49970, -1.5563673973083496, -0.5031479597091675, 0.016747189685702324, 0.09373188018798828, -0.06129422038793564, -0.005662763025611639, 7000.0, 7000.0, 7000.0, 7000.0, 1.1868101358413696, -2.3160006999969482
49992, -1.5568921566009521, -0.5027669072151184, 0.015446032397449017, 0.09074518829584122, -0.05871496722102165, -0.014327961020171642, 7000.0, 7000.0, 7000.0, 7000.0, 1.174697995185852, -2.2966225147247314
50010, -1.5561784505844116, -0.5032418966293335, 0.017499137669801712, 0.09376280009746552, -0.06123916804790497, 0.00042639076127670705, 7000.0, 7000.0, 7000.0, 7000.0, 1.1803510189056396, -2.3006250858306885
50030, -1.5561466217041016, -0.5032498836517334, 0.016494881361722946, 0.09362932294607162, -0.061639171093702316, -0.006510336883366108, 7000.0, 7000.0, 7000.0, 7000.0, 1.1670812368392944, -2.2955586910247803
50050, -1.556661605834961, -0.5029142498970032, 0.017927447333931923, 0.09135407209396362, -0.06133149564266205, 0.00395836541429162, 7000.0, 7000.0, 7000.0, 7000.0, 1.1605836153030396, -2.290562391281128
50070, -1.556962013244629, -0.5027128458023071, 0.01672299951314926, 0.08973505347967148, -0.06081124767661095, -0.0048177302815020084, 7000.0, 7000.0, 7000.0, 7000.0, 1.1661560535430908, -2.2953052520751953
50090, -1.5568374395370483, -0.5027941465377808, 0.0182349756360054, 0.09023533016443253, -0.06061135232448578, 0.005475241225212812, 7000.0, 7000.0, 7000.0, 7000.0, 1.1673176288604736, -2.289306640625
50111, -1.557405948638916, -0.5023666620254517, 0.016853030771017075, 0.08761243522167206, -0.05621571093797684, -0.004623969551175833, 7000.0, 7000.0, 7000.0, 7000.0, 1.2082207202911377, -2.301630735397339
50130, -1.5568950176239014, -0.5027028322219849, 0.01790097914636135, 0.08975034952163696, -0.05810018256306648, 0.002735345857217908, 7000.0, 7000.0, 7000.0, 7000.0, 1.202128291130066, -2.2993078231811523
50150, -1.5574716329574585, -0.5022981762886047, 0.016453497111797333, 0.08700940757989883, -0.05669301748275757, -0.007242101244628429, 7000.0, 7000.0, 7000.0, 7000.0, 1.1901320219039917, -2.295320987701416
50170, -1.5570918321609497, -0.5025678277015686, 0.01722533069550991, 0.08864279091358185, -0.058660395443439484, -0.0007060514180921018, 7000.0, 7000.0, 7000.0, 7000.0, 1.1957619190216064, -2.2976081371307373
50190, -1.5573440790176392, -0.5024246573448181, 0.016074903309345245, 0.08724083006381989, -0.058849722146987915, -0.008537191897630692, 7000.0, 7000.0, 7000.0, 7000.0, 1.1805161237716675, -2.2928972244262695
50212, -1.5570871829986572, -0.5026040077209473, 0.015082933939993382, 0.08840437978506088, -0.05940674990415573, -0.013962110504508018, 7000.0, 7000.0, 7000.0, 7000.0, 1.1709308624267578, -2.285452127456665
50230, -1.5568745136260986, -0.5027713775634766, 0.015999088063836098, 0.0894920825958252, -0.060602471232414246, -0.006665121763944626, 7000.0, 7000.0, 7000.0, 7000.0, 1.1674777269363403, -2.2816028594970703
50250, -1.5568641424179077, -0.5026939511299133, 0.014971123076975346, 0.08903642743825912, -0.05664859339594841, -0.01234662439674139, 7000.0, 7000.0, 7000.0, 7000.0, 1.188799500465393, -2.289755344390869
50272, -1.5570387840270996, -0.5025936961174011, 0.01698470674455166, 0.08765944093465805, -0.05665929988026619, 0.0016848036320880055, 7000.0, 7000.0, 7000.0, 7000.0, 1.1786048412322998, -2.2918803691864014
50290, -1.5576945543289185, -0.5021020770072937, 0.015673907473683357, 0.08476453274488449, -0.05286610871553421, -0.0073928567580878735, 7000.0, 7000.0, 7000.0, 7000.0, 1.197670817375183, -2.3057076930999756
50314, -1.5581258535385132, -0.5017919540405273, 0.016920125111937523, 0.08305821567773819, -0.052268147468566895, 0.0009765622089616954, 7000.0, 7000.0, 7000.0, 7000.0, 1.191859483718872, -2.2858567237854004
50330, -1.5579167604446411, -0.5018813610076904, 0.01605534926056862, 0.0836128368973732, -0.05187583714723587, -0.005145198665559292, 7000.0, 7000.0, 7000.0, 7000.0, 1.1937308311462402, -2.302109718322754
50351, -1.558186650276184, -0.501682698726654, 0.01700768433511257, 0.08247034251689911, -0.05111253261566162, 0.0018213309813290834, 7000.0, 7000.0, 7000.0, 7000.0, 1.1810638904571533, -2.2945985794067383
50370, -1.5578993558883667, -0.5018026828765869, 0.016164982691407204, 0.08320494741201401, -0.05051473528146744, -0.004761944059282541, 7000.0, 7000.0, 7000.0, 7000.0, 1.1925245523452759, -2.312788248062134
50390, -1.5583782196044922, -0.5014886260032654, 0.017949091270565987, 0.08145393431186676, -0.04951447620987892, 0.009976883418858051, 7000.0, 7000.0, 7000.0, 7000.0, 1.1792709827423096, -2.3159432411193848
50410, -1.557666540145874, -0.5018665790557861, 0.016896231099963188, 0.08447108417749405, -0.05150682106614113, 0.00024019533884711564, 7000.0, 7000.0, 7000.0, 7000.0, 1.171778678894043, -2.321118116378784
50432, -1.557756781578064, -0.5017796754837036, 0.018463755026459694, 0.08401760458946228, -0.05150400102138519, 0.012301399372518063, 7000.0, 7000.0, 7000.0, 7000.0, 1.1573748588562012, -2.322162389755249
50451, -1.5586241483688354, -0.5012069344520569, 0.017346985638141632, 0.08012377470731735, -0.046699296683073044, 0.002302789129316807, 7000.0, 7000.0, 7000.0, 7000.0, 1.1595646142959595, -2.317124843597412
50472, -1.5579169988632202, -0.5016066431999207, 0.018250251188874245, 0.0828201025724411, -0.04858884587883949, 0.009123721159994602, 7000.0, 7000.0, 7000.0, 7000.0, 1.180717945098877, -2.336752414703369
50490, -1.557454228401184, -0.5018405318260193, 0.017669038847088814, 0.08467355370521545, -0.04903912544250488, 0.0033986999187618494, 7000.0, 7000.0, 7000.0, 7000.0, 1.1825780868530273, -2.328848361968994
50511, -1.5579919815063477, -0.5014419555664062, 0.016130302101373672, 0.08153794705867767, -0.046181127429008484, -0.008315094746649265, 7000.0, 7000.0, 7000.0, 7000.0, 1.2054777145385742, -2.315830945968628
50530, -1.5580778121948242, -0.5013251900672913, 0.016259679570794106, 0.0808824747800827, -0.04523864760994911, -0.006920526269823313, 7000.0, 7000.0, 7000.0, 7000.0, 1.1991866827011108, -2.309499740600586
50551, -1.5585670471191406, -0.5010133981704712, 0.014943214133381844, 0.07858137041330338, -0.04525446146726608, -0.015861202031373978, 7000.0, 7000.0, 7000.0, 7000.0, 1.1800241470336914, -2.305262804031372
50571, -1.5584676265716553, -0.501041054725647, 0.016984613612294197, 0.08000244200229645, -0.04540614038705826, 0.0010558884823694825, 7000.0, 7000.0, 7000.0, 7000.0, 1.1652358770370483, -2.3016819953918457
50592, -1.5587326288223267, -0.5008889436721802, 0.015802670270204544, 0.07861145585775375, -0.04646400734782219, -0.0069316779263317585, 7000.0, 7000.0, 7000.0, 7000.0, 1.170039176940918, -2.307466506958008
50611, -1.5591063499450684, -0.5006877779960632, 0.015989098697900772, 0.07684895396232605, -0.047048889100551605, -0.004769699648022652, 7000.0, 7000.0, 7000.0, 7000.0, 1.1618092060089111, -2.298405408859253
50631, -1.559025764465332, -0.5007489323616028, 0.01556829921901226, 0.07803531736135483, -0.0481412410736084, -0.007236681412905455, 7000.0, 7000.0, 7000.0, 7000.0, 1.1534531116485596, -2.295020580291748
50651, -1.558599829673767, -0.5010278224945068, 0.016549162566661835, 0.0803539901971817, -0.04955659061670303, 0.0015228916890919209, 7000.0, 7000.0, 7000.0, 7000.0, 1.1626695394515991, -2.3145015239715576
50670, -1.5595042705535889, -0.5004975199699402, 0.015660064294934273, 0.07648490369319916, -0.048148080706596375, -0.005087065510451794, 7000.0, 7000.0, 7000.0, 7000.0, 1.1502509117126465, -2.29858136177063
50690, -1.5592639446258545, -0.5006838440895081, 0.014780061319470406, 0.07759702950716019, -0.04959007352590561, -0.010778503492474556, 7000.0, 7000.0, 7000.0, 7000.0, 1.1555389165878296, -2.2897489070892334
50710, -1.5594829320907593, -0.5005943775177002, 0.016462309285998344, 0.07710523158311844, -0.05023377016186714, 0.0007761251763440669, 7000.0, 7000.0, 7000.0, 7000.0, 1.152329444885254, -2.2960124015808105
50731, -1.5593540668487549, -0.5007361173629761, 0.015441074967384338, 0.07821128517389297, -0.05188610032200813, -0.00744742201641202, 7000.0, 7000.0, 7000.0, 7000.0, 1.149619221687317, -2.295102119445801
50751, -1.559366226196289, -0.5008009076118469, 0.017000291496515274, 0.07825565338134766, -0.05286123603582382, 0.0030046114698052406, 7000.0, 7000.0, 7000.0, 7000.0, 1.149316668510437, -2.294344186782837
50771, -1.5595782995224, -0.5006957054138184, 0.015804050490260124, 0.07697515934705734, -0.05140702426433563, -0.006021460518240929, 7000.0, 7000.0, 7000.0, 7000.0, 1.1748765707015991, -2.288344621658325
50790, -1.559532642364502, -0.5007638335227966, 0.018049554899334908, 0.07718785852193832, -0.05119410529732704, 0.008969145826995373, 7000.0, 7000.0, 7000.0, 7000.0, 1.1735337972640991, -2.2923474311828613
50810, -1.5593531131744385, -0.5009098052978516, 0.017079947516322136, 0.07770949602127075, -0.0510590523481369, 0.0006068882648833096, 7000.0, 7000.0, 7000.0, 7000.0, 1.1781591176986694, -2.305147171020508
50830, -1.5591906309127808, -0.5010566115379333, 0.018573882058262825, 0.0786161944270134, -0.05147118493914604, 0.011363903991878033, 7000.0, 7000.0, 7000.0, 7000.0, 1.1718378067016602, -2.3039228916168213
50850, -1.559586763381958, -0.5008338689804077, 0.017160523682832718, 0.07669343054294586, -0.05159876495599747, -0.00032960742828436196, 7000.0, 7000.0, 7000.0, 7000.0, 1.1680277585983276, -2.317798137664795
50871, -1.5590696334838867, -0.5011895298957825, 0.01825207658112049, 0.07922639697790146, -0.052694957703351974, 0.007704840041697025, 7000.0, 7000.0, 7000.0, 7000.0, 1.180033564567566, -2.3203065395355225
50891, -1.5594947338104248, -0.5009254217147827, 0.0168402548879385, 0.07734845578670502, -0.050267208367586136, -0.002836352912709117, 7000.0, 7000.0, 7000.0, 7000.0, 1.1835455894470215, -2.3310136795043945
50911, -1.5593552589416504, -0.5010146498680115, 0.01714065670967102, 0.07800853997468948, -0.050447218120098114, -3.872761681122938e-06, 7000.0, 7000.0, 7000.0, 7000.0, 1.1794148683547974, -2.3251917362213135
50930, -1.5590503215789795, -0.5012269020080566, 0.016251269727945328, 0.07965531200170517, -0.052217960357666016, -0.0063635120168328285, 7000.0, 7000.0, 7000.0, 7000.0, 1.1616934537887573, -2.3173065185546875
50950, -1.55921471118927, -0.5011324882507324, 0.017068514600396156, 0.07914461195468903, -0.05264755338430405, 0.001816412666812539, 7000.0, 7000.0, 7000.0, 7000.0, 1.1585121154785156, -2.3134379386901855
50971, -1.559281826019287, -0.5010899901390076, 0.015996670350432396, 0.07881391793489456, -0.05273369699716568, -0.00616845116019249, 7000.0, 7000.0, 7000.0, 7000.0, 1.1570268869400024, -2.318523406982422
50990, -1.5591254234313965, -0.5012254118919373, 0.014914631843566895, 0.07969742268323898, -0.054408956319093704, -0.01299737673252821, 7000.0, 7000.0, 7000.0, 7000.0, 1.1518292427062988, -2.310563087463379
51010, -1.5589534044265747, -0.5013391375541687, 0.016400622203946114, 0.08073374629020691, -0.05367150530219078, -0.0012239930219948292, 7000.0, 7000.0, 7000.0, 7000.0, 1.1651103496551514, -2.315295457839966
51032, -1.5593068599700928, -0.5011036396026611, 0.015688778832554817, 0.08031114935874939, -0.05331863462924957, -0.006134603638201952, 7000.0, 7000.0, 7000.0, 7000.0, 1.1570560932159424, -2.303769826889038
51051, -1.5592705011367798, -0.5011065602302551, 0.016655631363391876, 0.08075109869241714, -0.05206625163555145, 0.0012389110634103417, 7000.0, 7000.0, 7000.0, 7000.0, 1.1630852222442627, -2.300023078918457
51070, -1.5586516857147217, -0.5014331936836243, 0.015475391410291195, 0.08284694701433182, -0.05124570429325104, -0.007261516992002726, 7000.0, 7000.0, 7000.0, 7000.0, 1.1859217882156372, -2.306588649749756
51092, -1.5594450235366821, -0.5009130239486694, 0.017344927415251732, 0.08004333078861237, -0.04935763403773308, 0.00576387345790863, 7000.0, 7000.0, 7000.0, 7000.0, 1.1994425058364868, -2.3055362701416016
51112, -1.5594582557678223, -0.5008615851402283, 0.016351429745554924, 0.08007078617811203, -0.048255741596221924, -0.0021792035549879074, 7000.0, 7000.0, 7000.0, 7000.0, 1.2035257816314697, -2.3266801834106445
51130, -1.5592474937438965, -0.5009437799453735, 0.01793135143816471, 0.08090905845165253, -0.04806659743189812, 0.009007192216813564, 7000.0, 7000.0, 7000.0, 7000.0, 1.2013593912124634, -2.3271830081939697
51150, -1.5589773654937744, -0.5010756850242615, 0.01711098477244377, 0.08172851800918579, -0.0490759015083313, 0.0019030555849894881, 7000.0, 7000.0, 7000.0, 7000.0, 1.1750750541687012, -2.3105711936950684
51170, -1.5592803955078125, -0.5008498430252075, 0.018524490296840668, 0.0798816978931427, -0.04903179034590721, 0.011639701202511787, 7000.0, 7000.0, 7000.0, 7000.0, 1.1702282428741455, -2.308593273162842
51190, -1.559114933013916, -0.5009304881095886, 0.01753026433289051, 0.08037476986646652, -0.049995455890893936, 0.0021823125425726175, 7000.0, 7000.0, 7000.0, 7000.0, 1.1666814088821411, -2.3112709522247314
51210, -1.5590147972106934, -0.5009878873825073, 0.018292531371116638, 0.08060364425182343, -0.050722893327474594, 0.00843782164156437, 7000.0, 7000.0, 7000.0, 7000.0, 1.1600710153579712, -2.3158042430877686
51230, -1.5589343309402466, -0.5010020136833191, 0.017272476106882095, 0.0808144062757492, -0.04899466410279274, 8.317190804518759e-05, 7000.0, 7000.0, 7000.0, 7000.0, 1.177904486656189, -2.3220937252044678
51251, -1.558651328086853, -0.5011829137802124, 0.016129925847053528, 0.0824393555521965, -0.05065201595425606, -0.007853678427636623, 7000.0, 7000.0, 7000.0, 7000.0, 1.173035979270935, -2.3244216442108154
51270, -1.5585557222366333, -0.5012155175209045, 0.01689189486205578, 0.08283234387636185, -0.050609249621629715, -0.0027046522591263056, 7000.0, 7000.0, 7000.0, 7000.0, 1.1816351413726807, -2.3251101970672607
51290, -1.5587677955627441, -0.5010731816291809, 0.015619409270584583, 0.08193328231573105, -0.05007685348391533, -0.011389819905161858, 7000.0, 7000.0, 7000.0, 7000.0, 1.1810188293457031, -2.322216272354126
51310, -1.5580352544784546, -0.5015192627906799, 0.018037572503089905, 0.08576046675443649, -0.051868755370378494, 0.005305195692926645, 7000.0, 7000.0, 7000.0, 7000.0, 1.1942200660705566, -2.3332672119140625
51330, -1.5573992729187012, -0.5018757581710815, 0.017344752326607704, 0.08845333755016327, -0.05226438492536545, -0.000269395939540118, 7000.0, 7000.0, 7000.0, 7000.0, 1.195791482925415, -2.338010787963867
51350, -1.557063102722168, -0.5020697116851807, 0.01867322251200676, 0.0900060385465622, -0.05286506563425064, 0.00818124134093523, 7000.0, 7000.0, 7000.0, 7000.0, 1.177363395690918, -2.354856252670288
51370, -1.5573841333389282, -0.5018541812896729, 0.01740727387368679, 0.08854074031114578, -0.05205586180090904, -0.0009538926533423364, 7000.0, 7000.0, 7000.0, 7000.0, 1.174501657485962, -2.352037191390991
51390, -1.5576660633087158, -0.5016859173774719, 0.018448900431394577, 0.08714733272790909, -0.05263202264904976, 0.005946357734501362, 7000.0, 7000.0, 7000.0, 7000.0, 1.1676008701324463, -2.333467721939087
51410, -1.5576245784759521, -0.5016735792160034, 0.017450012266635895, 0.0880090743303299, -0.052097711712121964, -0.000811490579508245, 7000.0, 7000.0, 7000.0, 7000.0, 1.1721264123916626, -2.3334147930145264
51430, -1.5581474304199219, -0.5013516545295715, 0.017806751653552055, 0.08692000061273575, -0.05141217261552811, 0.001640088390558958, 7000.0, 7000.0, 7000.0, 7000.0, 1.1765596866607666, -2.3312320709228516
51450, -1.5579967498779297, -0.5014240741729736, 0.01645817793905735, 0.08687137812376022, -0.05164491385221481, -0.007392751518636942, 7000.0, 7000.0, 7000.0, 7000.0, 1.1684943437576294, -2.319984197616577
51470, -1.5574134588241577, -0.50180983543396, 0.017878377810120583, 0.09007657319307327, -0.05477374792098999, 0.0031531876884400845, 7000.0, 7000.0, 7000.0, 7000.0, 1.1632299423217773, -2.320342540740967
51491, -1.5584015846252441, -0.5012105107307434, 0.016887886449694633, 0.08667924255132675, -0.05335970222949982, -0.003983001224696636, 7000.0, 7000.0, 7000.0, 7000.0, 1.1572624444961548, -2.3151943683624268
51512, -1.557936668395996, -0.5014897584915161, 0.01845942623913288, 0.08883542567491531, -0.05470374971628189, 0.007623669225722551, 7000.0, 7000.0, 7000.0, 7000.0, 1.1536614894866943, -2.309849977493286
51530, -1.5573022365570068, -0.5018733143806458, 0.01792864315211773, 0.0913047045469284, -0.055945590138435364, 0.003098670393228531, 7000.0, 7000.0, 7000.0, 7000.0, 1.1698042154312134, -2.303316831588745
51550, -1.557059407234192, -0.5020098686218262, 0.017054352909326553, 0.0919269397854805, -0.05575350299477577, -0.002949660876765847, 7000.0, 7000.0, 7000.0, 7000.0, 1.1721956729888916, -2.3061397075653076
51573, -1.5569761991500854, -0.5020963549613953, 0.018846023827791214, 0.0921240895986557, -0.057145003229379654, 0.008080552332103252, 7000.0, 7000.0, 7000.0, 7000.0, 1.1593941450119019, -2.301424980163574
51590, -1.556764006614685, -0.5022773742675781, 0.017880944535136223, 0.09250840544700623, -0.05868004262447357, 0.0009636346367187798, 7000.0, 7000.0, 7000.0, 7000.0, 1.152256727218628, -2.2964298725128174
51610, -1.5568206310272217, -0.5022727847099304, 0.01850513555109501, 0.09226347506046295, -0.059216830879449844, 0.004412784706801176, 7000.0, 7000.0, 7000.0, 7000.0, 1.1475584506988525, -2.295020580291748
51630, -1.556617259979248, -0.5023936033248901, 0.01753183826804161, 0.09395768493413925, -0.05917486175894737, -0.0022760031279176474, 7000.0, 7000.0, 7000.0, 7000.0, 1.1659566164016724, -2.312958002090454
51651, -1.5562912225723267, -0.5026419162750244, 0.018695419654250145, 0.0952952578663826, -0.06106801703572273, 0.005592514295130968, 7000.0, 7000.0, 7000.0, 7000.0, 1.1586517095565796, -2.307443141937256
51670, -1.5566061735153198, -0.5023956298828125, 0.017542479559779167, 0.09424252063035965, -0.05766739323735237, -0.0020833825692534447, 7000.0, 7000.0, 7000.0, 7000.0, 1.1573609113693237, -2.301638603210449
51690, -1.555910348892212, -0.502781331539154, 0.018537890166044235, 0.09656458348035812, -0.057889875024557114, 0.00453742453828454, 7000.0, 7000.0, 7000.0, 7000.0, 1.1786214113235474, -2.3238940238952637
51713, -1.557106614112854, -0.5020778179168701, 0.016978932544589043, 0.09210245311260223, -0.05579555779695511, -0.005876129027456045, 7000.0, 7000.0, 7000.0, 7000.0, 1.17149817943573, -2.3174588680267334
51731, -1.5566571950912476, -0.5023452043533325, 0.01745424047112465, 0.09414555132389069, -0.05646740645170212, -0.000847523333504796, 7000.0, 7000.0, 7000.0, 7000.0, 1.1952039003372192, -2.3318982124328613
51750, -1.556180477142334, -0.5026296973228455, 0.016740210354328156, 0.09628909081220627, -0.0581563301384449, -0.005579008720815182, 7000.0, 7000.0, 7000.0, 7000.0, 1.1759401559829712, -2.326291084289551
51771, -1.556441068649292, -0.5024597644805908, 0.016114193946123123, 0.09685681015253067, -0.058201007544994354, -0.009468315169215202, 7000.0, 7000.0, 7000.0, 7000.0, 1.169435739517212, -2.331263303756714
51790, -1.5551527738571167, -0.5032628178596497, 0.01764659583568573, 0.10013148188591003, -0.06143416091799736, 0.001374684157781303, 7000.0, 7000.0, 7000.0, 7000.0, 1.1574223041534424, -2.322173595428467
51810, -1.5554940700531006, -0.5030543208122253, 0.01644955947995186, 0.0980268120765686, -0.06122134253382683, -0.006966778077185154, 7000.0, 7000.0, 7000.0, 7000.0, 1.1543220281600952, -2.31543231010437
51830, -1.5554654598236084, -0.5031223297119141, 0.01750004291534424, 0.09770407527685165, -0.06247304379940033, 0.00024034714442677796, 7000.0, 7000.0, 7000.0, 7000.0, 1.1479160785675049, -2.3240439891815186
51850, -1.5555446147918701, -0.5031020641326904, 0.016450244933366776, 0.09693343937397003, -0.06260996311903, -0.007246913388371468, 7000.0, 7000.0, 7000.0, 7000.0, 1.1476794481277466, -2.31701922416687
51870, -1.556517481803894, -0.5025261044502258, 0.017818618565797806, 0.09305404871702194, -0.06059875339269638, 0.002566660987213254, 7000.0, 7000.0, 7000.0, 7000.0, 1.1419357061386108, -2.3106868267059326
51892, -1.556639552116394, -0.5024705529212952, 0.016643786802887917, 0.09123304486274719, -0.05910063162446022, -0.00571195175871253, 7000.0, 7000.0, 7000.0, 7000.0, 1.142379879951477, -2.30819034576416
51911, -1.556383490562439, -0.5026775002479553, 0.018834447488188744, 0.09154125303030014, -0.059971705079078674, 0.012001165188848972, 7000.0, 7000.0, 7000.0, 7000.0, 1.1597676277160645, -2.3109192848205566
51930, -1.5563308000564575, -0.5027599930763245, 0.017917675897479057, 0.09089798480272293, -0.05995156988501549, 0.0032708789221942425, 7000.0, 7000.0, 7000.0, 7000.0, 1.1647344827651978, -2.309473991394043
51950, -1.5565176010131836, -0.5027299523353577, 0.018458031117916107, 0.08961502462625504, -0.0605805441737175, 0.006731057073920965, 7000.0, 7000.0, 7000.0, 7000.0, 1.1537094116210938, -2.3107855319976807
51971, -1.5573650598526, -0.5022081732749939, 0.017395049333572388, 0.08494406938552856, -0.05836375057697296, -0.001717182109132409, 7000.0, 7000.0, 7000.0, 7000.0, 1.1473593711853027, -2.311678409576416
51990, -1.5564674139022827, -0.5028749704360962, 0.018275080248713493, 0.09027180075645447, -0.06153341382741928, 0.005508034490048885, 7000.0, 7000.0, 7000.0, 7000.0, 1.1402164697647095, -2.3094303607940674
52010, -1.5570610761642456, -0.5025100111961365, 0.016799725592136383, 0.08771499246358871, -0.059232041239738464, -0.0057433415204286575, 7000.0, 7000.0, 7000.0, 7000.0, 1.1515274047851562, -2.3236374855041504
52033, -1.5577399730682373, -0.5020893812179565, 0.016826864331960678, 0.08476842194795609, -0.055622246116399765, -0.004492371343076229, 7000.0, 7000.0, 7000.0, 7000.0, 1.165050745010376, -2.317920207977295
52050, -1.5582345724105835, -0.5017606616020203, 0.016064338386058807, 0.08082018047571182, -0.052427928894758224, -0.009798870421946049, 7000.0, 7000.0, 7000.0, 7000.0, 1.1721121072769165, -2.310379981994629
52075, -1.558253288269043, -0.5016971826553345, 0.014960819855332375, 0.08027933537960052, -0.049237776547670364, -0.0162587221711874, 7000.0, 7000.0, 7000.0, 7000.0, 1.2003705501556396, -2.3166909217834473
52090, -1.5582748651504517, -0.5016614198684692, 0.017088884487748146, 0.08106275647878647, -0.049673642963171005, 0.0014262651093304157, 7000.0, 7000.0, 7000.0, 7000.0, 1.1844218969345093, -2.31699275970459
52113, -1.5586862564086914, -0.5013492703437805, 0.015842314809560776, 0.07943974435329437, -0.04863156005740166, -0.008620514534413815, 7000.0, 7000.0, 7000.0, 7000.0, 1.1681368350982666, -2.317049026489258
52132, -1.558883547782898, -0.5011796355247498, 0.01747625134885311, 0.07865055650472641, -0.048309821635484695, 0.0037640982773154974, 7000.0, 7000.0, 7000.0, 7000.0, 1.155689001083374, -2.312869071960449
52150, -1.558297038078308, -0.5015003681182861, 0.016707150265574455, 0.08153661340475082, -0.04964137449860573, -0.0024995380081236362, 7000.0, 7000.0, 7000.0, 7000.0, 1.1629903316497803, -2.3284049034118652
52171, -1.5585616827011108, -0.5013072490692139, 0.017474934458732605, 0.08093220740556717, -0.04889361932873726, 0.0030473985243588686, 7000.0, 7000.0, 7000.0, 7000.0, 1.1554129123687744, -2.3210530281066895
52190, -1.5578341484069824, -0.5017333626747131, 0.01685968041419983, 0.08404173702001572, -0.051391683518886566, -0.001902671530842781, 7000.0, 7000.0, 7000.0, 7000.0, 1.1514482498168945, -2.316331386566162
52210, -1.5588067770004272, -0.5011392831802368, 0.016909224912524223, 0.07945463806390762, -0.05030142143368721, -0.0009549857932142913, 7000.0, 7000.0, 7000.0, 7000.0, 1.1414251327514648, -2.3118033409118652
52236, -1.5590840578079224, -0.5009786486625671, 0.015538963489234447, 0.07759351283311844, -0.04969068989157677, -0.010648243129253387, 7000.0, 7000.0, 7000.0, 7000.0, 1.1326462030410767, -2.3089194297790527
52250, -1.558923602104187, -0.5010963678359985, 0.017699170857667923, 0.07870826125144958, -0.051198653876781464, 0.00771055044606328, 7000.0, 7000.0, 7000.0, 7000.0, 1.157433271408081, -2.320563316345215
52271, -1.5586066246032715, -0.5013262033462524, 0.017022857442498207, 0.07993961125612259, -0.05261071026325226, 0.0015138254966586828, 7000.0, 7000.0, 7000.0, 7000.0, 1.1476460695266724, -2.314815044403076
52291, -1.5590242147445679, -0.5010878443717957, 0.016217511147260666, 0.0778343454003334, -0.05199367180466652, -0.004910183604806662, 7000.0, 7000.0, 7000.0, 7000.0, 1.1439318656921387, -2.3148913383483887
52312, -1.5587164163589478, -0.5013599395751953, 0.01706494763493538, 0.07973237335681915, -0.054759711027145386, 0.0012824430596083403, 7000.0, 7000.0, 7000.0, 7000.0, 1.1478047370910645, -2.314497232437134
52331, -1.5595253705978394, -0.5008463859558105, 0.015994498506188393, 0.07583598792552948, -0.05160759389400482, -0.006496446672827005, 7000.0, 7000.0, 7000.0, 7000.0, 1.1456154584884644, -2.305147171020508
52350, -1.5594009160995483, -0.5009752511978149, 0.017471808940172195, 0.07710828632116318, -0.05287715420126915, 0.004789047874510288, 7000.0, 7000.0, 7000.0, 7000.0, 1.1400017738342285, -2.3083927631378174
52370, -1.558979868888855, -0.5012677907943726, 0.01656659133732319, 0.07960914075374603, -0.05351143330335617, -0.0024531129747629166, 7000.0, 7000.0, 7000.0, 7000.0, 1.156075358390808, -2.317631721496582
52390, -1.5591089725494385, -0.5012268424034119, 0.017891360446810722, 0.07950007170438766, -0.05389463156461716, 0.007407601922750473, 7000.0, 7000.0, 7000.0, 7000.0, 1.1494479179382324, -2.313786745071411
52413, -1.5590596199035645, -0.501250147819519, 0.01694321632385254, 0.07968747615814209, -0.05259326472878456, -0.0003220024809706956, 7000.0, 7000.0, 7000.0, 7000.0, 1.1498210430145264, -2.309051036834717
52430, -1.558883786201477, -0.5013798475265503, 0.01818019151687622, 0.08102856576442719, -0.05390646308660507, 0.008419393561780453, 7000.0, 7000.0, 7000.0, 7000.0, 1.1521916389465332, -2.3166332244873047
52452, -1.5589390993118286, -0.5013177990913391, 0.017108537256717682, 0.08102209120988846, -0.05212951824069023, 0.00020299492462072521, 7000.0, 7000.0, 7000.0, 7000.0, 1.1784101724624634, -2.318643093109131
52470, -1.5597388744354248, -0.5007943511009216, 0.018459104001522064, 0.07692037522792816, -0.04918573424220085, 0.01048901304602623, 7000.0, 7000.0, 7000.0, 7000.0, 1.171433925628662, -2.319772243499756
52490, -1.5592023134231567, -0.5011113882064819, 0.01718899980187416, 0.0807071179151535, -0.051356956362724304, -0.0006512468680739403, 7000.0, 7000.0, 7000.0, 7000.0, 1.1729158163070679, -2.3213424682617188
52510, -1.5595015287399292, -0.5009125471115112, 0.018491502851247787, 0.07851230353116989, -0.050284795463085175, 0.009663530625402927, 7000.0, 7000.0, 7000.0, 7000.0, 1.161747694015503, -2.322338581085205
52530, -1.5593390464782715, -0.5009879469871521, 0.01746346428990364, 0.07924707978963852, -0.04976631700992584, 0.0008842120878398418, 7000.0, 7000.0, 7000.0, 7000.0, 1.15315580368042, -2.3150391578674316
52550, -1.5591514110565186, -0.501082181930542, 0.016420207917690277, 0.07965439558029175, -0.05005493387579918, -0.006772557273507118, 7000.0, 7000.0, 7000.0, 7000.0, 1.156686544418335, -2.309495687484741
52571, -1.5595718622207642, -0.5007876753807068, 0.0170168224722147, 0.07782739400863647, -0.048553694039583206, -0.0030312929302453995, 7000.0, 7000.0, 7000.0, 7000.0, 1.1640522480010986, -2.309709072113037
52590, -1.559526801109314, -0.5008168816566467, 0.015883564949035645, 0.07847148925065994, -0.049947675317525864, -0.010847882367670536, 7000.0, 7000.0, 7000.0, 7000.0, 1.1560401916503906, -2.314785957336426
52613, -1.5590986013412476, -0.5010786056518555, 0.016713734716176987, 0.0808379128575325, -0.0523359552025795, -0.004055862780660391, 7000.0, 7000.0, 7000.0, 7000.0, 1.1595395803451538, -2.316955089569092
52630, -1.559377908706665, -0.5009014010429382, 0.015971681103110313, 0.07968892902135849, -0.05177908390760422, -0.009202003479003906, 7000.0, 7000.0, 7000.0, 7000.0, 1.1476718187332153, -2.3165502548217773
52650, -1.5592601299285889, -0.5009958148002625, 0.017617175355553627, 0.08067473024129868, -0.05326384678483009, 0.002877322258427739, 7000.0, 7000.0, 7000.0, 7000.0, 1.1464189291000366, -2.3116283416748047
52670, -1.5588210821151733, -0.5012874603271484, 0.016840778291225433, 0.08273768424987793, -0.054118718951940536, -0.0027188730891793966, 7000.0, 7000.0, 7000.0, 7000.0, 1.1601701974868774, -2.3117802143096924
52690, -1.5580543279647827, -0.5018218755722046, 0.01865052431821823, 0.08611631393432617, -0.05741863325238228, 0.00998822320252657, 7000.0, 7000.0, 7000.0, 7000.0, 1.1568280458450317, -2.2994418144226074
52711, -1.5587365627288818, -0.501367449760437, 0.017215382307767868, 0.08253902196884155, -0.054628320038318634, -0.000721193035133183, 7000.0, 7000.0, 7000.0, 7000.0, 1.1692134141921997, -2.2942988872528076
52730, -1.558510422706604, -0.5015531778335571, 0.018649721518158913, 0.08371922373771667, -0.0561862476170063, 0.009263693355023861, 7000.0, 7000.0, 7000.0, 7000.0, 1.159165382385254, -2.295269012451172
52750, -1.5585702657699585, -0.5015409588813782, 0.017589397728443146, 0.08292603492736816, -0.05563374236226082, 0.0008183261379599571, 7000.0, 7000.0, 7000.0, 7000.0, 1.166299819946289, -2.2978997230529785
52770, -1.558305025100708, -0.5017459392547607, 0.016563355922698975, 0.08418205380439758, -0.05704179033637047, -0.006157308351248503, 7000.0, 7000.0, 7000.0, 7000.0, 1.1558177471160889, -2.3039400577545166
52790, -1.5586315393447876, -0.5015639066696167, 0.01689816452562809, 0.0831632912158966, -0.056953709572553635, -0.003708719043061137, 7000.0, 7000.0, 7000.0, 7000.0, 1.1560957431793213, -2.300461530685425
52810, -1.5584056377410889, -0.5017175674438477, 0.01588844321668148, 0.08424802869558334, -0.05639788880944252, -0.009922822937369347, 7000.0, 7000.0, 7000.0, 7000.0, 1.1646699905395508, -2.3040225505828857
52831, -1.558185338973999, -0.5019041895866394, 0.017517587170004845, 0.08538664132356644, -0.05815918743610382, 0.0008694560383446515, 7000.0, 7000.0, 7000.0, 7000.0, 1.1534348726272583, -2.3106307983398438
52851, -1.5579216480255127, -0.5020896792411804, 0.01648939959704876, 0.08679940551519394, -0.058198705315589905, -0.0056325457990169525, 7000.0, 7000.0, 7000.0, 7000.0, 1.1648221015930176, -2.314631223678589
52870, -1.5573450326919556, -0.5024678111076355, 0.018018020316958427, 0.08920548111200333, -0.05864032357931137, 0.004684763494879007, 7000.0, 7000.0, 7000.0, 7000.0, 1.1713476181030273, -2.3109564781188965
52891, -1.5570920705795288, -0.5026107430458069, 0.017105547711253166, 0.09018845856189728, -0.05837893858551979, -0.001868884894065559, 7000.0, 7000.0, 7000.0, 7000.0, 1.161262035369873, -2.305727005004883
52911, -1.5561975240707397, -0.5031387209892273, 0.018501903861761093, 0.09390044957399368, -0.05920003354549408, 0.007032641675323248, 7000.0, 7000.0, 7000.0, 7000.0, 1.1678805351257324, -2.3226401805877686
52930, -1.5567213296890259, -0.5027998685836792, 0.017762506380677223, 0.09118172526359558, -0.05837191641330719, 0.001294633955694735, 7000.0, 7000.0, 7000.0, 7000.0, 1.1715277433395386, -2.3308005332946777
52950, -1.5550544261932373, -0.5038676261901855, 0.019068434834480286, 0.09776356816291809, -0.06250713020563126, 0.008889594115316868, 7000.0, 7000.0, 7000.0, 7000.0, 1.1654741764068604, -2.327754497528076
52970, -1.55649733543396, -0.5029647350311279, 0.017969250679016113, 0.09178908914327621, -0.06009740009903908, 0.001256156712770462, 7000.0, 7000.0, 7000.0, 7000.0, 1.1591379642486572, -2.3181064128875732
52990, -1.5568046569824219, -0.502737283706665, 0.018876947462558746, 0.09105250239372253, -0.05906481295824051, 0.006974291056394577, 7000.0, 7000.0, 7000.0, 7000.0, 1.1600145101547241, -2.3191373348236084
53010, -1.5565385818481445, -0.5029287338256836, 0.018150974065065384, 0.09230482578277588, -0.060856595635414124, 0.0019111274741590023, 7000.0, 7000.0, 7000.0, 7000.0, 1.1509463787078857, -2.319051504135132
53030, -1.5565122365951538, -0.5029640793800354, 0.01856670342385769, 0.09284065663814545, -0.062032513320446014, 0.004668759647756815, 7000.0, 7000.0, 7000.0, 7000.0, 1.1467951536178589, -2.3184425830841064
53050, -1.556419014930725, -0.5030419826507568, 0.01781892590224743, 0.09348978102207184, -0.06287003308534622, -0.00034774336381815374, 7000.0, 7000.0, 7000.0, 7000.0, 1.1461502313613892, -2.321129083633423
53071, -1.555285096168518, -0.5038257837295532, 0.01931728608906269, 0.09842754900455475, -0.06630130112171173, 0.0093837920576334, 7000.0, 7000.0, 7000.0, 7000.0, 1.1446301937103271, -2.3168585300445557
53090, -1.5547784566879272, -0.5041232705116272, 0.018854895606637, 0.10046255588531494, -0.06587157398462296, 0.005166924092918634, 7000.0, 7000.0, 7000.0, 7000.0, 1.1703341007232666, -2.322767734527588
53110, -1.554674506187439, -0.5042217969894409, 0.018069786950945854, 0.10067155957221985, -0.06723260879516602, -0.0001378480374114588, 7000.0, 7000.0, 7000.0, 7000.0, 1.1621696949005127, -2.31062388420105
53131, -1.5544990301132202, -0.5042783617973328, 0.018952777609229088, 0.10136962682008743, -0.06610690802335739, 0.005306224338710308, 7000.0, 7000.0, 7000.0, 7000.0, 1.1698542833328247, -2.323280096054077
53151, -1.5544319152832031, -0.504334032535553, 0.01819656789302826, 0.10098659247159958, -0.06662295013666153, -0.00016284786397591233, 7000.0, 7000.0, 7000.0, 7000.0, 1.1570589542388916, -2.308694839477539
53170, -1.5552353858947754, -0.5037961602210999, 0.019798986613750458, 0.09836897253990173, -0.06405958533287048, 0.00906762108206749, 7000.0, 7000.0, 7000.0, 7000.0, 1.178717851638794, -2.331144094467163
53192, -1.5557149648666382, -0.5034645795822144, 0.018106134608387947, 0.09626919031143188, -0.06310797482728958, -0.003732651472091675, 7000.0, 7000.0, 7000.0, 7000.0, 1.1673117876052856, -2.322605848312378
53211, -1.5566412210464478, -0.5028460621833801, 0.01828879490494728, 0.09339025616645813, -0.06120208650827408, -0.002770929830148816, 7000.0, 7000.0, 7000.0, 7000.0, 1.1588549613952637, -2.3154454231262207
53233, -1.5566422939300537, -0.5028228163719177, 0.01701475866138935, 0.09344590455293655, -0.06032437086105347, -0.011260634288191795, 7000.0, 7000.0, 7000.0, 7000.0, 1.170212984085083, -2.3287768363952637
53251, -1.556436538696289, -0.5029678344726562, 0.0181327685713768, 0.09412964433431625, -0.061689622700214386, -0.0012127869995310903, 7000.0, 7000.0, 7000.0, 7000.0, 1.1589183807373047, -2.3207128047943115
53271, -1.556220293045044, -0.5030777454376221, 0.017016706988215446, 0.09492580592632294, -0.06091005727648735, -0.008589677512645721, 7000.0, 7000.0, 7000.0, 7000.0, 1.16336989402771, -2.322678804397583
53292, -1.5573186874389648, -0.5023631453514099, 0.01779845356941223, 0.08937446773052216, -0.05810398980975151, -0.0019931485876441, 7000.0, 7000.0, 7000.0, 7000.0, 1.155224323272705, -2.321568012237549
53313, -1.5564656257629395, -0.5028918385505676, 0.01706319861114025, 0.09193913638591766, -0.05905713140964508, -0.0067286682315170765, 7000.0, 7000.0, 7000.0, 7000.0, 1.1690590381622314, -2.3127171993255615
53332, -1.5571422576904297, -0.5024439692497253, 0.01853051595389843, 0.08885277062654495, -0.05707762390375137, 0.006159026641398668, 7000.0, 7000.0, 7000.0, 7000.0, 1.1737529039382935, -2.3058533668518066
53350, -1.555904507637024, -0.5032363533973694, 0.018282148987054825, 0.09361803531646729, -0.060377661138772964, 0.0033823740668594837, 7000.0, 7000.0, 7000.0, 7000.0, 1.1597787141799927, -2.315776824951172
53371, -1.5550222396850586, -0.5038042664527893, 0.017665637657046318, 0.09639360755681992, -0.062374990433454514, -0.001200216356664896, 7000.0, 7000.0, 7000.0, 7000.0, 1.1548963785171509, -2.309830904006958
53390, -1.5569508075714111, -0.5025473237037659, 0.0180245041847229, 0.08912104368209839, -0.05751293525099754, 0.0007675850065425038, 7000.0, 7000.0, 7000.0, 7000.0, 1.1475601196289062, -2.3107450008392334
53411, -1.5565334558486938, -0.5028201937675476, 0.017053917050361633, 0.08981584012508392, -0.05886039137840271, -0.0067132203839719296, 7000.0, 7000.0, 7000.0, 7000.0, 1.148290991783142, -2.3087258338928223
53430, -1.5563890933990479, -0.5029215216636658, 0.017805231735110283, 0.0901092067360878, -0.059405624866485596, -0.0013328752247616649, 7000.0, 7000.0, 7000.0, 7000.0, 1.1480902433395386, -2.306159496307373
53451, -1.5568863153457642, -0.5026115775108337, 0.016530482098460197, 0.08755794167518616, -0.058726366609334946, -0.010239250026643276, 7000.0, 7000.0, 7000.0, 7000.0, 1.1399588584899902, -2.3087663650512695
53470, -1.556777834892273, -0.5026870965957642, 0.01801668480038643, 0.08803921192884445, -0.05849006772041321, 0.0013171262107789516, 7000.0, 7000.0, 7000.0, 7000.0, 1.1579784154891968, -2.321291446685791
53494, -1.5575463771820068, -0.5022324919700623, 0.01611446589231491, 0.08503542840480804, -0.058228276669979095, -0.011614847928285599, 7000.0, 7000.0, 7000.0, 7000.0, 1.1537975072860718, -2.310676336288452
53510, -1.5578176975250244, -0.5020740628242493, 0.017356565222144127, 0.08396466076374054, -0.057366419583559036, -0.0014329154510051012, 7000.0, 7000.0, 7000.0, 7000.0, 1.149898886680603, -2.3277220726013184
53530, -1.5575215816497803, -0.5023098587989807, 0.01642107591032982, 0.08487601578235626, -0.058702338486909866, -0.0070497216656804085, 7000.0, 7000.0, 7000.0, 7000.0, 1.13906991481781, -2.316128969192505
53550, -1.5578968524932861, -0.5020943880081177, 0.017582183703780174, 0.08336515724658966, -0.058309607207775116, 0.0013736552791669965, 7000.0, 7000.0, 7000.0, 7000.0, 1.1403281688690186, -2.305637836456299
53571, -1.5578175783157349, -0.5021977424621582, 0.016661427915096283, 0.08388758450746536, -0.059129051864147186, -0.005345550365746021, 7000.0, 7000.0, 7000.0, 7000.0, 1.1436209678649902, -2.3109121322631836
53591, -1.5576955080032349, -0.5023170709609985, 0.015601269900798798, 0.08489356935024261, -0.05981438234448433, -0.012147128582000732, 7000.0, 7000.0, 7000.0, 7000.0, 1.1425365209579468, -2.3071954250335693
53610, -1.558670997619629, -0.5016530752182007, 0.017160214483737946, 0.08135471493005753, -0.05656803771853447, -0.0008579830755479634, 7000.0, 7000.0, 7000.0, 7000.0, 1.1466147899627686, -2.3078134059906006
53630, -1.5578640699386597, -0.5022184252738953, 0.01580864191055298, 0.08510714769363403, -0.05863200128078461, -0.009307563304901123, 7000.0, 7000.0, 7000.0, 7000.0, 1.148037314414978, -2.310030937194824
53650, -1.558476209640503, -0.501815915107727, 0.017151031643152237, 0.08217521011829376, -0.05640693008899689, 0.000398331496398896, 7000.0, 7000.0, 7000.0, 7000.0, 1.1460820436477661, -2.3114840984344482
53670, -1.5585557222366333, -0.5017839074134827, 0.01609892211854458, 0.08169706165790558, -0.05673672631382942, -0.00705298176035285, 7000.0, 7000.0, 7000.0, 7000.0, 1.1505749225616455, -2.3057777881622314
53691, -1.5584831237792969, -0.5018590688705444, 0.017525380477309227, 0.0821087509393692, -0.05739482119679451, 0.003726916154846549, 7000.0, 7000.0, 7000.0, 7000.0, 1.1488326787948608, -2.3011319637298584
53710, -1.558318018913269, -0.5019729137420654, 0.016613222658634186, 0.08245491981506348, -0.0574028342962265, -0.0033785051200538874, 7000.0, 7000.0, 7000.0, 7000.0, 1.143682837486267, -2.2955081462860107
53730, -1.5586121082305908, -0.5017979741096497, 0.017460640519857407, 0.08130653947591782, -0.057230234146118164, 0.0031748488545417786, 7000.0, 7000.0, 7000.0, 7000.0, 1.1394082307815552, -2.2919809818267822
53750, -1.5574631690979004, -0.5026103854179382, 0.017176438122987747, 0.08627399802207947, -0.060945454984903336, 0.0004815750871784985, 7000.0, 7000.0, 7000.0, 7000.0, 1.1420150995254517, -2.291409730911255
53770, -1.5577982664108276, -0.5024077296257019, 0.018311388790607452, 0.08450651168823242, -0.06047028675675392, 0.008421169593930244, 7000.0, 7000.0, 7000.0, 7000.0, 1.13667631149292, -2.300715446472168
53790, -1.5577609539031982, -0.5024399757385254, 0.017335910350084305, 0.08515140414237976, -0.05967513844370842, 0.0006339767714962363, 7000.0, 7000.0, 7000.0, 7000.0, 1.1357996463775635, -2.294283390045166
53810, -1.5575448274612427, -0.5025855898857117, 0.018455034121870995, 0.08619391918182373, -0.06029459834098816, 0.008884110487997532, 7000.0, 7000.0, 7000.0, 7000.0, 1.1507271528244019, -2.305037260055542
53830, -1.557631015777588, -0.502512514591217, 0.01754436083137989, 0.08612698316574097, -0.05960913375020027, 0.0017334958538413048, 7000.0, 7000.0, 7000.0, 7000.0, 1.1480857133865356, -2.316319465637207
53850, -1.5680397748947144, -0.4955618679523468, 0.009985139593482018, -0.0018472569063305855, 0.0014551937347278, 0.000107058476714883, 7000.0, 7000.0, 7000.0, 7000.0, 0.09685826301574707, -0.18768885731697083
53871, -1.5678623914718628, -0.4955121874809265, 0.017219804227352142, 0.00020172848599031568, 0.0015585054643452168, -0.0002501904673408717, 7000.0, 7000.0, 7000.0, 7000.0, 0.22812235355377197, -0.4812248945236206
53890, -1.5678378343582153, -0.49551263451576233, 0.016316624358296394, 0.0026410026475787163, 0.0018924848409369588, -0.0010611903853714466, 7000.0, 7000.0, 7000.0, 7000.0, 0.35365527868270874, -0.7300446629524231
53910, -1.5676857233047485, -0.4955175518989563, 0.018111342564225197, 0.006659612059593201, 0.0005418657092377543, 0.00184910767711699, 7000.0, 7000.0, 7000.0, 7000.0, 0.4280029535293579, -0.8727059960365295
53930, -1.5674759149551392, -0.4955882430076599, 0.01690831407904625, 0.012123924680054188, -0.00259922887198627, -0.002133752452209592, 7000.0, 7000.0, 7000.0, 7000.0, 0.5165139436721802, -1.0539509057998657
53950, -1.567215085029602, -0.49569931626319885, 0.01793166622519493, 0.017915362492203712, -0.005020949989557266, 0.003682201961055398, 7000.0, 7000.0, 7000.0, 7000.0, 0.5738136172294617, -1.1564618349075317
53970, -1.5668361186981201, -0.49585583806037903, 0.017428569495677948, 0.022399963811039925, -0.007668633013963699, 0.00039465699228458107, 7000.0, 7000.0, 7000.0, 7000.0, 0.6197282671928406, -1.2512702941894531
53990, -1.5664373636245728, -0.49602457880973816, 0.01873253844678402, 0.026704024523496628, -0.009869549423456192, 0.00870626512914896, 7000.0, 7000.0, 7000.0, 7000.0, 0.6394691467285156, -1.2836722135543823
54010, -1.566033124923706, -0.4962139129638672, 0.017706599086523056, 0.03151175007224083, -0.01232120580971241, 0.0006054869736544788, 7000.0, 7000.0, 7000.0, 7000.0, 0.6783588528633118, -1.351231575012207
54030, -1.5655995607376099, -0.4964620769023895, 0.017891399562358856, 0.0353248193860054, -0.015597141347825527, 0.0023747901432216167, 7000.0, 7000.0, 7000.0, 7000.0, 0.7072097659111023, -1.3912830352783203
54050, -1.565317988395691, -0.49663591384887695, 0.01667110063135624, 0.038750194013118744, -0.01800667680799961, -0.006490450352430344, 7000.0, 7000.0, 7000.0, 7000.0, 0.7559531331062317, -1.4328590631484985
54070, -1.5649046897888184, -0.4968385696411133, 0.018102535977959633, 0.041666179895401, -0.019395580515265465, 0.005818414967507124, 7000.0, 7000.0, 7000.0, 7000.0, 0.7615182995796204, -1.4426721334457397
54090, -1.5645092725753784, -0.4970845580101013, 0.01727190427482128, 0.0442066453397274, -0.021585270762443542, -0.0005037338705733418, 7000.0, 7000.0, 7000.0, 7000.0, 0.77345871925354, -1.4494712352752686
54110, -1.5644468069076538, -0.4971741735935211, 0.015847016125917435, 0.044088948518037796, -0.022426217794418335, -0.009653993882238865, 7000.0, 7000.0, 7000.0, 7000.0, 0.7951492071151733, -1.45375657081604
54130, -1.5643113851547241, -0.49731048941612244, 0.01706714741885662, 0.0446966290473938, -0.02345065400004387, -0.0010821573669090867, 7000.0, 7000.0, 7000.0, 7000.0, 0.816374659538269, -1.4384398460388184
54150, -1.5636674165725708, -0.49766984581947327, 0.016601629555225372, 0.04779672250151634, -0.025425007566809654, -0.003508139168843627, 7000.0, 7000.0, 7000.0, 7000.0, 0.8087054491043091, -1.449379563331604
54170, -1.5633971691131592, -0.49785101413726807, 0.01780918799340725, 0.04797614365816116, -0.02607821673154831, 0.004001975525170565, 7000.0, 7000.0, 7000.0, 7000.0, 0.8078189492225647, -1.4526569843292236
54191, -1.5632256269454956, -0.4979543387889862, 0.016952937468886375, 0.047947030514478683, -0.025527609512209892, -0.0020963773131370544, 7000.0, 7000.0, 7000.0, 7000.0, 0.8126816153526306, -1.4409133195877075
54210, -1.5635275840759277, -0.49778592586517334, 0.01829845830798149, 0.045936957001686096, -0.024011289700865746, 0.007185138296335936, 7000.0, 7000.0, 7000.0, 7000.0, 0.8291692733764648, -1.40450918674469
54230, -1.5634541511535645, -0.49784544110298157, 0.017386456951498985, 0.04581678658723831, -0.02425537258386612, 0.00031955059967003763, 7000.0, 7000.0, 7000.0, 7000.0, 0.8273619413375854, -1.4043306112289429
54250, -1.5636019706726074, -0.4977964460849762, 0.018811793997883797, 0.04486016184091568, -0.02416234090924263, 0.009464656934142113, 7000.0, 7000.0, 7000.0, 7000.0, 0.8334621787071228, -1.3716397285461426
54270, -1.5635244846343994, -0.4978501498699188, 0.017792968079447746, 0.04493344947695732, -0.024116965010762215, 0.0015288752038031816, 7000.0, 7000.0, 7000.0, 7000.0, 0.833891749382019, -1.388229489326477
54290, -1.5636893510818481, -0.4977681636810303, 0.017828697338700294, 0.043905433267354965, -0.02359726093709469, 0.001835112227126956, 7000.0, 7000.0, 7000.0, 7000.0, 0.8392748236656189, -1.3764053583145142
54313, -1.5636072158813477, -0.4978056848049164, 0.01684536226093769, 0.04448957368731499, -0.023732030764222145, -0.004815229680389166, 7000.0, 7000.0, 7000.0, 7000.0, 0.8363732695579529, -1.3724125623703003
54332, -1.5633275508880615, -0.49795371294021606, 0.01769472472369671, 0.04519511014223099, -0.023764146491885185, 0.0018778995145112276, 7000.0, 7000.0, 7000.0, 7000.0, 0.8377769589424133, -1.36310613155365
54350, -1.5631898641586304, -0.498029887676239, 0.01688256300985813, 0.045435599982738495, -0.024195048958063126, -0.003745481139048934, 7000.0, 7000.0, 7000.0, 7000.0, 0.8378584384918213, -1.3590821027755737
54370, -1.563390851020813, -0.49794700741767883, 0.0178302600979805, 0.04422453045845032, -0.0238741934299469, 0.00380052556283772, 7000.0, 7000.0, 7000.0, 7000.0, 0.8422712087631226, -1.3482388257980347
54391, -1.5637569427490234, -0.49774566292762756, 0.016987930983304977, 0.04285496100783348, -0.022381795570254326, -0.0017738544847816229, 7000.0, 7000.0, 7000.0, 7000.0, 0.8420040011405945, -1.3355571031570435
54410, -1.5627657175064087, -0.49825501441955566, 0.01634330302476883, 0.04776288941502571, -0.024648983031511307, -0.0052884123288095, 7000.0, 7000.0, 7000.0, 7000.0, 0.842712938785553, -1.3337093591690063
54430, -1.56248140335083, -0.49839234352111816, 0.018046310171484947, 0.04808782786130905, -0.024400170892477036, 0.00585805531591177, 7000.0, 7000.0, 7000.0, 7000.0, 0.8404025435447693, -1.3266798257827759
54450, -1.5625661611557007, -0.49835169315338135, 0.01755383424460888, 0.04714043438434601, -0.023175671696662903, 0.0026142923161387444, 7000.0, 7000.0, 7000.0, 7000.0, 0.8437679409980774, -1.3045628070831299
54471, -1.5629428625106812, -0.4981374740600586, 0.01862931251525879, 0.04469813033938408, -0.02186453342437744, 0.008949208073318005, 7000.0, 7000.0, 7000.0, 7000.0, 0.8479469418525696, -1.2913836240768433
54490, -1.5629918575286865, -0.4980795681476593, 0.017719922587275505, 0.04405200481414795, -0.021392157301306725, 0.0017764760414138436, 7000.0, 7000.0, 7000.0, 7000.0, 0.8516599535942078, -1.275104284286499
54510, -1.5632816553115845, -0.49791744351387024, 0.018401987850666046, 0.04257947951555252, -0.020539194345474243, 0.005876992829144001, 7000.0, 7000.0, 7000.0, 7000.0, 0.852213442325592, -1.2703322172164917
54533, -1.5631945133209229, -0.49791860580444336, 0.01692391186952591, 0.042951617389917374, -0.021039137616753578, -0.004831839352846146, 7000.0, 7000.0, 7000.0, 7000.0, 0.8562541007995605, -1.2642258405685425
54550, -1.563376545906067, -0.4978296160697937, 0.01765529438853264, 0.04256439581513405, -0.020899269729852676, 0.0005741900531575084, 7000.0, 7000.0, 7000.0, 7000.0, 0.8527244329452515, -1.261793851852417
54571, -1.5632166862487793, -0.49790215492248535, 0.016871366649866104, 0.04288943111896515, -0.020528899505734444, -0.004884418100118637, 7000.0, 7000.0, 7000.0, 7000.0, 0.8587702512741089, -1.2471991777420044
54590, -1.5630223751068115, -0.4979795515537262, 0.01775546185672283, 0.04328969866037369, -0.020483102649450302, 0.002818603767082095, 7000.0, 7000.0, 7000.0, 7000.0, 0.8568194508552551, -1.2379204034805298
54611, -1.563069224357605, -0.49792271852493286, 0.016850706189870834, 0.042770758271217346, -0.019562410190701485, -0.003678474808111787, 7000.0, 7000.0, 7000.0, 7000.0, 0.861394464969635, -1.2249985933303833
54631, -1.5629727840423584, -0.49794238805770874, 0.01833247020840645, 0.04321017488837242, -0.019230715930461884, 0.008326331153512001, 7000.0, 7000.0, 7000.0, 7000.0, 0.8605664372444153, -1.2175767421722412
54650, -1.5631444454193115, -0.4978303611278534, 0.017337143421173096, 0.04181710258126259, -0.018584810197353363, 1.268618962058099e-05, 7000.0, 7000.0, 7000.0, 7000.0, 0.8577842712402344, -1.2151201963424683
54671, -1.5629712343215942, -0.4978789687156677, 0.01651179790496826, 0.04188727214932442, -0.018897758796811104, -0.005512292962521315, 7000.0, 7000.0, 7000.0, 7000.0, 0.8560885787010193, -1.2115774154663086
54690, -1.5635062456130981, -0.49760523438453674, 0.017770331352949142, 0.039280664175748825, -0.017375027760863304, 0.002337411278858781, 7000.0, 7000.0, 7000.0, 7000.0, 0.8584213852882385, -1.2049330472946167
54711, -1.5635279417037964, -0.4975704550743103, 0.016630584374070168, 0.03924370929598808, -0.017005527392029762, -0.006396465934813023, 7000.0, 7000.0, 7000.0, 7000.0, 0.8572277426719666, -1.2070237398147583
54730, -1.5635805130004883, -0.49754342436790466, 0.01785913296043873, 0.03841019421815872, -0.016910798847675323, 0.0039116558618843555, 7000.0, 7000.0, 7000.0, 7000.0, 0.8553266525268555, -1.2066235542297363
54750, -1.5637446641921997, -0.49746009707450867, 0.01653178595006466, 0.037476297467947006, -0.01669536530971527, -0.00688529247418046, 7000.0, 7000.0, 7000.0, 7000.0, 0.8524421453475952, -1.2160080671310425
54770, -1.5636155605316162, -0.49751025438308716, 0.01703762821853161, 0.037806201726198196, -0.016994236037135124, -0.0021998716983944178, 7000.0, 7000.0, 7000.0, 7000.0, 0.853140652179718, -1.2090667486190796
54790, -1.563759446144104, -0.49743592739105225, 0.01577816717326641, 0.03691321238875389, -0.016178622841835022, -0.01036209799349308, 7000.0, 7000.0, 7000.0, 7000.0, 0.8574994206428528, -1.2113959789276123
54811, -1.5637028217315674, -0.4974554181098938, 0.017144078388810158, 0.037123940885066986, -0.01631542108952999, 0.0014788147527724504, 7000.0, 7000.0, 7000.0, 7000.0, 0.8544277548789978, -1.208139419555664
54830, -1.5635842084884644, -0.49749884009361267, 0.016277646645903587, 0.03745279088616371, -0.016748426482081413, -0.004036875441670418, 7000.0, 7000.0, 7000.0, 7000.0, 0.8529099822044373, -1.204696774482727
54851, -1.5632498264312744, -0.4976431131362915, 0.018866917118430138, 0.03921426087617874, -0.017331629991531372, 0.01497725211083889, 7000.0, 7000.0, 7000.0, 7000.0, 0.8528578877449036, -1.2059690952301025
54870, -1.5636965036392212, -0.4974404275417328, 0.017881842330098152, 0.03691469132900238, -0.015770526602864265, 0.00736570917069912, 7000.0, 7000.0, 7000.0, 7000.0, 0.8518847227096558, -1.202345609664917
54890, -1.5635180473327637, -0.49752116203308105, 0.019091404974460602, 0.03694706782698631, -0.016581468284130096, 0.014518817886710167, 7000.0, 7000.0, 7000.0, 7000.0, 0.8497207164764404, -1.200610637664795
54912, -1.5635956525802612, -0.4974810481071472, 0.018133198842406273, 0.03703340142965317, -0.01628882624208927, 0.005968939978629351, 7000.0, 7000.0, 7000.0, 7000.0, 0.8510245084762573, -1.199177622795105
54931, -1.563939094543457, -0.49732503294944763, 0.01703709363937378, 0.03628723695874214, -0.015610722824931145, -0.0019797738641500473, 7000.0, 7000.0, 7000.0, 7000.0, 0.8496956825256348, -1.1963928937911987
54950, -1.5641041994094849, -0.49724072217941284, 0.017019815742969513, 0.03557296469807625, -0.015327000990509987, -0.0025771516375243664, 7000.0, 7000.0, 7000.0, 7000.0, 0.8500066995620728, -1.1909302473068237
54970, -1.5641719102859497, -0.497199684381485, 0.015761176124215126, 0.03595096617937088, -0.015191087499260902, -0.011199818924069405, 7000.0, 7000.0, 7000.0, 7000.0, 0.8507363200187683, -1.1910289525985718
54991, -1.5640376806259155, -0.49725642800331116, 0.017371676862239838, 0.036894239485263824, -0.015830252319574356, 0.00145005714148283, 7000.0, 7000.0, 7000.0, 7000.0, 0.848265528678894, -1.1856757402420044
55010, -1.5638972520828247, -0.4972984492778778, 0.01650499366223812, 0.03770287334918976, -0.016135601326823235, -0.004352406598627567, 7000.0, 7000.0, 7000.0, 7000.0, 0.8468614816665649, -1.181477665901184
55030, -1.5639266967773438, -0.49729588627815247, 0.017767928540706635, 0.03693968430161476, -0.016213105991482735, 0.005079872440546751, 7000.0, 7000.0, 7000.0, 7000.0, 0.8447262048721313, -1.1793198585510254
55050, -1.56413996219635, -0.4972050189971924, 0.016492100432515144, 0.03602195903658867, -0.01613050326704979, -0.0038414064329117537, 7000.0, 7000.0, 7000.0, 7000.0, 0.8415155410766602, -1.1859220266342163
55070, -1.5638554096221924, -0.49733665585517883, 0.01769259013235569, 0.038183171302080154, -0.016952933743596077, 0.004860983230173588, 7000.0, 7000.0, 7000.0, 7000.0, 0.8405851721763611, -1.1684346199035645
55092, -1.5639688968658447, -0.49729564785957336, 0.016560351476073265, 0.03704462945461273, -0.0164510328322649, -0.003899917472153902, 7000.0, 7000.0, 7000.0, 7000.0, 0.8396540880203247, -1.1654213666915894
55110, -1.5636043548583984, -0.49745845794677734, 0.017607618123292923, 0.038703758269548416, -0.01704469509422779, 0.003172821132466197, 7000.0, 7000.0, 7000.0, 7000.0, 0.8377900123596191, -1.160422444343567
55130, -1.5632272958755493, -0.4976145327091217, 0.017163392156362534, 0.04026951640844345, -0.01757425256073475, -0.0006897979765199125, 7000.0, 7000.0, 7000.0, 7000.0, 0.8369942903518677, -1.168533444404602
55150, -1.5629849433898926, -0.4977284073829651, 0.01880606636404991, 0.0408325269818306, -0.018320295959711075, 0.010897616855800152, 7000.0, 7000.0, 7000.0, 7000.0, 0.8326678276062012, -1.1535935401916504
55170, -1.5630956888198853, -0.4976845383644104, 0.017931625247001648, 0.03959868848323822, -0.01850576139986515, 0.003958976361900568, 7000.0, 7000.0, 7000.0, 7000.0, 0.8303870558738708, -1.15364408493042
55190, -1.5633506774902344, -0.4975782036781311, 0.016603868454694748, 0.03851364552974701, -0.017838262021541595, -0.005222710780799389, 7000.0, 7000.0, 7000.0, 7000.0, 0.8301199674606323, -1.1590451002120972
55210, -1.5636262893676758, -0.4974730312824249, 0.01788017340004444, 0.036874767392873764, -0.0173169057816267, 0.0024859891273081303, 7000.0, 7000.0, 7000.0, 7000.0, 0.8286224007606506, -1.1617038249969482
55230, -1.563611388206482, -0.49750176072120667, 0.016912171617150307, 0.036374531686306, -0.017511090263724327, -0.004121755715459585, 7000.0, 7000.0, 7000.0, 7000.0, 0.8277238607406616, -1.156786322593689
55250, -1.5639193058013916, -0.4973870813846588, 0.016568491235375404, 0.034956227988004684, -0.01688154600560665, -0.0056869639083743095, 7000.0, 7000.0, 7000.0, 7000.0, 0.8259655237197876, -1.155941367149353
55272, -1.5638400316238403, -0.4974345564842224, 0.015543828718364239, 0.03578706458210945, -0.01704544387757778, -0.011365411803126335, 7000.0, 7000.0, 7000.0, 7000.0, 0.8214237689971924, -1.1515040397644043
55290, -1.5639965534210205, -0.49737027287483215, 0.017181258648633957, 0.03590335324406624, -0.016905823722481728, 0.0003691077290568501, 7000.0, 7000.0, 7000.0, 7000.0, 0.825391948223114, -1.153173565864563
55311, -1.564213514328003, -0.4972679018974304, 0.015766030177474022, 0.03530261665582657, -0.01624285988509655, -0.009271631017327309, 7000.0, 7000.0, 7000.0, 7000.0, 0.8260819315910339, -1.1553244590759277
55330, -1.563805103302002, -0.49745622277259827, 0.017216576263308525, 0.03686520457267761, -0.016763823106884956, 0.002412915462628007, 7000.0, 7000.0, 7000.0, 7000.0, 0.8211325407028198, -1.1547962427139282
55352, -1.564042568206787, -0.4973434507846832, 0.01599212922155857, 0.03556646406650543, -0.016101544722914696, -0.006275240797549486, 7000.0, 7000.0, 7000.0, 7000.0, 0.8211120367050171, -1.152112364768982
55370, -1.5640586614608765, -0.4973328709602356, 0.017495950683951378, 0.035665079951286316, -0.016081323847174644, 0.004768099170178175, 7000.0, 7000.0, 7000.0, 7000.0, 0.8177031874656677, -1.1490899324417114
55390, -1.5637643337249756, -0.49746546149253845, 0.016978422179818153, 0.03651924058794975, -0.016628116369247437, 0.00054277473827824, 7000.0, 7000.0, 7000.0, 7000.0, 0.8165662884712219, -1.144721508026123
55412, -1.5635359287261963, -0.49756914377212524, 0.018122270703315735, 0.036621157079935074, -0.01614929921925068, 0.009341862052679062, 7000.0, 7000.0, 7000.0, 7000.0, 0.8160209655761719, -1.1432133913040161
55430, -1.5638257265090942, -0.49742868542671204, 0.017286809161305428, 0.03647893667221069, -0.01602744683623314, 0.003386167110875249, 7000.0, 7000.0, 7000.0, 7000.0, 0.8152583837509155, -1.1368894577026367
55450, -1.5638480186462402, -0.49739986658096313, 0.016256630420684814, 0.036152612417936325, -0.015670031309127808, -0.003690282581374049, 7000.0, 7000.0, 7000.0, 7000.0, 0.8155845999717712, -1.136305570602417
55470, -1.5640203952789307, -0.49731796979904175, 0.017497293651103973, 0.035299062728881836, -0.01579083874821663, 0.003444712609052658, 7000.0, 7000.0, 7000.0, 7000.0, 0.8142061829566956, -1.1339013576507568
55490, -1.5639293193817139, -0.4973610043525696, 0.01664111204445362, 0.035337578505277634, -0.015899306163191795, -0.002174485009163618, 7000.0, 7000.0, 7000.0, 7000.0, 0.8125076293945312, -1.1309561729431152
55510, -1.5635524988174438, -0.4975258708000183, 0.01841754838824272, 0.03715558722615242, -0.015989745035767555, 0.008537974208593369, 7000.0, 7000.0, 7000.0, 7000.0, 0.8110476136207581, -1.131636619567871
55530, -1.5631585121154785, -0.4976828992366791, 0.018022384494543076, 0.03887106105685234, -0.01637483946979046, 0.005114992149174213, 7000.0, 7000.0, 7000.0, 7000.0, 0.8104174733161926, -1.1300655603408813
55550, -1.5631916522979736, -0.4976523816585541, 0.019045298919081688, 0.03873198479413986, -0.015997806563973427, 0.011299271136522293, 7000.0, 7000.0, 7000.0, 7000.0, 0.810087263584137, -1.1296907663345337
55570, -1.5630042552947998, -0.49770647287368774, 0.018460409715771675, 0.03993190452456474, -0.015577290207147598, 0.006165526807308197, 7000.0, 7000.0, 7000.0, 7000.0, 0.8103632926940918, -1.1263079643249512
55591, -1.5633989572525024, -0.49750569462776184, 0.018374860286712646, 0.037934642285108566, -0.014590832404792309, 0.004770099651068449, 7000.0, 7000.0, 7000.0, 7000.0, 0.8092952966690063, -1.1230686902999878
55610, -1.5634806156158447, -0.49744269251823425, 0.017426874488592148, 0.03747780621051788, -0.01446304377168417, -0.0018545753555372357, 7000.0, 7000.0, 7000.0, 7000.0, 0.8078049421310425, -1.1222792863845825
55630, -1.5636370182037354, -0.4973548948764801, 0.01881573535501957, 0.036449965089559555, -0.014017513021826744, 0.007381610106676817, 7000.0, 7000.0, 7000.0, 7000.0, 0.8078386783599854, -1.1270922422409058
55650, -1.563796877861023, -0.49727195501327515, 0.017660504207015038, 0.03564869239926338, -0.013700069859623909, -0.0005619853036478162, 7000.0, 7000.0, 7000.0, 7000.0, 0.8064197897911072, -1.1258375644683838
55670, -1.563892126083374, -0.4972118139266968, 0.018664896488189697, 0.03550717979669571, -0.01331374328583479, 0.006640707608312368, 7000.0, 7000.0, 7000.0, 7000.0, 0.8050475120544434, -1.1229420900344849
55690, -1.563905954360962, -0.4971892535686493, 0.017714856192469597, 0.03532526642084122, -0.013220434077084064, -0.00016315381799358875, 7000.0, 7000.0, 7000.0, 7000.0, 0.8030482530593872, -1.115970492362976
55710, -1.5637941360473633, -0.49721840023994446, 0.0167841799557209, 0.036294762045145035, -0.013061760924756527, -0.00572263915091753, 7000.0, 7000.0, 7000.0, 7000.0, 0.8021621704101562, -1.1176810264587402
55730, -1.5638757944107056, -0.4971826672554016, 0.017861470580101013, 0.03634800389409065, -0.013234159909188747, 0.001226201537065208, 7000.0, 7000.0, 7000.0, 7000.0, 0.800663948059082, -1.1132899522781372
55750, -1.5635290145874023, -0.49730184674263, 0.01726112700998783, 0.037821829319000244, -0.013619505800306797, -0.002543408889323473, 7000.0, 7000.0, 7000.0, 7000.0, 0.7987238764762878, -1.1128839254379272
55770, -1.5635963678359985, -0.4972631633281708, 0.018069874495267868, 0.03742959722876549, -0.012742594815790653, 0.0019222806440666318, 7000.0, 7000.0, 7000.0, 7000.0, 0.8015702962875366, -1.107186198234558
55791, -1.563504934310913, -0.4972628951072693, 0.017121249809861183, 0.03771095722913742, -0.01270209439098835, -0.004469302948564291, 7000.0, 7000.0, 7000.0, 7000.0, 0.7994788289070129, -1.1026561260223389
55810, -1.5633655786514282, -0.4973064064979553, 0.017531489953398705, 0.038086071610450745, -0.012723998166620731, -0.0008389729773625731, 7000.0, 7000.0, 7000.0, 7000.0, 0.7978248596191406, -1.1017978191375732
55830, -1.5635403394699097, -0.4972175657749176, 0.01633727364242077, 0.0370304174721241, -0.012621350586414337, -0.008062551729381084, 7000.0, 7000.0, 7000.0, 7000.0, 0.7956551313400269, -1.1015489101409912
55850, -1.5632193088531494, -0.49732643365859985, 0.017732298001646996, 0.03822992369532585, -0.013102537952363491, 0.0022299017291516066, 7000.0, 7000.0, 7000.0, 7000.0, 0.7943390011787415, -1.0982091426849365
55871, -1.5635648965835571, -0.49718376994132996, 0.01644432730972767, 0.036563362926244736, -0.01248906645923853, -0.005852987524122, 7000.0, 7000.0, 7000.0, 7000.0, 0.7917504906654358, -1.0944362878799438
55890, -1.5635415315628052, -0.4971946179866791, 0.017968183383345604, 0.036723341792821884, -0.012842627242207527, 0.005289429798722267, 7000.0, 7000.0, 7000.0, 7000.0, 0.7918906211853027, -1.098881721496582
55910, -1.5637048482894897, -0.4971309304237366, 0.016854997724294662, 0.0357101671397686, -0.01230304129421711, -0.0023078869562596083, 7000.0, 7000.0, 7000.0, 7000.0, 0.7913106679916382, -1.09711492061615
55930, -1.5637186765670776, -0.49711358547210693, 0.015783781185746193, 0.035541240125894547, -0.012071262113749981, -0.009216982871294022, 7000.0, 7000.0, 7000.0, 7000.0, 0.789129376411438, -1.0904524326324463
55952, -1.5640453100204468, -0.4970038831233978, 0.01702973246574402, 0.03425093740224838, -0.011683576740324497, -0.0006548691308125854, 7000.0, 7000.0, 7000.0, 7000.0, 0.7884647250175476, -1.096861481666565
55970, -1.5638480186462402, -0.49706724286079407, 0.016100570559501648, 0.03539833426475525, -0.011911940760910511, -0.006516452878713608, 7000.0, 7000.0, 7000.0, 7000.0, 0.7879346609115601, -1.0857980251312256
55990, -1.5640519857406616, -0.49697959423065186, 0.017472879961133003, 0.033651918172836304, -0.011372008360922337, 0.003528575412929058, 7000.0, 7000.0, 7000.0, 7000.0, 0.7847759127616882, -1.082625389099121
56011, -1.564024806022644, -0.49697673320770264, 0.016483115032315254, 0.03398631140589714, -0.011569902300834656, -0.00448321457952261, 7000.0, 7000.0, 7000.0, 7000.0, 0.7823696732521057, -1.0826117992401123
56030, -1.563801884651184, -0.49705132842063904, 0.017608294263482094, 0.035238802433013916, -0.012189550325274467, 0.004793408792465925, 7000.0, 7000.0, 7000.0, 7000.0, 0.7813532948493958, -1.0733587741851807
56050, -1.563873291015625, -0.4970209002494812, 0.01644107885658741, 0.0349118672311306, -0.011679792776703835, -0.004236814100295305, 7000.0, 7000.0, 7000.0, 7000.0, 0.7808077335357666, -1.0697251558303833
56072, -1.5638508796691895, -0.49702024459838867, 0.017520442605018616, 0.03482108190655708, -0.011498876847326756, 0.004255020059645176, 7000.0, 7000.0, 7000.0, 7000.0, 0.7829729914665222, -1.0813333988189697
56090, -1.5638561248779297, -0.4969996511936188, 0.01639171689748764, 0.03467479720711708, -0.01144156139343977, -0.004534170031547546, 7000.0, 7000.0, 7000.0, 7000.0, 0.7848665714263916, -1.078977108001709
56110, -1.5638313293457031, -0.49700096249580383, 0.017762241885066032, 0.03434829041361809, -0.011259699240326881, 0.006207501050084829, 7000.0, 7000.0, 7000.0, 7000.0, 0.7843778133392334, -1.0703727006912231
56130, -1.5640743970870972, -0.4969175159931183, 0.016896529123187065, 0.03278882056474686, -0.010416757315397263, -0.0007507760892622173, 7000.0, 7000.0, 7000.0, 7000.0, 0.7826590538024902, -1.0653798580169678
56152, -1.5642834901809692, -0.49683481454849243, 0.016667800024151802, 0.03203093260526657, -0.010181467980146408, -0.0017415789188817143, 7000.0, 7000.0, 7000.0, 7000.0, 0.7807934284210205, -1.0598665475845337
56170, -1.5641233921051025, -0.496886283159256, 0.015953360125422478, 0.03259570896625519, -0.010383103042840958, -0.006389854941517115, 7000.0, 7000.0, 7000.0, 7000.0, 0.7782912254333496, -1.0553265810012817
56191, -1.564012050628662, -0.4969232678413391, 0.017057577148079872, 0.03295617923140526, -0.010547452606260777, 0.004311557859182358, 7000.0, 7000.0, 7000.0, 7000.0, 0.7762823104858398, -1.0501368045806885
56211, -1.5637975931167603, -0.4969780743122101, 0.01646733097732067, 0.03394918888807297, -0.010693538002669811, -0.00020212176605127752, 7000.0, 7000.0, 7000.0, 7000.0, 0.7782474160194397, -1.0477120876312256
56231, -1.564107894897461, -0.4968818128108978, 0.015018759295344353, 0.03238367661833763, -0.010397937148809433, -0.009805452078580856, 7000.0, 7000.0, 7000.0, 7000.0, 0.7824161648750305, -1.0431158542633057
56250, -1.56446373462677, -0.49676039814949036, 0.01697453111410141, 0.030652156099677086, -0.009598631411790848, 0.004468018189072609, 7000.0, 7000.0, 7000.0, 7000.0, 0.787731945514679, -1.0433754920959473
56272, -1.5642764568328857, -0.49679937958717346, 0.016285160556435585, 0.032064709812402725, -0.009438510984182358, -0.0013475071173161268, 7000.0, 7000.0, 7000.0, 7000.0, 0.790103018283844, -1.0404982566833496
56290, -1.5643194913864136, -0.49677878618240356, 0.01665177009999752, 0.03307792916893959, -0.00979806762188673, 0.0022584996186196804, 7000.0, 7000.0, 7000.0, 7000.0, 0.788371741771698, -1.0454602241516113
56311, -1.5642890930175781, -0.4967769682407379, 0.015733493492007256, 0.033643223345279694, -0.010231448337435722, -0.004630036652088165, 7000.0, 7000.0, 7000.0, 7000.0, 0.7856979370117188, -1.0439603328704834
56330, -1.5641511678695679, -0.49681681394577026, 0.017227377742528915, 0.03442014753818512, -0.010722186416387558, 0.007138991728425026, 7000.0, 7000.0, 7000.0, 7000.0, 0.7835388779640198, -1.040771722793579
56350, -1.5640137195587158, -0.4968712627887726, 0.01617901772260666, 0.03506632521748543, -0.011756181716918945, -0.0009922449244186282, 7000.0, 7000.0, 7000.0, 7000.0, 0.786115288734436, -1.0563629865646362
56374, -1.56438410282135, -0.4967615604400635, 0.01758931390941143, 0.032255448400974274, -0.011171781457960606, 0.010167778469622135, 7000.0, 7000.0, 7000.0, 7000.0, 0.7894530892372131, -1.0403231382369995
56393, -1.5644077062606812, -0.4967685341835022, 0.01658969186246395, 0.032252393662929535, -0.011439459398388863, 0.000991328153759241, 7000.0, 7000.0, 7000.0, 7000.0, 0.7899771928787231, -1.0408356189727783
56411, -1.5642012357711792, -0.4968629777431488, 0.018183130770921707, 0.03327891603112221, -0.012392964214086533, 0.013117327354848385, 7000.0, 7000.0, 7000.0, 7000.0, 0.7948863506317139, -1.0640684366226196
56430, -1.5642218589782715, -0.49687400460243225, 0.017217980697751045, 0.03333593159914017, -0.01270126923918724, 0.004478020593523979, 7000.0, 7000.0, 7000.0, 7000.0, 0.7940446138381958, -1.0457030534744263
56450, -1.56409752368927, -0.49693265557289124, 0.016342107206583023, 0.034260109066963196, -0.013146145269274712, -0.002630569040775299, 7000.0, 7000.0, 7000.0, 7000.0, 0.7982898354530334, -1.0598057508468628
56470, -1.5641379356384277, -0.4969424605369568, 0.01698525995016098, 0.034329358488321304, -0.013221620582044125, 0.0018553101690486073, 7000.0, 7000.0, 7000.0, 7000.0, 0.7939502596855164, -1.042649269104004
56490, -1.564133644104004, -0.49695995450019836, 0.015957055613398552, 0.03357085585594177, -0.0133645785972476, -0.005388245452195406, 7000.0, 7000.0, 7000.0, 7000.0, 0.7970771789550781, -1.0426615476608276
56510, -1.5642036199569702, -0.4969595968723297, 0.01694222167134285, 0.03312861546874046, -0.013507855124771595, 0.001230092952027917, 7000.0, 7000.0, 7000.0, 7000.0, 0.7954304218292236, -1.0400539636611938
56530, -1.5640347003936768, -0.49705061316490173, 0.015915703028440475, 0.03414043039083481, -0.01417379267513752, -0.005575800314545631, 7000.0, 7000.0, 7000.0, 7000.0, 0.8012402653694153, -1.0456734895706177
56550, -1.5641224384307861, -0.497056245803833, 0.017234304919838905, 0.03363548219203949, -0.0144164664670825, 0.0038086092099547386, 7000.0, 7000.0, 7000.0, 7000.0, 0.795951783657074, -1.0371735095977783
56571, -1.5642876625061035, -0.49700066447257996, 0.01640584133565426, 0.03271961584687233, -0.01357880886644125, -0.0026125835720449686, 7000.0, 7000.0, 7000.0, 7000.0, 0.8007504343986511, -1.040303349494934
56590, -1.5642611980438232, -0.4970264732837677, 0.01757286861538887, 0.03283267095685005, -0.013738545589148998, 0.006122046150267124, 7000.0, 7000.0, 7000.0, 7000.0, 0.7984777092933655, -1.0416803359985352
56611, -1.5642468929290771, -0.4970497190952301, 0.016630372032523155, 0.03312696889042854, -0.01382940448820591, -0.0011566034518182278, 7000.0, 7000.0, 7000.0, 7000.0, 0.7964239120483398, -1.0381009578704834
56630, -1.5641599893569946, -0.49710720777511597, 0.017849376425147057, 0.033989980816841125, -0.01423123013228178, 0.0070478664711117744, 7000.0, 7000.0, 7000.0, 7000.0, 0.7924387454986572, -1.0403831005096436
56650, -1.56386399269104, -0.49723783135414124, 0.01734437420964241, 0.035464826971292496, -0.014455116353929043, 0.0031396914273500443, 7000.0, 7000.0, 7000.0, 7000.0, 0.7942779660224915, -1.0351661443710327
56670, -1.5643470287322998, -0.49704694747924805, 0.017837053164839745, 0.031742583960294724, -0.013487011194229126, 0.006837120279669762, 7000.0, 7000.0, 7000.0, 7000.0, 0.796464204788208, -1.0331838130950928
56690, -1.5640618801116943, -0.4971511662006378, 0.016690846532583237, 0.03467652574181557, -0.013894209638237953, -0.002122133271768689, 7000.0, 7000.0, 7000.0, 7000.0, 0.79808109998703, -1.0301002264022827
56710, -1.5640254020690918, -0.4971737563610077, 0.01745305210351944, 0.03489266335964203, -0.014253361150622368, 0.004666434135288, 7000.0, 7000.0, 7000.0, 7000.0, 0.7946934103965759, -1.0268738269805908
56730, -1.563899040222168, -0.4972248077392578, 0.016589337959885597, 0.03517366573214531, -0.014228400774300098, -0.0019437847658991814, 7000.0, 7000.0, 7000.0, 7000.0, 0.7926993370056152, -1.0249024629592896
56750, -1.5642467737197876, -0.4970915615558624, 0.015624907799065113, 0.03237712010741234, -0.013520846143364906, -0.008775562047958374, 7000.0, 7000.0, 7000.0, 7000.0, 0.7936913371086121, -1.017794132232666
56770, -1.5638447999954224, -0.49725550413131714, 0.016563216224312782, 0.03640817478299141, -0.014218822121620178, -0.0009864463936537504, 7000.0, 7000.0, 7000.0, 7000.0, 0.7904341220855713, -1.012998342514038
56790, -1.5639218091964722, -0.497216135263443, 0.015457984991371632, 0.03590569645166397, -0.013835222460329533, -0.007796439342200756, 7000.0, 7000.0, 7000.0, 7000.0, 0.7889366745948792, -1.0153652429580688
56810, -1.5640101432800293, -0.4971822500228882, 0.01724296063184738, 0.0340469554066658, -0.013469577766954899, 0.004820812959223986, 7000.0, 7000.0, 7000.0, 7000.0, 0.7850266098976135, -1.0150951147079468
56830, -1.5640555620193481, -0.49714210629463196, 0.01622537523508072, 0.033474188297986984, -0.013292897492647171, -0.0022677548695355654, 7000.0, 7000.0, 7000.0, 7000.0, 0.7832896709442139, -1.0111030340194702
56850, -1.5641652345657349, -0.49710217118263245, 0.017148178070783615, 0.03320293501019478, -0.013189243152737617, 0.004168566316366196, 7000.0, 7000.0, 7000.0, 7000.0, 0.7822736501693726, -1.007897138595581
56870, -1.5642719268798828, -0.4970349073410034, 0.016127929091453552, 0.032594334334135056, -0.01236566249281168, -0.0034360175486654043, 7000.0, 7000.0, 7000.0, 7000.0, 0.7819150686264038, -1.0075880289077759
56890, -1.5642426013946533, -0.49703237414360046, 0.01751835271716118, 0.032818522304296494, -0.012264983728528023, 0.007529040332883596, 7000.0, 7000.0, 7000.0, 7000.0, 0.780791163444519, -1.0054692029953003
56910, -1.564202904701233, -0.4970453977584839, 0.016724003478884697, 0.032894499599933624, -0.012485201470553875, 0.0015069324290379882, 7000.0, 7000.0, 7000.0, 7000.0, 0.7817931771278381, -1.0054875612258911
56930, -1.5641467571258545, -0.4970676600933075, 0.017954420298337936, 0.03322012722492218, -0.013012578710913658, 0.010461898520588875, 7000.0, 7000.0, 7000.0, 7000.0, 0.7842195630073547, -1.0052051544189453
56950, -1.5641238689422607, -0.4970746338367462, 0.017179621383547783, 0.03353336825966835, -0.013206607662141323, 0.0041971211321651936, 7000.0, 7000.0, 7000.0, 7000.0, 0.7792566418647766, -1.0032789707183838
56970, -1.5639792680740356, -0.49711740016937256, 0.01643032394349575, 0.03408374637365341, -0.0130897406488657, -0.0009030373184941709, 7000.0, 7000.0, 7000.0, 7000.0, 0.7773743867874146, -0.9986045360565186
56990, -1.564099907875061, -0.4970772862434387, 0.017469868063926697, 0.033133868128061295, -0.012629866600036621, 0.0055022817105054855, 7000.0, 7000.0, 7000.0, 7000.0, 0.776986300945282, -0.9983323216438293
57010, -1.5641043186187744, -0.4970816969871521, 0.016530968248844147, 0.03325686976313591, -0.012539848685264587, -0.0009902934543788433, 7000.0, 7000.0, 7000.0, 7000.0, 0.7752870917320251, -0.9986891746520996
57030, -1.5641595125198364, -0.4970623254776001, 0.01761477440595627, 0.03313175216317177, -0.012361312285065651, 0.006071777082979679, 7000.0, 7000.0, 7000.0, 7000.0, 0.775718092918396, -0.9983773231506348
57051, -1.5641303062438965, -0.4970676302909851, 0.016704872250556946, 0.03318430110812187, -0.01246152725070715, -0.0009552158880978823, 7000.0, 7000.0, 7000.0, 7000.0, 0.776594877243042, -0.9976579546928406
57070, -1.564200520515442, -0.4970373809337616, 0.017733128741383553, 0.03300970792770386, -0.011938165873289108, 0.006187473423779011, 7000.0, 7000.0, 7000.0, 7000.0, 0.7777373194694519, -0.9966098070144653
57091, -1.5642937421798706, -0.49699291586875916, 0.016680853441357613, 0.03302280977368355, -0.011841061525046825, -0.0011225660564377904, 7000.0, 7000.0, 7000.0, 7000.0, 0.7755757570266724, -0.9975079894065857
57111, -1.5642417669296265, -0.4969984292984009, 0.01828453503549099, 0.03374851495027542, -0.011712378822267056, 0.009577929973602295, 7000.0, 7000.0, 7000.0, 7000.0, 0.7749202251434326, -0.9951731562614441
57130, -1.56410551071167, -0.49702826142311096, 0.01754729077219963, 0.034392744302749634, -0.011742187663912773, 0.003739268286153674, 7000.0, 7000.0, 7000.0, 7000.0, 0.7728908658027649, -0.9901283979415894
57150, -1.5640640258789062, -0.4970250725746155, 0.01805889420211315, 0.034989599138498306, -0.011766492389142513, 0.006329667288810015, 7000.0, 7000.0, 7000.0, 7000.0, 0.7735173106193542, -0.9943634271621704
57172, -1.563763976097107, -0.4971030056476593, 0.017563316971063614, 0.036092568188905716, -0.011590439826250076, 0.002755970461294055, 7000.0, 7000.0, 7000.0, 7000.0, 0.7748586535453796, -0.9860692620277405
57190, -1.5638484954833984, -0.49704840779304504, 0.017896423116326332, 0.03597874194383621, -0.011426819488406181, 0.005363657139241695, 7000.0, 7000.0, 7000.0, 7000.0, 0.7725206613540649, -0.9811966419219971
57210, -1.5638569593429565, -0.4970267415046692, 0.016903458163142204, 0.0360298678278923, -0.01131416019052267, -0.0013314036186784506, 7000.0, 7000.0, 7000.0, 7000.0, 0.7735509872436523, -0.979213297367096
57230, -1.5637147426605225, -0.49705132842063904, 0.016044188290834427, 0.03593691438436508, -0.011307752691209316, -0.006437891628593206, 7000.0, 7000.0, 7000.0, 7000.0, 0.7731165289878845, -0.9809838533401489
57252, -1.56368887424469, -0.4970577657222748, 0.01765691675245762, 0.03544993698596954, -0.011333133094012737, 0.003954735584557056, 7000.0, 7000.0, 7000.0, 7000.0, 0.7737329006195068, -0.9828633069992065
57270, -1.563651204109192, -0.4970483183860779, 0.01666378788650036, 0.035077281296253204, -0.010802933014929295, -0.0024895549286156893, 7000.0, 7000.0, 7000.0, 7000.0, 0.7777866125106812, -0.9833312034606934
57291, -1.563725471496582, -0.4970082938671112, 0.01785927638411522, 0.03437754884362221, -0.010101167485117912, 0.005345237907022238, 7000.0, 7000.0, 7000.0, 7000.0, 0.7806148529052734, -0.980920672416687
57310, -1.5640820264816284, -0.4968830645084381, 0.016822630539536476, 0.03224415332078934, -0.009980223141610622, -0.0025468929670751095, 7000.0, 7000.0, 7000.0, 7000.0, 0.7785773277282715, -0.9783751368522644
57331, -1.5641632080078125, -0.49685344099998474, 0.01801569201052189, 0.03157729282975197, -0.009922333993017673, 0.006069564260542393, 7000.0, 7000.0, 7000.0, 7000.0, 0.7781734466552734, -0.9810766577720642
57351, -1.5640766620635986, -0.496869832277298, 0.01715383492410183, 0.03174561634659767, -0.010291037149727345, -0.0013589923037216067, 7000.0, 7000.0, 7000.0, 7000.0, 0.780030369758606, -0.9828810095787048
57372, -1.564245581626892, -0.49681782722473145, 0.018147394061088562, 0.030561761930584908, -0.009945951402187347, 0.00587536720559001, 7000.0, 7000.0, 7000.0, 7000.0, 0.7769573926925659, -0.9795999526977539
57390, -1.5641813278198242, -0.4968339502811432, 0.017258208245038986, 0.030531495809555054, -0.009753799065947533, -0.0016615844797343016, 7000.0, 7000.0, 7000.0, 7000.0, 0.7738314270973206, -0.9769875407218933
57411, -1.5642575025558472, -0.4968073070049286, 0.018016351386904716, 0.030556045472621918, -0.0099001070484519, 0.004999471362680197, 7000.0, 7000.0, 7000.0, 7000.0, 0.7747169733047485, -0.9735167622566223
57430, -1.5643514394760132, -0.4967718720436096, 0.01690172776579857, 0.03067139722406864, -0.009922859258949757, -0.0038100597448647022, 7000.0, 7000.0, 7000.0, 7000.0, 0.7732197642326355, -0.9677359461784363
57452, -1.564400315284729, -0.4967585504055023, 0.01766965351998806, 0.030348332598805428, -0.010214006528258324, 0.003413903061300516, 7000.0, 7000.0, 7000.0, 7000.0, 0.7802740335464478, -0.9720353484153748
57470, -1.5643316507339478, -0.4967867136001587, 0.016843119636178017, 0.030667904764413834, -0.01030863355845213, -0.0035465701948851347, 7000.0, 7000.0, 7000.0, 7000.0, 0.7782607674598694, -0.9726822972297668
57490, -1.5642181634902954, -0.49682489037513733, 0.015864156186580658, 0.030977236106991768, -0.010511127300560474, -0.009776808321475983, 7000.0, 7000.0, 7000.0, 7000.0, 0.7800672650337219, -0.9740684032440186
57510, -1.5641047954559326, -0.4968792200088501, 0.017824696376919746, 0.03169811889529228, -0.010382563807070255, 0.004853776190429926, 7000.0, 7000.0, 7000.0, 7000.0, 0.7827433943748474, -0.9607160091400146
57531, -1.5641424655914307, -0.4968683421611786, 0.016756853088736534, 0.0315994992852211, -0.010419587604701519, -0.003512816969305277, 7000.0, 7000.0, 7000.0, 7000.0, 0.7797789573669434, -0.9578258991241455
57550, -1.5642400979995728, -0.49684908986091614, 0.01734323985874653, 0.031056340783834457, -0.010387137532234192, 0.0017815027385950089, 7000.0, 7000.0, 7000.0, 7000.0, 0.7784541249275208, -0.9550625085830688
57570, -1.5642869472503662, -0.49683907628059387, 0.016237372532486916, 0.031621817499399185, -0.01042691059410572, -0.0061247400008141994, 7000.0, 7000.0, 7000.0, 7000.0, 0.7854620814323425, -0.9614335894584656
57590, -1.5647574663162231, -0.4966925084590912, 0.01686934009194374, 0.029022200033068657, -0.01026909239590168, -0.00039239018224179745, 7000.0, 7000.0, 7000.0, 7000.0, 0.7917872071266174, -0.9708551168441772
57611, -1.5645092725753784, -0.49677038192749023, 0.016147959977388382, 0.03131232410669327, -0.010521759279072285, -0.005495408084243536, 7000.0, 7000.0, 7000.0, 7000.0, 0.788055419921875, -0.9704833030700684
57630, -1.564303994178772, -0.49682697653770447, 0.017861340194940567, 0.031594593077898026, -0.01025724969804287, 0.008652759715914726, 7000.0, 7000.0, 7000.0, 7000.0, 0.788176953792572, -0.9697633385658264
57650, -1.5647391080856323, -0.49668070673942566, 0.016567155718803406, 0.03004302829504013, -0.010321104899048805, -0.0017155605601146817, 7000.0, 7000.0, 7000.0, 7000.0, 0.7907494902610779, -0.9717175960540771
57670, -1.5646990537643433, -0.4966988265514374, 0.018156183883547783, 0.03055850975215435, -0.010589527897536755, 0.011667446233332157, 7000.0, 7000.0, 7000.0, 7000.0, 0.7893443703651428, -0.971028208732605
57690, -1.564663052558899, -0.49671274423599243, 0.017277032136917114, 0.030234484001994133, -0.010866000317037106, 0.0033992466051131487, 7000.0, 7000.0, 7000.0, 7000.0, 0.7897160053253174, -0.9760469198226929
57713, -1.564498782157898, -0.49678686261177063, 0.01906726509332657, 0.030810171738266945, -0.0108181769028306, 0.016525011509656906, 7000.0, 7000.0, 7000.0, 7000.0, 0.788282573223114, -0.9741565585136414
57730, -1.5646380186080933, -0.4967441260814667, 0.018312055617570877, 0.02984582632780075, -0.011229118332266808, 0.009433039464056492, 7000.0, 7000.0, 7000.0, 7000.0, 0.790530800819397, -0.9796677231788635
57750, -1.564700961112976, -0.4967343807220459, 0.017036553472280502, 0.028712552040815353, -0.011297512799501419, -0.0011002029059454799, 7000.0, 7000.0, 7000.0, 7000.0, 0.7889524102210999, -0.9780879616737366
57771, -1.5644891262054443, -0.49683240056037903, 0.01829584501683712, 0.029743006452918053, -0.011409017257392406, 0.008353125303983688, 7000.0, 7000.0, 7000.0, 7000.0, 0.79253751039505, -0.9869107604026794
57790, -1.564735770225525, -0.4967406392097473, 0.016754820942878723, 0.028902897611260414, -0.0106776412576437, -0.003595328191295266, 7000.0, 7000.0, 7000.0, 7000.0, 0.7920821309089661, -0.9898322224617004
57810, -1.5646566152572632, -0.49677774310112, 0.017678333446383476, 0.02908969484269619, -0.010987991467118263, 0.003922250121831894, 7000.0, 7000.0, 7000.0, 7000.0, 0.7883930802345276, -0.9875448942184448
57830, -1.5645674467086792, -0.49681955575942993, 0.016796031966805458, 0.029595598578453064, -0.011417806148529053, -0.0024309991858899593, 7000.0, 7000.0, 7000.0, 7000.0, 0.7907159328460693, -0.9864639043807983
57851, -1.564444661140442, -0.4968777298927307, 0.018060078844428062, 0.03035704977810383, -0.011520066298544407, 0.007221729028970003, 7000.0, 7000.0, 7000.0, 7000.0, 0.7960137724876404, -0.9786530137062073
57878, -1.5647019147872925, -0.49678677320480347, 0.016574373468756676, 0.029355991631746292, -0.01140455063432455, -0.004251907579600811, 7000.0, 7000.0, 7000.0, 7000.0, 0.8017797470092773, -0.9804608821868896
57891, -1.5646028518676758, -0.4968440532684326, 0.01844475418329239, 0.030191050842404366, -0.01177199650555849, 0.008896861225366592, 7000.0, 7000.0, 7000.0, 7000.0, 0.8083786368370056, -0.9845117330551147
57910, -1.5644842386245728, -0.4968990087509155, 0.0174584798514843, 0.03060251846909523, -0.012371865101158619, 0.0011105115991085768, 7000.0, 7000.0, 7000.0, 7000.0, 0.8092305660247803, -0.9862279295921326
57931, -1.564562201499939, -0.4968971610069275, 0.01799214631319046, 0.030249154195189476, -0.01243247464299202, 0.004441037308424711, 7000.0, 7000.0, 7000.0, 7000.0, 0.8105382323265076, -0.9892604351043701
57950, -1.564392328262329, -0.4969818890094757, 0.01711730659008026, 0.0308647733181715, -0.012998608872294426, -0.002593730576336384, 7000.0, 7000.0, 7000.0, 7000.0, 0.8101726174354553, -0.9884424209594727
57970, -1.56461763381958, -0.49690210819244385, 0.018194299191236496, 0.03108566626906395, -0.013499660417437553, 0.006238726433366537, 7000.0, 7000.0, 7000.0, 7000.0, 0.8103017807006836, -0.9898244738578796
57992, -1.5644326210021973, -0.49700331687927246, 0.017513416707515717, 0.031626444309949875, -0.014096838422119617, 0.0005014618509449065, 7000.0, 7000.0, 7000.0, 7000.0, 0.8101044297218323, -0.9895779490470886
58010, -1.5643866062164307, -0.49705570936203003, 0.01617506705224514, 0.03207617998123169, -0.014215705916285515, -0.008718193508684635, 7000.0, 7000.0, 7000.0, 7000.0, 0.8071836829185486, -0.991144061088562
58030, -1.5645997524261475, -0.49698495864868164, 0.016565071418881416, 0.030407104641199112, -0.01361489575356245, -0.005873699672520161, 7000.0, 7000.0, 7000.0, 7000.0, 0.8072599768638611, -0.9904276132583618
58050, -1.5645755529403687, -0.49701982736587524, 0.015472650527954102, 0.03062703274190426, -0.014171657152473927, -0.012769550085067749, 7000.0, 7000.0, 7000.0, 7000.0, 0.8111251592636108, -0.9914218783378601
58070, -1.5644422769546509, -0.4970993101596832, 0.01693539507687092, 0.031205277889966965, -0.014644513837993145, -0.0006905359914526343, 7000.0, 7000.0, 7000.0, 7000.0, 0.8055983185768127, -0.9847217798233032
58090, -1.5644707679748535, -0.4971121549606323, 0.01577460765838623, 0.03098858706653118, -0.01439961139112711, -0.008701417595148087, 7000.0, 7000.0, 7000.0, 7000.0, 0.8053187727928162, -0.9813863635063171
58110, -1.5644352436065674, -0.4971430003643036, 0.016942458227276802, 0.03102978691458702, -0.015127687714993954, 0.0009312060428783298, 7000.0, 7000.0, 7000.0, 7000.0, 0.8091740012168884, -0.9863810539245605
58131, -1.5644149780273438, -0.4971725642681122, 0.015978610143065453, 0.03091125749051571, -0.015214024111628532, -0.005379939451813698, 7000.0, 7000.0, 7000.0, 7000.0, 0.8075078129768372, -0.9854432940483093
58150, -1.5645095109939575, -0.4971424341201782, 0.017935212701559067, 0.03082236833870411, -0.01545453630387783, 0.009618806652724743, 7000.0, 7000.0, 7000.0, 7000.0, 0.8089175224304199, -0.985471785068512
58170, -1.564416527748108, -0.49721962213516235, 0.016767991706728935, 0.03046116605401039, -0.01505840290337801, 0.0004515832697506994, 7000.0, 7000.0, 7000.0, 7000.0, 0.8117184042930603, -0.9837841987609863
58190, -1.5643975734710693, -0.497243732213974, 0.01799602061510086, 0.030567467212677002, -0.014930090866982937, 0.008935465477406979, 7000.0, 7000.0, 7000.0, 7000.0, 0.8156101107597351, -0.9807559847831726
58210, -1.5644742250442505, -0.497210830450058, 0.016905788332223892, 0.02970108948647976, -0.014353540726006031, 0.00061030377401039, 7000.0, 7000.0, 7000.0, 7000.0, 0.8135294318199158, -0.9764617085456848
58230, -1.564353346824646, -0.4972625970840454, 0.01811813749372959, 0.030907440930604935, -0.014544286765158176, 0.009361623786389828, 7000.0, 7000.0, 7000.0, 7000.0, 0.8125021457672119, -0.9758896827697754
58250, -1.5642269849777222, -0.49730852246284485, 0.0173475444316864, 0.031343620270490646, -0.014721818268299103, 0.0034389763604849577, 7000.0, 7000.0, 7000.0, 7000.0, 0.8093416690826416, -0.9749789237976074
58271, -1.5645360946655273, -0.4971483051776886, 0.016158966347575188, 0.0307511854916811, -0.013834314420819283, -0.005042328964918852, 7000.0, 7000.0, 7000.0, 7000.0, 0.8079360127449036, -0.9716870784759521
58290, -1.5644811391830444, -0.4971657693386078, 0.017259355634450912, 0.031254734843969345, -0.01345786266028881, 0.002622849540784955, 7000.0, 7000.0, 7000.0, 7000.0, 0.8087956309318542, -0.9711567163467407
58310, -1.5645114183425903, -0.4971267580986023, 0.016210269182920456, 0.031289346516132355, -0.013217775151133537, -0.0037879343144595623, 7000.0, 7000.0, 7000.0, 7000.0, 0.8075608611106873, -0.9661070704460144
58330, -1.5644317865371704, -0.49714821577072144, 0.01723468117415905, 0.031247271224856377, -0.013409274630248547, 0.003240203484892845, 7000.0, 7000.0, 7000.0, 7000.0, 0.8066349625587463, -0.9671767354011536
58350, -1.5642225742340088, -0.49722689390182495, 0.016601596027612686, 0.032267142087221146, -0.01338718831539154, -0.0014019409427419305, 7000.0, 7000.0, 7000.0, 7000.0, 0.8059117197990417, -0.9665873050689697
58370, -1.5642648935317993, -0.49719202518463135, 0.017196958884596825, 0.03185410052537918, -0.013533438555896282, 0.0024832298513501883, 7000.0, 7000.0, 7000.0, 7000.0, 0.8042536377906799, -0.9624272584915161
58390, -1.5643202066421509, -0.4971557557582855, 0.01619388721883297, 0.03178299963474274, -0.013102857396006584, -0.004336763173341751, 7000.0, 7000.0, 7000.0, 7000.0, 0.8041955828666687, -0.9615174531936646
58410, -1.5642412900924683, -0.4971883296966553, 0.016856489703059196, 0.031835027039051056, -0.012961192056536674, 0.000952433212660253, 7000.0, 7000.0, 7000.0, 7000.0, 0.8047456741333008, -0.9593728184700012
58430, -1.5641433000564575, -0.49721962213516235, 0.016137007623910904, 0.03232726827263832, -0.013131514191627502, -0.0035638778936117887, 7000.0, 7000.0, 7000.0, 7000.0, 0.8036899566650391, -0.9579445719718933
58450, -1.5642178058624268, -0.4971827566623688, 0.01719024032354355, 0.032095301896333694, -0.013123917393386364, 0.005052447784692049, 7000.0, 7000.0, 7000.0, 7000.0, 0.801084041595459, -0.9589799642562866
58470, -1.5643506050109863, -0.4971129298210144, 0.016197290271520615, 0.030716750770807266, -0.01315044891089201, -0.0022873510606586933, 7000.0, 7000.0, 7000.0, 7000.0, 0.7992005944252014, -0.9596877098083496
58490, -1.5643579959869385, -0.49711358547210693, 0.017516784369945526, 0.030111247673630714, -0.012941100634634495, 0.0076737613417208195, 7000.0, 7000.0, 7000.0, 7000.0, 0.796891450881958, -0.959073007106781
58510, -1.5641186237335205, -0.4972182512283325, 0.017114032059907913, 0.031180566176772118, -0.013021547347307205, 0.004021917935460806, 7000.0, 7000.0, 7000.0, 7000.0, 0.7959036827087402, -0.9581747651100159
58533, -1.5645010471343994, -0.4970383942127228, 0.015656406059861183, 0.02939818613231182, -0.011862186715006828, -0.006025959271937609, 7000.0, 7000.0, 7000.0, 7000.0, 0.795426070690155, -0.958156943321228
58550, -1.564346194267273, -0.4970969557762146, 0.017347967252135277, 0.02978626638650894, -0.011694025248289108, 0.0060193538665771484, 7000.0, 7000.0, 7000.0, 7000.0, 0.7932344079017639, -0.9525133967399597
58570, -1.5643877983093262, -0.4970523715019226, 0.016377748921513557, 0.029906140640378, -0.011917829513549805, -0.0004310277581680566, 7000.0, 7000.0, 7000.0, 7000.0, 0.7917565703392029, -0.9509113430976868
58592, -1.564544916152954, -0.49698513746261597, 0.018175633624196053, 0.028615541756153107, -0.01158898789435625, 0.012092226184904575, 7000.0, 7000.0, 7000.0, 7000.0, 0.7913225889205933, -0.9540418386459351
58611, -1.5644476413726807, -0.4970131516456604, 0.0174685288220644, 0.028950950130820274, -0.011618471704423428, 0.005713786464184523, 7000.0, 7000.0, 7000.0, 7000.0, 0.7913709282875061, -0.9570031762123108
58630, -1.5642924308776855, -0.4970819354057312, 0.018433071672916412, 0.029637452214956284, -0.011725375428795815, 0.011498269625008106, 7000.0, 7000.0, 7000.0, 7000.0, 0.7897592186927795, -0.9588553309440613
58650, -1.56430983543396, -0.497069388628006, 0.017563581466674805, 0.029356300830841064, -0.011290031485259533, 0.003672356018796563, 7000.0, 7000.0, 7000.0, 7000.0, 0.790656328201294, -0.9550420045852661
58670, -1.5644283294677734, -0.4970007538795471, 0.017806852236390114, 0.028868960216641426, -0.01083090715110302, 0.004482907243072987, 7000.0, 7000.0, 7000.0, 7000.0, 0.7830895781517029, -0.9552943110466003
58691, -1.564254641532898, -0.49705106019973755, 0.017127186059951782, 0.029663827270269394, -0.010725290514528751, -0.00035129254683852196, 7000.0, 7000.0, 7000.0, 7000.0, 0.7882614135742188, -0.9604822993278503
58711, -1.5642064809799194, -0.4970394968986511, 0.017945008352398872, 0.029593901708722115, -0.010734080336987972, 0.005706620868295431, 7000.0, 7000.0, 7000.0, 7000.0, 0.7909579277038574, -0.9556153416633606
58730, -1.5639888048171997, -0.4970998466014862, 0.017232129350304604, 0.029867051169276237, -0.010912936180830002, 7.443073263857514e-05, 7000.0, 7000.0, 7000.0, 7000.0, 0.7899466753005981, -0.9524116516113281
58751, -1.5644176006317139, -0.4969466030597687, 0.018289444968104362, 0.028871918097138405, -0.010091273114085197, 0.008439367637038231, 7000.0, 7000.0, 7000.0, 7000.0, 0.7933233976364136, -0.9586130380630493
58772, -1.5642883777618408, -0.49697190523147583, 0.01762533001601696, 0.029682835564017296, -0.010115598328411579, 0.0027721801307052374, 7000.0, 7000.0, 7000.0, 7000.0, 0.7947989106178284, -0.9606757760047913
58790, -1.5642504692077637, -0.49697044491767883, 0.016584884375333786, 0.029323622584342957, -0.010282072238624096, -0.005364646203815937, 7000.0, 7000.0, 7000.0, 7000.0, 0.7953439354896545, -0.9608440399169922
58811, -1.5645134449005127, -0.49686452746391296, 0.01779034547507763, 0.028572849929332733, -0.009773144498467445, 0.0030322682578116655, 7000.0, 7000.0, 7000.0, 7000.0, 0.795024037361145, -0.958824872970581
58830, -1.5643924474716187, -0.49689310789108276, 0.016941213980317116, 0.029399430379271507, -0.01001354493200779, -0.00312815117649734, 7000.0, 7000.0, 7000.0, 7000.0, 0.792530357837677, -0.9584742188453674
58850, -1.5645792484283447, -0.4968273341655731, 0.017122937366366386, 0.028579620644450188, -0.010044354014098644, -0.0014863386750221252, 7000.0, 7000.0, 7000.0, 7000.0, 0.7938876748085022, -0.9492611289024353
58870, -1.5643572807312012, -0.496900737285614, 0.01623191311955452, 0.029116207733750343, -0.010502598248422146, -0.007346945349127054, 7000.0, 7000.0, 7000.0, 7000.0, 0.7914938926696777, -0.9507914185523987
58890, -1.5642319917678833, -0.4969467222690582, 0.017651213333010674, 0.02992773801088333, -0.011099100112915039, 0.0032404675148427486, 7000.0, 7000.0, 7000.0, 7000.0, 0.7891888618469238, -0.9523796439170837
58910, -1.5644686222076416, -0.4968646466732025, 0.01610114611685276, 0.028761591762304306, -0.010563178919255733, -0.007966483011841774, 7000.0, 7000.0, 7000.0, 7000.0, 0.7881383895874023, -0.9548167586326599
58930, -1.5645744800567627, -0.4968295693397522, 0.017897866666316986, 0.028519736602902412, -0.010630402714014053, 0.004975758492946625, 32375.0, 31656.0, 30448.0, 31400.0, 0.7842822074890137, -0.9539780020713806
58950, -1.5646392107009888, -0.49681225419044495, 0.01682610996067524, 0.028514130041003227, -0.01074274629354477, 0.0006669447757303715, 32308.0, 31436.0, 29802.0, 31722.0, 0.7702853679656982, -0.9342210292816162
58970, -1.5648256540298462, -0.4967579245567322, 0.018455199897289276, 0.02853698842227459, -0.01278845313936472, 0.01438091229647398, 33455.0, 32027.0, 30665.0, 31140.0, 0.771913468837738, -0.8771288990974426
58990, -1.5646369457244873, -0.4968923330307007, 0.017944324761629105, 0.029941195622086525, -0.01549513265490532, 0.012262464500963688, 32374.0, 32367.0, 30823.0, 31385.0, 0.7500461339950562, -0.8315143585205078
59011, -1.5645902156829834, -0.4970335066318512, 0.01845114678144455, 0.0304091926664114, -0.01810738630592823, 0.012351510114967823, 33348.0, 32024.0, 30339.0, 32175.0, 0.7360812425613403, -0.7806684970855713
59030, -1.5644887685775757, -0.49719664454460144, 0.0177528765052557, 0.031031498685479164, -0.020657110959291458, 0.009305190294981003, 32508.0, 32215.0, 31195.0, 32090.0, 0.7196429371833801, -0.7888824939727783
59050, -1.5626226663589478, -0.49764084815979004, 0.01735151931643486, 0.04483524709939957, -0.024295931681990623, 0.00924098864197731, 33458.0, 31342.0, 30756.0, 33009.0, 0.7119275331497192, -0.9000137448310852
59070, -1.5602846145629883, -0.49923911690711975, 0.01848466694355011, 0.06308317184448242, -0.037951890379190445, 0.02408055029809475, 33991.0, 30509.0, 29912.0, 33126.0, 0.7343119382858276, -1.0771886110305786
59091, -1.558427333831787, -0.5020957589149475, 0.018346330150961876, 0.0738208144903183, -0.05846123397350311, 0.032054170966148376, 33979.0, 27505.0, 30974.0, 34165.0, 0.8134219646453857, -1.3426681756973267
59110, -1.5567865371704102, -0.5035510659217834, 0.020239366218447685, 0.08264783769845963, -0.0641813650727272, 0.05033503845334053, 35914.0, 25657.0, 30026.0, 33582.0, 0.8777688145637512, -1.4783936738967896
59130, -1.5545297861099243, -0.5064494013786316, 0.02074080891907215, 0.09456276148557663, -0.07747600972652435, 0.05767016485333443, 36846.0, 25656.0, 28415.0, 33209.0, 1.0277702808380127, -1.8697553873062134
59150, -1.5551888942718506, -0.5102605223655701, 0.023249981924891472, 0.08429097384214401, -0.09313209354877472, 0.07698316872119904, 39033.0, 24613.0, 24369.0, 33898.0, 1.143674373626709, -2.2852745056152344
59170, -1.553807258605957, -0.5123153328895569, 0.024893447756767273, 0.09099134802818298, -0.09432437270879745, 0.08021726459264755, 37514.0, 24137.0, 25595.0, 34078.0, 1.2328053712844849, -2.9182353019714355
59190, -1.5529996156692505, -0.5132761597633362, 0.022211961448192596, 0.09715864807367325, -0.09025637805461884, 0.054088033735752106, 34812.0, 21257.0, 29485.0, 35484.0, 1.3377407789230347, -3.437750816345215
59211, -1.55043363571167, -0.5143042802810669, 0.022383103147149086, 0.11698099225759506, -0.08705064654350281, 0.05030106008052826, 35448.0, 22262.0, 30101.0, 35392.0, 1.4609788656234741, -3.8026552200317383
59230, -1.5495766401290894, -0.5123770236968994, 0.020587382838129997, 0.12822377681732178, -0.06618504971265793, 0.040995463728904724, 37651.0, 26848.0, 27202.0, 32135.0, 1.5604617595672607, -3.950307607650757
59251, -1.544775366783142, -0.5105450749397278, 0.020279118791222572, 0.1652153730392456, -0.046723008155822754, 0.03613235056400299, 36733.0, 25452.0, 27624.0, 35213.0, 1.6644526720046997, -4.100647926330566
59270, -1.542054295539856, -0.5061560869216919, 0.02024594321846962, 0.19024866819381714, -0.011562906205654144, 0.030926816165447235, 36927.0, 26475.0, 27257.0, 34495.0, 1.74738347530365, -4.007300853729248
59290, -1.5393826961517334, -0.5031977891921997, 0.020472470670938492, 0.2111024558544159, 0.013903136365115643, 0.030493002384901047, 37706.0, 22823.0, 26754.0, 37237.0, 1.8439996242523193, -3.8096206188201904
59311, -1.5372792482376099, -0.4987984001636505, 0.021663453429937363, 0.23028115928173065, 0.04911333695054054, 0.033391717821359634, 38115.0, 22792.0, 28026.0, 35810.0, 1.9559223651885986, -3.538450241088867
59330, -1.5360914468765259, -0.4963710904121399, 0.022213369607925415, 0.2422102689743042, 0.068293496966362, 0.0325731597840786, 38230.0, 23664.0, 26038.0, 36355.0, 2.0750436782836914, -3.1766154766082764
59353, -1.5336447954177856, -0.4935471713542938, 0.024212829768657684, 0.2524645924568176, 0.08996567130088806, 0.04228730499744415, 38458.0, 24955.0, 25441.0, 35456.0, 2.155160903930664, -2.771101713180542
59371, -1.529283881187439, -0.4899597465991974, 0.024227332323789597, 0.275344580411911, 0.1180877834558487, 0.03401792049407959, 37274.0, 24742.0, 26243.0, 35494.0, 2.1904687881469727, -2.5634171962738037
59390, -1.5260512828826904, -0.4867955446243286, 0.025145607069134712, 0.27977803349494934, 0.13498757779598236, 0.03453948721289635, 36495.0, 25202.0, 27991.0, 34859.0, 2.309508800506592, -1.449341893196106
59410, -1.5236047506332397, -0.48450523614883423, 0.027529096230864525, 0.2706700563430786, 0.13715426623821259, 0.04292801395058632, 36200.0, 26962.0, 29210.0, 31986.0, 2.3522400856018066, -1.0188671350479126
59430, -1.5211374759674072, -0.48179545998573303, 0.028727374970912933, 0.26313862204551697, 0.14352282881736755, 0.04209107533097267, 35107.0, 27757.0, 29984.0, 31895.0, 2.431087017059326, 0.48541176319122314
59451, -1.5190883874893188, -0.4788226783275604, 0.030612193048000336, 0.2559759318828583, 0.1531161218881607, 0.04400204122066498, 34993.0, 27876.0, 29494.0, 32213.0, 2.4479451179504395, 0.8889452219009399
59472, -1.5175371170043945, -0.47668084502220154, 0.031937383115291595, 0.23573531210422516, 0.14977985620498657, 0.04198678582906723, 35012.0, 26236.0, 29178.0, 33159.0, 2.511136531829834, 1.909153699874878
59491, -1.5149606466293335, -0.4742206335067749, 0.03445206210017204, 0.2214282602071762, 0.14726687967777252, 0.04484402760863304, 34399.0, 27692.0, 29971.0, 32137.0, 2.5808053016662598, 3.1471028327941895
59510, -1.514747977256775, -0.47292569279670715, 0.03564085811376572, 0.19135364890098572, 0.13514481484889984, 0.03882830590009689, 36287.0, 24803.0, 28368.0, 33227.0, 2.6197454929351807, 3.618861436843872
59531, -1.5164963006973267, -0.4724118411540985, 0.03807910531759262, 0.14956606924533844, 0.11931108683347702, 0.0394018217921257, 35867.0, 26995.0, 28324.0, 32363.0, 2.690227746963501, 4.570947170257568
59550, -1.5176210403442383, -0.47190725803375244, 0.038874346762895584, 0.11087591201066971, 0.10161105543375015, 0.029687752947211266, 35990.0, 24701.0, 27855.0, 34022.0, 2.7184886932373047, 5.223370552062988
59572, -1.519945740699768, -0.47215980291366577, 0.04174089431762695, 0.06894350051879883, 0.08095543086528778, 0.04055650159716606, 35178.0, 26100.0, 29032.0, 33244.0, 2.7257821559906006, 5.5359015464782715
59590, -1.523082971572876, -0.47277384996414185, 0.041893746703863144, 0.02270817942917347, 0.058940157294273376, 0.027447300031781197, 35968.0, 26601.0, 27162.0, 32768.0, 2.727938413619995, 6.006262302398682
59611, -1.5270980596542358, -0.4736458361148834, 0.04298406094312668, -0.02668323740363121, 0.03652794286608696, 0.023457691073417664, 34821.0, 28017.0, 29142.0, 31677.0, 2.7026026248931885, 6.301627159118652
59631, -1.532114863395691, -0.47560644149780273, 0.042149778455495834, -0.07522771507501602, 0.009179281070828438, 0.006643402390182018, 33393.0, 29214.0, 30669.0, 30875.0, 2.6909282207489014, 6.396573066711426
59650, -1.537692666053772, -0.4778483510017395, 0.04070349410176277, -0.12417275458574295, -0.01811756007373333, -0.0084840664640069, 34264.0, 28247.0, 30525.0, 32370.0, 2.678138494491577, 6.249067306518555
59670, -1.5435913801193237, -0.48000863194465637, 0.040427275002002716, -0.16769744455814362, -0.04010116308927536, -0.017138980329036713, 34509.0, 28110.0, 30656.0, 32754.0, 2.6877756118774414, 5.825366020202637
59690, -1.552659273147583, -0.48395487666130066, 0.036716632544994354, -0.23331116139888763, -0.07449842989444733, -0.04508473724126816, 36289.0, 27908.0, 29791.0, 34043.0, 2.730707883834839, 5.128859519958496
59710, -1.5581775903701782, -0.4861668646335602, 0.03667491301894188, -0.25419899821281433, -0.0878332108259201, -0.04303482919931412, 37216.0, 27949.0, 30021.0, 34699.0, 2.777445077896118, 4.198511600494385
59731, -1.568432331085205, -0.4910520017147064, 0.031832873821258545, -0.31587910652160645, -0.12370993942022324, -0.07350734621286392, 38609.0, 27268.0, 29131.0, 35708.0, 2.8612024784088135, 2.208402156829834
59751, -1.5769473314285278, -0.4950559437274933, 0.02975025400519371, -0.3502015173435211, -0.14626573026180267, -0.0807475671172142, 38748.0, 26611.0, 30545.0, 36736.0, 2.910400390625, 0.7256428599357605
59771, -1.5852757692337036, -0.4993514120578766, 0.02639542706310749, -0.3713061511516571, -0.16606895625591278, -0.08485700935125351, 39812.0, 24385.0, 29799.0, 38933.0, 2.934282064437866, -0.5778771638870239
59790, -1.593342661857605, -0.5037851333618164, 0.023820506408810616, -0.38374456763267517, -0.18261931836605072, -0.07966747134923935, 39558.0, 25829.0, 30109.0, 38773.0, 2.941645622253418, -1.3383793830871582
59812, -1.6002825498580933, -0.5077784061431885, 0.02135494165122509, -0.3855745196342468, -0.1936522275209427, -0.06977827847003937, 40515.0, 26160.0, 28893.0, 38894.0, 2.8782944679260254, -3.8004655838012695
59831, -1.607176423072815, -0.511421799659729, 0.019533198326826096, -0.37927213311195374, -0.19656306505203247, -0.0560365729033947, 41422.0, 27322.0, 26889.0, 38644.0, 2.852158308029175, -4.513097763061523
59851, -1.6132807731628418, -0.5157930850982666, 0.01980455592274666, -0.3699362874031067, -0.20870110392570496, -0.025483345612883568, 40484.0, 27243.0, 27616.0, 38466.0, 2.7781736850738525, -6.082651138305664
59870, -1.6127843856811523, -0.5161149501800537, 0.021116619929671288, -0.3360232710838318, -0.19909431040287018, -0.003164788708090782, 39492.0, 25922.0, 29278.0, 37961.0, 2.742720603942871, -7.524475574493408
59890, -1.617470145225525, -0.520548939704895, 0.02440653368830681, -0.2722940146923065, -0.18816517293453217, 0.04193146154284477, 37199.0, 25793.0, 30949.0, 36508.0, 2.721602439880371, -8.797287940979004
59910, -1.6175200939178467, -0.522213339805603, 0.026592401787638664, -0.2137981802225113, -0.1715603619813919, 0.06368400901556015, 37195.0, 24735.0, 30301.0, 36515.0, 2.7156264781951904, -9.925788879394531
59931, -1.6143747568130493, -0.5238428115844727, 0.030166704207658768, -0.12660352885723114, -0.1514442414045334, 0.08641210943460464, 40209.0, 24757.0, 27263.0, 33993.0, 2.7599055767059326, -10.818695068359375
59950, -1.60928213596344, -0.5223026871681213, 0.03191408887505531, -0.06543511897325516, -0.12820549309253693, 0.0968034565448761, 38561.0, 23970.0, 28017.0, 34335.0, 2.9069581031799316, -11.327852249145508
59973, -1.6023668050765991, -0.5220069289207458, 0.03483889251947403, 0.045448195189237595, -0.08614557981491089, 0.09294158965349197, 37648.0, 23867.0, 28856.0, 33835.0, 3.1262710094451904, -11.489752769470215
59990, -1.594650387763977, -0.5199581384658813, 0.035077232867479324, 0.12624841928482056, -0.059066932648420334, 0.08279000967741013, 37842.0, 21102.0, 29133.0, 35879.0, 3.347712993621826, -11.227316856384277
60011, -1.5860015153884888, -0.5179212093353271, 0.035459719598293304, 0.20942533016204834, -0.024753237143158913, 0.06291329860687256, 37686.0, 22180.0, 29300.0, 36008.0, 3.4867606163024902, -10.855756759643555
60031, -1.5793834924697876, -0.5161239504814148, 0.037127356976270676, 0.2562374472618103, 0.0036210014950484037, 0.057428374886512756, 39035.0, 24486.0, 28322.0, 35388.0, 3.6430575847625732, -9.634147644042969
60051, -1.569101095199585, -0.5129473209381104, 0.03671949356794357, 0.3273337781429291, 0.03926773741841316, 0.03973349183797836, 39813.0, 23463.0, 28167.0, 36830.0, 3.7844104766845703, -8.332191467285156
60070, -1.5555518865585327, -0.5078327655792236, 0.03371703252196312, 0.4222465753555298, 0.08825159817934036, 0.0050513651221990585, 39388.0, 24588.0, 29678.0, 36680.0, 3.8948566913604736, -7.016292095184326
60090, -1.544237732887268, -0.5033709406852722, 0.03186101093888283, 0.47051626443862915, 0.12451936304569244, -0.013241150416433811, 40962.0, 25816.0, 28886.0, 36802.0, 4.0322418212890625, -5.011074066162109
60110, -1.531652569770813, -0.4984889030456543, 0.031189188361167908, 0.5165695548057556, 0.1568630188703537, -0.0183732733130455, 40822.0, 25493.0, 31938.0, 35284.0, 4.098088264465332, -4.061868667602539
60131, -1.5218549966812134, -0.4941488802433014, 0.029179954901337624, 0.5361105799674988, 0.1785396784543991, -0.02775462716817856, 40457.0, 25762.0, 33847.0, 35787.0, 4.305650234222412, -0.7957715392112732
60151, -1.5093755722045898, -0.48826777935028076, 0.02714340016245842, 0.579630434513092, 0.21391627192497253, -0.03214389458298683, 39763.0, 29184.0, 33062.0, 36032.0, 4.382349967956543, 1.3563047647476196
60170, -1.505347728729248, -0.4858821630477905, 0.02635306678712368, 0.5749469995498657, 0.22361978888511658, -0.02540251798927784, 39599.0, 28444.0, 34328.0, 36969.0, 4.412705421447754, 2.5168519020080566
60190, -1.495285153388977, -0.480381041765213, 0.030062131583690643, 0.5580477118492126, 0.24028338491916656, 0.028535056859254837, 39573.0, 28687.0, 33849.0, 36921.0, 4.409259796142578, 5.1075615882873535
60211, -1.489223599433899, -0.47681719064712524, 0.03198714181780815, 0.5025932788848877, 0.232280433177948, 0.06087179481983185, 38509.0, 29968.0, 32874.0, 34463.0, 4.334692001342773, 7.483214378356934
60231, -1.4822255373001099, -0.47175899147987366, 0.03804255649447441, 0.4753880202770233, 0.2435932159423828, 0.11317583173513412, 38818.0, 30846.0, 32249.0, 33234.0, 4.2341413497924805, 9.53342342376709
60250, -1.482416033744812, -0.4697585105895996, 0.040788326412439346, 0.3789213299751282, 0.2210521250963211, 0.12942847609519958, 35389.0, 29562.0, 33670.0, 31853.0, 4.108895301818848, 11.772132873535156
60270, -1.48116934299469, -0.4669121205806732, 0.048885032534599304, 0.2927494943141937, 0.2026093602180481, 0.18306522071361542, 34231.0, 30615.0, 32654.0, 32642.0, 3.980372428894043, 13.814337730407715
60290, -1.4837472438812256, -0.4659305810928345, 0.051334187388420105, 0.19346146285533905, 0.17323613166809082, 0.17768345773220062, 32969.0, 29380.0, 32241.0, 31434.0, 3.859720468521118, 15.41042423248291
60310, -1.4861116409301758, -0.464475154876709, 0.053493209183216095, 0.10551797598600388, 0.1496540755033493, 0.1622302532196045, 34677.0, 28974.0, 32396.0, 30831.0, 3.7418031692504883, 16.5839786529541
60331, -1.4960986375808716, -0.4656234085559845, 0.05741286277770996, -0.034959129989147186, 0.10834775865077972, 0.15519478917121887, 35352.0, 28051.0, 31027.0, 31567.0, 3.6779375076293945, 17.141088485717773
60353, -1.5057141780853271, -0.4673004150390625, 0.056472357362508774, -0.15178777277469635, 0.06589949131011963, 0.11298149079084396, 34190.0, 31454.0, 33606.0, 29656.0, 3.5951719284057617, 17.52892303466797
60373, -1.514217734336853, -0.46888235211372375, 0.055573686957359314, -0.2394072711467743, 0.03849443793296814, 0.0851380005478859, 35425.0, 30787.0, 33543.0, 32228.0, 3.533541202545166, 17.21722984313965
60390, -1.5258115530014038, -0.4710991084575653, 0.052830036729574203, -0.34473904967308044, 0.0012726669665426016, 0.04174034297466278, 36048.0, 32933.0, 34433.0, 32260.0, 3.5120346546173096, 16.387279510498047
60412, -1.5394277572631836, -0.47355136275291443, 0.051899977028369904, -0.45203715562820435, -0.0353001169860363, 0.020247669890522957, 38066.0, 31166.0, 33856.0, 36307.0, 3.489163875579834, 15.110176086425781
60430, -1.5541417598724365, -0.4767738878726959, 0.047844551503658295, -0.5450620055198669, -0.07064519077539444, -0.016193673014640808, 37897.0, 31977.0, 35642.0, 36382.0, 3.5473012924194336, 13.067054748535156
60451, -1.5708085298538208, -0.48059579730033875, 0.046661995351314545, -0.6380740404129028, -0.1064593717455864, -0.01609732210636139, 39905.0, 30890.0, 36621.0, 37703.0, 3.6081316471099854, 10.554704666137695
60470, -1.5899639129638672, -0.48543787002563477, 0.0358930267393589, -0.7493388056755066, -0.1471811681985855, -0.08600495010614395, 41391.0, 30386.0, 34283.0, 39710.0, 3.7017548084259033, 7.755729675292969
60490, -1.6104875802993774, -0.4907853901386261, 0.0389481745660305, -0.8297311663627625, -0.18249405920505524, -0.029703356325626373, 44066.0, 31175.0, 35273.0, 41683.0, 3.7990641593933105, 4.119556427001953
60510, -1.6175205707550049, -0.49275797605514526, 0.040234994143247604, -0.8264138698577881, -0.18920300900936127, 0.0014783365186303854, 44137.0, 28070.0, 34403.0, 42867.0, 3.836871385574341, 2.238192319869995
60531, -1.645473599433899, -0.5006090402603149, 0.042450178414583206, -0.8862906694412231, -0.22525040805339813, 0.06481952220201492, 45537.0, 28017.0, 33838.0, 42952.0, 3.919872283935547, -1.4539397954940796
60551, -1.6598467826843262, -0.5049630403518677, 0.04276995360851288, -0.8644682765007019, -0.2324819564819336, 0.09425211697816849, 44489.0, 27309.0, 32179.0, 41353.0, 3.956594705581665, -6.517203330993652
60571, -1.6666921377182007, -0.5070529580116272, 0.042199838906526566, -0.8512272238731384, -0.2351227104663849, 0.10193023830652237, 45022.0, 25884.0, 31154.0, 41691.0, 3.9562723636627197, -8.49787712097168
60590, -1.6788643598556519, -0.5109668970108032, 0.05401807650923729, -0.8015209436416626, -0.23419728875160217, 0.21177031099796295, 42845.0, 22260.0, 29847.0, 41085.0, 3.9166369438171387, -11.778392791748047
60611, -1.6915698051452637, -0.5155755877494812, 0.06475784629583359, -0.6592941284179688, -0.21115288138389587, 0.2745402753353119, 41565.0, 24053.0, 29797.0, 39316.0, 3.8721492290496826, -14.474777221679688
60631, -1.6945769786834717, -0.5170761942863464, 0.07140149176120758, -0.6187567710876465, -0.20751959085464478, 0.31191426515579224, 40095.0, 23291.0, 29158.0, 37251.0, 3.775879383087158, -16.755462646484375
60651, -1.698973298072815, -0.5192772150039673, 0.07866440713405609, -0.5145280957221985, -0.18717819452285767, 0.3237941563129425, 39422.0, 24264.0, 29122.0, 36079.0, 3.670520067214966, -18.424917221069336
60670, -1.6987278461456299, -0.5206868052482605, 0.08765652775764465, -0.3755405843257904, -0.16011303663253784, 0.3291867971420288, 40309.0, 23578.0, 27587.0, 36910.0, 3.538576364517212, -19.719240188598633
60692, -1.6991161108016968, -0.5218172669410706, 0.09447036683559418, -0.26618558168411255, -0.13325901329517365, 0.31196656823158264, 40287.0, 23604.0, 27722.0, 36712.0, 3.4391191005706787, -20.47161865234375
60710, -1.6973453760147095, -0.5221585035324097, 0.09972554445266724, -0.16277018189430237, -0.10510570555925369, 0.2817908823490143, 39997.0, 24445.0, 28124.0, 37286.0, 3.3989174365997314, -20.67531394958496
60730, -1.6936453580856323, -0.5227158665657043, 0.10466960072517395, -0.05923895165324211, -0.08400356024503708, 0.25252363085746765, 40641.0, 24763.0, 29241.0, 37670.0, 3.3982913494110107, -20.386070251464844
60751, -1.6895140409469604, -0.5227828621864319, 0.106862872838974, 0.031143328174948692, -0.06068168208003044, 0.20814310014247894, 39998.0, 27543.0, 31997.0, 35466.0, 3.421488046646118, -20.10791778564453
60770, -1.6812262535095215, -0.5222567915916443, 0.11013961583375931, 0.13823997974395752, -0.035783011466264725, 0.17390497028827667, 40194.0, 27915.0, 34346.0, 36460.0, 3.5161197185516357, -17.929445266723633
60790, -1.6764893531799316, -0.521676778793335, 0.10891911387443542, 0.1862240582704544, -0.023441120982170105, 0.14225928485393524, 40970.0, 28513.0, 33838.0, 38403.0, 3.5605642795562744, -17.06871223449707
60810, -1.6689836978912354, -0.521146297454834, 0.11068858206272125, 0.25888791680336, -0.004466417711228132, 0.12252039462327957, 41513.0, 30195.0, 35182.0, 38744.0, 3.666257858276367, -15.070704460144043
60831, -1.6604195833206177, -0.5203018188476562, 0.10952960699796677, 0.3258957862854004, 0.0133511358872056, 0.09552236646413803, 42331.0, 29647.0, 35142.0, 40247.0, 3.729114055633545, -13.094331741333008
60850, -1.6516069173812866, -0.5196138024330139, 0.11030085384845734, 0.3794781267642975, 0.027233857661485672, 0.08850613236427307, 43892.0, 31420.0, 34730.0, 40636.0, 3.757781982421875, -10.948227882385254
60870, -1.643065333366394, -0.5188867449760437, 0.11109212040901184, 0.41766995191574097, 0.03820401057600975, 0.09173914790153503, 43950.0, 32275.0, 35373.0, 40776.0, 3.738190174102783, -8.825634002685547
60890, -1.6342970132827759, -0.5178378224372864, 0.11118394881486893, 0.4458383619785309, 0.04948659986257553, 0.09578084200620651, 42729.0, 33552.0, 37603.0, 40395.0, 3.7109580039978027, -6.666554927825928
60910, -1.624549150466919, -0.516757607460022, 0.11185449361801147, 0.47395703196525574, 0.05900048464536667, 0.10947822034358978, 42296.0, 33681.0, 37795.0, 40891.0, 3.6723217964172363, -4.6064534187316895
60930, -1.6150275468826294, -0.5450823307037354, 0.11333989351987839, 0.48511189222335815, -0.3305289149284363, 0.05673250928521156, 48160.0, 42402.0, 31937.0, 32192.0, 3.5859017372131348, -1.6175496578216553
60950, -1.6066343784332275, -0.5532594919204712, 0.1167818084359169, 0.4796679615974426, -0.4643211364746094, 0.047582823783159256, 48746.0, 42561.0, 33137.0, 34186.0, 3.0811445713043213, 0.5676063299179077
60970, -1.5974568128585815, -0.5582164525985718, 0.11884823441505432, 0.47321465611457825, -0.5346020460128784, 0.06721024960279465, 45085.0, 37698.0, 39655.0, 40622.0, 2.586846351623535, 2.635963201522827
60990, -1.5889129638671875, -0.5581831336021423, 0.12058577686548233, 0.46204689145088196, -0.5303679704666138, 0.11165908724069595, 40369.0, 33575.0, 43539.0, 44045.0, 2.450043201446533, 3.440211057662964
61010, -1.581706166267395, -0.5600817799568176, 0.1264469474554062, 0.43092361092567444, -0.5214556455612183, 0.18452437222003937, 38605.0, 35323.0, 39544.0, 46256.0, 2.0807442665100098, 5.458454608917236
61030, -1.5755085945129395, -0.5588271021842957, 0.1305658370256424, 0.3935844898223877, -0.4675298035144806, 0.2361990064382553, 42095.0, 34080.0, 38264.0, 42970.0, 1.9174787998199463, 6.3850579261779785
61051, -1.5701733827590942, -0.5530585646629333, 0.14114025235176086, 0.35244321823120117, -0.372539758682251, 0.31867676973342896, 38726.0, 35701.0, 33826.0, 45132.0, 1.6972934007644653, 7.083373069763184
61070, -1.5659027099609375, -0.5483636856079102, 0.14603346586227417, 0.3080676794052124, -0.28162115812301636, 0.3376602530479431, 39762.0, 31719.0, 34679.0, 41952.0, 1.507097601890564, 7.640317440032959
61093, -1.5625903606414795, -0.5430458784103394, 0.15130722522735596, 0.26046037673950195, -0.18925155699253082, 0.34866267442703247, 36834.0, 31924.0, 33878.0, 44806.0, 1.379360318183899, 8.03123950958252
61110, -1.5593680143356323, -0.5354564785957336, 0.16163383424282074, 0.22113141417503357, -0.09252753108739853, 0.3859994113445282, 36315.0, 30329.0, 35834.0, 42328.0, 1.3698116540908813, 8.293622016906738
61131, -1.5581445693969727, -0.5221416354179382, 0.16624072194099426, 0.17293940484523773, 0.03590821102261543, 0.37319648265838623, 37331.0, 30058.0, 37381.0, 41001.0, 1.4832900762557983, 8.423805236816406
61151, -1.5566718578338623, -0.5107237696647644, 0.17649394273757935, 0.13232092559337616, 0.13849253952503204, 0.40150487422943115, 39653.0, 31610.0, 36796.0, 39203.0, 1.6243921518325806, 8.414015769958496
61173, -1.5576255321502686, -0.49004390835762024, 0.18054355680942535, 0.08237622678279877, 0.28160858154296875, 0.3770812451839447, 40491.0, 30768.0, 35651.0, 38850.0, 1.803352952003479, 8.261651992797852
61190, -1.5577473640441895, -0.4738849401473999, 0.19036968052387238, 0.03967243805527687, 0.38329142332077026, 0.3916415870189667, 41394.0, 31929.0, 35066.0, 39080.0, 1.8431576490402222, 7.929299354553223
61210, -1.5587307214736938, -0.4548339545726776, 0.19589607417583466, 0.00443821307271719, 0.4751223921775818, 0.38073718547821045, 40834.0, 31678.0, 35604.0, 39619.0, 1.8679051399230957, 7.70065975189209
61230, -1.5610893964767456, -0.4295671582221985, 0.1998557299375534, -0.034386731684207916, 0.5959979295730591, 0.3593730628490448, 40723.0, 35008.0, 32865.0, 41037.0, 1.628059983253479, 6.950533866882324
61251, -1.563520908355713, -0.40561285614967346, 0.20428502559661865, -0.0667678713798523, 0.6850817799568176, 0.345631867647171, 41912.0, 33661.0, 34303.0, 41234.0, 1.5113608837127686, 6.646967887878418
61271, -1.5666069984436035, -0.3797413408756256, 0.20739169418811798, -0.09805040806531906, 0.7617798447608948, 0.32861942052841187, 43125.0, 36076.0, 32959.0, 40682.0, 1.2026399374008179, 6.00936222076416
61290, -1.5706292390823364, -0.3506016731262207, 0.21249572932720184, -0.12882505357265472, 0.8333873152732849, 0.3278232514858246, 42175.0, 39439.0, 29752.0, 43230.0, 0.7085981965065002, 4.779390811920166
61310, -1.5743738412857056, -0.3257119059562683, 0.218108132481575, -0.1501072347164154, 0.8657003045082092, 0.33713337779045105, 42880.0, 36892.0, 34988.0, 41452.0, 0.6175791025161743, 4.3318610191345215
61330, -1.5772428512573242, -0.30667275190353394, 0.21787512302398682, -0.16412663459777832, 0.9120911359786987, 0.318840891122818, 44311.0, 34547.0, 34784.0, 43773.0, 0.49725934863090515, 3.4333086013793945
61351, -1.584183692932129, -0.26740822196006775, 0.2271963655948639, -0.18882380425930023, 0.932998538017273, 0.3481157720088959, 44854.0, 34885.0, 34160.0, 43362.0, 0.4832456707954407, 2.3588759899139404
61370, -1.5875012874603271, -0.24893870949745178, 0.22840464115142822, -0.1987820267677307, 0.9574244618415833, 0.3418819010257721, 45548.0, 36077.0, 33643.0, 42053.0, 0.5570106506347656, 1.2015352249145508
61392, -1.5926995277404785, -0.22136136889457703, 0.2350119948387146, -0.2088356763124466, 0.9725159406661987, 0.3658033609390259, 46185.0, 35284.0, 33005.0, 42991.0, 0.6558442115783691, 0.1470693200826645
61410, -1.5980476140975952, -0.19473972916603088, 0.2422180324792862, -0.21333974599838257, 0.9684577584266663, 0.39037981629371643, 45772.0, 35384.0, 32903.0, 42609.0, 0.7124578952789307, -0.9444224834442139
61431, -1.6031914949417114, -0.16866746544837952, 0.2506794035434723, -0.2134362906217575, 0.9628248810768127, 0.41915690898895264, 45273.0, 35492.0, 33688.0, 42842.0, 0.7302243709564209, -1.947428822517395
61451, -1.608134388923645, -0.14430159330368042, 0.2604895234107971, -0.208738312125206, 0.9439077973365784, 0.45375582575798035, 44509.0, 37199.0, 32182.0, 42172.0, 0.6596755981445312, -2.8594796657562256
61470, -1.6126956939697266, -0.12129096686840057, 0.27104470133781433, -0.19624097645282745, 0.9044941067695618, 0.48572561144828796, 44006.0, 36137.0, 31777.0, 42173.0, 0.5892260074615479, -3.299712896347046
61490, -1.6161648035049438, -0.10366363823413849, 0.2794371247291565, -0.1951814889907837, 0.9128830432891846, 0.5171467661857605, 43387.0, 35230.0, 31338.0, 42221.0, 0.4028032124042511, -4.2148756980896
61510, -1.620811104774475, -0.08037511259317398, 0.2923194169998169, -0.17751921713352203, 0.8605145215988159, 0.5414226651191711, 42368.0, 33801.0, 30876.0, 41789.0, 0.23569945991039276, -5.058548927307129
61530, -1.6249281167984009, -0.05898231267929077, 0.3049260079860687, -0.16020557284355164, 0.8178964853286743, 0.5647199153900146, 41733.0, 32641.0, 31179.0, 41684.0, 0.15789391100406647, -5.7240681648254395
61551, -1.6285699605941772, -0.039400842040777206, 0.31805646419525146, -0.14193525910377502, 0.7764435410499573, 0.5884737372398376, 41829.0, 31759.0, 30242.0, 41094.0, 0.12864375114440918, -6.298882961273193
61570, -1.6322027444839478, -0.01973584108054638, 0.33224964141845703, -0.12178876250982285, 0.7276490926742554, 0.6017365455627441, 41562.0, 30524.0, 30074.0, 41068.0, 0.09626605361700058, -6.778373718261719
61590, -1.6353472471237183, -0.001348191755823791, 0.34737497568130493, -0.09960856288671494, 0.676994264125824, 0.6165598630905151, 41702.0, 31886.0, 29654.0, 39807.0, 0.029791222885251045, -7.0533318519592285
61610, -1.6368670463562012, 0.008043354377150536, 0.35488247871398926, -0.08932255208492279, 0.6570287346839905, 0.6201419234275818, 41063.0, 31984.0, 27901.0, 40191.0, -0.026331089437007904, -7.101879596710205
61630, -1.6392056941986084, 0.022729644551873207, 0.3681483566761017, -0.07004650682210922, 0.6080600023269653, 0.6222498416900635, 40054.0, 31956.0, 27683.0, 40603.0, -0.15710322558879852, -7.083737373352051
61651, -1.6419492959976196, 0.042095303535461426, 0.38777217268943787, -0.04238856956362724, 0.5292859673500061, 0.6168036460876465, 39148.0, 32743.0, 27428.0, 40627.0, -0.33189451694488525, -6.966047286987305
61671, -1.6432989835739136, 0.05358358845114708, 0.40089988708496094, -0.024235382676124573, 0.47488754987716675, 0.6127320528030396, 38458.0, 34390.0, 26762.0, 40000.0, -0.5764985680580139, -6.770846843719482
61690, -1.6448513269424438, 0.06450657546520233, 0.4138987064361572, -0.011206252500414848, 0.424762099981308, 0.606732964515686, 39511.0, 32160.0, 29030.0, 38824.0, -0.9516963958740234, -6.3439202308654785
61710, -1.6457446813583374, 0.06963862478733063, 0.42123910784721375, -0.005900010000914335, 0.3991703391075134, 0.610052227973938, 38278.0, 32645.0, 26726.0, 41324.0, -1.0746103525161743, -6.149158954620361
61730, -1.6467642784118652, 0.08161791414022446, 0.4397437870502472, 0.014075610786676407, 0.3125324249267578, 0.5942980647087097, 37809.0, 31372.0, 31171.0, 39119.0, -1.297681450843811, -5.817415237426758
61751, -1.647663950920105, 0.08871382474899292, 0.4522855579853058, 0.02352782152593136, 0.25819793343544006, 0.5861720442771912, 38316.0, 32053.0, 30876.0, 38517.0, -1.4798040390014648, -5.472879409790039
61771, -1.6484709978103638, 0.09521739184856415, 0.46572166681289673, 0.03251224011182785, 0.1941361278295517, 0.571346640586853, 38615.0, 31522.0, 31058.0, 38950.0, -1.6045252084732056, -5.128279209136963
61790, -1.6490238904953003, 0.09962624311447144, 0.4782804846763611, 0.039827920496463776, 0.13391856849193573, 0.5623668432235718, 38786.0, 31933.0, 31335.0, 38304.0, -1.6806464195251465, -4.767148494720459
61810, -1.649641990661621, 0.10154208540916443, 0.4838278293609619, 0.040562648326158524, 0.10741295665502548, 0.555587112903595, 38368.0, 31993.0, 31846.0, 38627.0, -1.7094992399215698, -4.4851393699646
61830, -1.6501703262329102, 0.10449494421482086, 0.500890851020813, 0.04866239055991173, 0.01902364380657673, 0.5417323112487793, 38898.0, 31064.0, 31633.0, 39253.0, -1.7172861099243164, -4.206185817718506
61850, -1.6509034633636475, 0.10513776540756226, 0.5135508179664612, 0.05078485235571861, -0.042203642427921295, 0.5393784046173096, 39759.0, 31233.0, 30819.0, 39346.0, -1.7080483436584473, -3.9531006813049316
61871, -1.6514993906021118, 0.10515763610601425, 0.5191469192504883, 0.050115570425987244, -0.07033412158489227, 0.5358034372329712, 39807.0, 31078.0, 30484.0, 39429.0, -1.7044965028762817, -3.6931159496307373
61891, -1.6524518728256226, 0.10416151583194733, 0.5307471752166748, 0.04931876063346863, -0.1276102215051651, 0.5312733054161072, 39729.0, 30310.0, 30738.0, 40143.0, -1.6844314336776733, -3.4888763427734375
61910, -1.652705192565918, 0.10127348452806473, 0.5425387024879456, 0.05212556943297386, -0.19394025206565857, 0.5208407640457153, 39054.0, 30927.0, 31842.0, 39463.0, -1.6535301208496094, -3.2805674076080322
61930, -1.653227686882019, 0.09725580364465714, 0.5552268624305725, 0.052924271672964096, -0.2577855885028839, 0.5243571996688843, 40005.0, 29392.0, 30559.0, 41052.0, -1.6261546611785889, -3.1407470703125
61951, -1.6537821292877197, 0.09251955896615982, 0.5653101801872253, 0.05233900994062424, -0.3156716525554657, 0.5126153826713562, 38945.0, 31049.0, 31696.0, 39320.0, -1.6168954372406006, -3.0339677333831787
61971, -1.654959797859192, 0.08585716038942337, 0.5783154964447021, 0.048842791467905045, -0.38095328211784363, 0.5158591866493225, 39254.0, 31058.0, 32444.0, 39370.0, -1.5527423620224, -2.861806631088257
61990, -1.6555159091949463, 0.0786384791135788, 0.5880907773971558, 0.04843274876475334, -0.43845441937446594, 0.5030736327171326, 40966.0, 30197.0, 30161.0, 39504.0, -1.4333317279815674, -2.768202304840088
62010, -1.6566271781921387, 0.07075829058885574, 0.597165048122406, 0.045287925750017166, -0.4917469918727875, 0.48506855964660645, 38966.0, 32107.0, 33322.0, 38026.0, -1.289382815361023, -2.7177653312683105
62030, -1.6571199893951416, 0.061005350202322006, 0.6062492728233337, 0.046182505786418915, -0.551726222038269, 0.47079145908355713, 40555.0, 29950.0, 34475.0, 38190.0, -1.1401561498641968, -2.659327745437622
62050, -1.658302664756775, 0.05046386644244194, 0.6163983345031738, 0.04312722012400627, -0.6072121262550354, 0.4634458124637604, 40043.0, 32014.0, 33304.0, 38965.0, -0.9866788387298584, -2.575819730758667
62070, -1.6595947742462158, 0.039419569075107574, 0.6250463724136353, 0.03929010033607483, -0.6578008532524109, 0.4511381983757019, 40680.0, 32482.0, 32851.0, 38535.0, -0.8322659134864807, -2.4502384662628174
62091, -1.6593115329742432, 0.02617991715669632, 0.6337868571281433, 0.04376371577382088, -0.7145620584487915, 0.44349849224090576, 40562.0, 33597.0, 33205.0, 38177.0, -0.7211225032806396, -2.4040091037750244
62110, -1.6590806245803833, 0.0122347641736269, 0.6449563503265381, 0.04772355034947395, -0.7686893343925476, 0.4551645815372467, 40752.0, 32141.0, 32788.0, 38816.0, -0.6152372360229492, -2.360874652862549
62130, -1.6604126691818237, -0.0020586650352925062, 0.6535449028015137, 0.044286761432886124, -0.8137246966362, 0.4468754231929779, 40532.0, 31206.0, 33110.0, 40116.0, -0.5195798277854919, -2.341493844985962
62150, -1.66103196144104, -0.01834525726735592, 0.6646268963813782, 0.04509099945425987, -0.8615056276321411, 0.4574718475341797, 40383.0, 30757.0, 33797.0, 40360.0, -0.4245286285877228, -2.3860361576080322
62170, -1.6622400283813477, -0.03411080688238144, 0.6730312705039978, 0.0434245802462101, -0.8990897536277771, 0.45592445135116577, 41335.0, 29013.0, 32120.0, 41286.0, -0.31508198380470276, -2.4029381275177
62190, -1.663004994392395, -0.041472744196653366, 0.6791436076164246, 0.04210178926587105, -0.9120545387268066, 0.46710339188575745, 40837.0, 29857.0, 32811.0, 40591.0, -0.20830470323562622, -2.422024965286255
62210, -1.6633721590042114, -0.05963580682873726, 0.6885040998458862, 0.045097317546606064, -0.9463624954223633, 0.46862804889678955, 41106.0, 29939.0, 31971.0, 39620.0, -0.08128848671913147, -2.4880261421203613
62230, -1.6624274253845215, -0.07890982925891876, 0.6975154280662537, 0.05358189344406128, -0.9799373149871826, 0.4687395989894867, 40833.0, 28418.0, 32572.0, 40384.0, 0.06802625209093094, -2.6064324378967285
62250, -1.6613187789916992, -0.09879637509584427, 0.7069001793861389, 0.06246400624513626, -1.0080833435058594, 0.47015056014060974, 40384.0, 28953.0, 33147.0, 39795.0, 0.20963606238365173, -2.7458224296569824
62270, -1.659993290901184, -0.11935000121593475, 0.7154608368873596, 0.07216902822256088, -1.0319463014602661, 0.4684700667858124, 40092.0, 29017.0, 33639.0, 39219.0, 0.35632410645484924, -2.8473124504089355
62290, -1.6607105731964111, -0.12887997925281525, 0.7227857112884521, 0.07282862067222595, -1.0015575885772705, 0.46082016825675964, 38928.0, 29292.0, 34834.0, 39464.0, 0.4285513758659363, -2.8110573291778564
62310, -1.6603929996490479, -0.14811627566814423, 0.7308226823806763, 0.07793525606393814, -1.0088424682617188, 0.45839500427246094, 38522.0, 30091.0, 35102.0, 39017.0, 0.4874555766582489, -2.753216028213501
62330, -1.658809781074524, -0.16837280988693237, 0.7400007843971252, 0.08708062767982483, -1.0141295194625854, 0.4601455330848694, 39763.0, 30724.0, 33898.0, 38363.0, 0.548740565776825, -2.6886796951293945
62351, -1.6570789813995361, -0.18857675790786743, 0.749240517616272, 0.09588050842285156, -1.0141676664352417, 0.4639844596385956, 38831.0, 30502.0, 34366.0, 38604.0, 0.581214964389801, -2.629875659942627
62370, -1.6573415994644165, -0.2001478523015976, 0.7576643824577332, 0.09647554159164429, -0.9782302379608154, 0.4636727571487427, 38920.0, 29636.0, 34040.0, 39274.0, 0.580991804599762, -2.4940133094787598
62390, -1.6577107906341553, -0.2101982980966568, 0.765816867351532, 0.09615203738212585, -0.9346018433570862, 0.459210067987442, 38782.0, 27997.0, 33639.0, 40487.0, 0.6090944409370422, -2.342827796936035
62410, -1.6579121351242065, -0.2254488170146942, 0.7775882482528687, 0.09646613150835037, -0.909179151058197, 0.474276065826416, 39242.0, 28167.0, 33493.0, 40093.0, 0.6679114103317261, -2.2001287937164307
62430, -1.6560217142105103, -0.2435063123703003, 0.7871055603027344, 0.10321306437253952, -0.8915622234344482, 0.47693395614624023, 40782.0, 26620.0, 31264.0, 39982.0, 0.7401525378227234, -2.082430124282837
62450, -1.6568340063095093, -0.25326859951019287, 0.7996358871459961, 0.1001545637845993, -0.8435443043708801, 0.49335771799087524, 40202.0, 27577.0, 31670.0, 38834.0, 0.823357880115509, -1.9798232316970825
62470, -1.6547472476959229, -0.2699390649795532, 0.8094788193702698, 0.10630755871534348, -0.8209201097488403, 0.49068546295166016, 39859.0, 25939.0, 31149.0, 39167.0, 0.8726407885551453, -1.8103222846984863
62490, -1.652538537979126, -0.28658008575439453, 0.82438063621521, 0.11221448332071304, -0.7975428104400635, 0.5156628489494324, 38964.0, 26637.0, 31924.0, 38464.0, 0.9431746006011963, -1.6863616704940796
62510, -1.65017831325531, -0.30228912830352783, 0.8346385359764099, 0.11757370084524155, -0.7720816731452942, 0.5093464851379395, 37928.0, 28044.0, 31401.0, 36023.0, 0.9999616146087646, -1.543771505355835
62530, -1.6479403972625732, -0.3175976872444153, 0.8467393517494202, 0.121517613530159, -0.7458035945892334, 0.5128813982009888, 37659.0, 28243.0, 31309.0, 35989.0, 1.0219130516052246, -1.4087932109832764
62550, -1.6455433368682861, -0.3322194814682007, 0.8568836450576782, 0.12524323165416718, -0.7191954851150513, 0.5012180805206299, 37002.0, 28100.0, 31388.0, 35514.0, 1.0367289781570435, -1.284807562828064
62570, -1.64292311668396, -0.3461732268333435, 0.8682959079742432, 0.1290711909532547, -0.6913332939147949, 0.4965117573738098, 36708.0, 27533.0, 31708.0, 36114.0, 1.0482187271118164, -1.092396855354309
62590, -1.6403170824050903, -0.35968315601348877, 0.8781000375747681, 0.13193517923355103, -0.6636785864830017, 0.4836455285549164, 35836.0, 28765.0, 32250.0, 34641.0, 1.0516165494918823, -0.9096147418022156
62610, -1.6361535787582397, -0.3789343237876892, 0.8938636779785156, 0.13558414578437805, -0.6215275526046753, 0.46923959255218506, 36140.0, 28040.0, 31937.0, 35468.0, 1.0544475317001343, -0.7033756971359253
62630, -1.6336472034454346, -0.3905680775642395, 0.9030946493148804, 0.13600130379199982, -0.5916244983673096, 0.4530797302722931, 36428.0, 27433.0, 31361.0, 35657.0, 1.056728482246399, -0.4704374074935913
62650, -1.6458429098129272, -0.3410843014717102, 0.9028809070587158, 0.09887630492448807, -0.4265342056751251, 0.41387954354286194, 36463.0, 26740.0, 31583.0, 36302.0, 1.0560866594314575, -0.007574764546006918
62670, -1.6550315618515015, -0.35784006118774414, 0.9116475582122803, 0.06940006464719772, -0.416413277387619, 0.3983168601989746, 33361.0, 23495.0, 36099.0, 40050.0, 1.058740258216858, 0.4352191984653473
62691, -1.6554275751113892, -0.39082324504852295, 0.9216479063034058, 0.06193121522665024, -0.425167053937912, 0.36886465549468994, 36877.0, 29011.0, 32734.0, 36448.0, 1.022419810295105, 0.6953381299972534
62713, -1.654784083366394, -0.4040508270263672, 0.9292374849319458, 0.05908365920186043, -0.4106194078922272, 0.3556177616119385, 40296.0, 31361.0, 28903.0, 35194.0, 0.9540040493011475, 0.7733333706855774
62730, -1.6544369459152222, -0.4104175567626953, 0.9316025972366333, 0.05847202241420746, -0.4044625461101532, 0.3420015573501587, 39705.0, 30341.0, 30197.0, 36077.0, 0.8796210885047913, 0.6945131421089172
62751, -1.6533622741699219, -0.4184446632862091, 0.938148021697998, 0.05653613805770874, -0.38109350204467773, 0.33140328526496887, 38894.0, 28472.0, 31948.0, 37883.0, 0.8204014301300049, 0.49202054738998413
62771, -1.6521921157836914, -0.4268856346607208, 0.9437277317047119, 0.056496646255254745, -0.3623116910457611, 0.3185819089412689, 38737.0, 28273.0, 32258.0, 38279.0, 0.7692781686782837, 0.14067688584327698
62790, -1.6510049104690552, -0.43416091799736023, 0.9485436081886292, 0.05726560950279236, -0.3419957458972931, 0.3029976189136505, 39521.0, 28515.0, 31692.0, 38465.0, 0.7150915861129761, -0.2910114526748657
62810, -1.6497300863265991, -0.44075658917427063, 0.9539289474487305, 0.05978137627243996, -0.3202972114086151, 0.29243579506874084, 39882.0, 29021.0, 31531.0, 38770.0, 0.6304938197135925, -0.7292928695678711
62830, -1.648533821105957, -0.44698888063430786, 0.9581698179244995, 0.062154579907655716, -0.3001226782798767, 0.27682897448539734, 39489.0, 30968.0, 31973.0, 37479.0, 0.5286982655525208, -1.1141557693481445
62850, -1.6474151611328125, -0.4515939950942993, 0.962958037853241, 0.06569904088973999, -0.2750561237335205, 0.2700421214103699, 40201.0, 30919.0, 31441.0, 38111.0, 0.4292791485786438, -1.437770962715149
62870, -1.6460518836975098, -0.4568931460380554, 0.9685719609260559, 0.07071621716022491, -0.25571510195732117, 0.26998332142829895, 39835.0, 30106.0, 31933.0, 38963.0, 0.32541072368621826, -1.7263931035995483
62890, -1.6445950269699097, -0.4600301682949066, 0.9732549786567688, 0.0770842432975769, -0.2299589216709137, 0.2632617652416229, 39567.0, 30101.0, 32361.0, 38681.0, 0.25574320554733276, -2.009793281555176
62910, -1.6427826881408691, -0.46363407373428345, 0.979934811592102, 0.0852033719420433, -0.2083238959312439, 0.27207446098327637, 39689.0, 28629.0, 32359.0, 39993.0, 0.19858132302761078, -2.2471723556518555
62930, -1.6410009860992432, -0.46762460470199585, 0.9853925704956055, 0.09302741289138794, -0.19083356857299805, 0.2734125256538391, 40273.0, 28352.0, 31154.0, 39512.0, 0.18404296040534973, -2.3949646949768066
62950, -1.6392375230789185, -0.46934694051742554, 0.9899523854255676, 0.100846067070961, -0.16643397510051727, 0.26654601097106934, 40753.0, 28646.0, 30618.0, 38883.0, 0.18718214333057404, -2.4259839057922363
62970, -1.6370537281036377, -0.4715217649936676, 0.9943892955780029, 0.10962440818548203, -0.14663074910640717, 0.257888525724411, 40902.0, 28961.0, 30419.0, 39153.0, 0.18724310398101807, -2.3802249431610107
62990, -1.6348321437835693, -0.47343793511390686, 0.9993346929550171, 0.11748234927654266, -0.12849462032318115, 0.25656959414482117, 40435.0, 29225.0, 31178.0, 38754.0, 0.20625081658363342, -2.23197078704834
63011, -1.6323987245559692, -0.47398361563682556, 1.0056192874908447, 0.1255839467048645, -0.10735546052455902, 0.2642599642276764, 39784.0, 29703.0, 31551.0, 38364.0, 0.2232130616903305, -2.0280961990356445
63031, -1.6283955574035645, -0.47376054525375366, 1.0114562511444092, 0.13815617561340332, -0.08475298434495926, 0.2630796432495117, 38651.0, 30056.0, 32334.0, 37574.0, 0.21978770196437836, -1.8199872970581055
63050, -1.6246018409729004, -0.4734104573726654, 1.0170800685882568, 0.14879250526428223, -0.0661933422088623, 0.260868102312088, 39173.0, 29522.0, 31493.0, 38119.0, 0.2029796838760376, -1.5772019624710083
63070, -1.6216084957122803, -0.47464555501937866, 1.0222598314285278, 0.15358583629131317, -0.05660040304064751, 0.25733134150505066, 38133.0, 31162.0, 31913.0, 37092.0, 0.16815733909606934, -1.2356115579605103
63090, -1.6186636686325073, -0.475177526473999, 1.0283141136169434, 0.15719036757946014, -0.04610436037182808, 0.2617212235927582, 38995.0, 30053.0, 30612.0, 38059.0, 0.13452863693237305, -0.9425073862075806
63110, -1.6157479286193848, -0.47551897168159485, 1.033241868019104, 0.15938831865787506, -0.03742837533354759, 0.25760599970817566, 37693.0, 31229.0, 32476.0, 35987.0, 0.13308359682559967, -0.6502613425254822
63130, -1.6129169464111328, -0.47576388716697693, 1.0365264415740967, 0.15990948677062988, -0.030885795131325722, 0.2421116977930069, 38013.0, 29623.0, 32032.0, 37114.0, 0.13716480135917664, -0.3328181505203247
63150, -1.610051155090332, -0.47579246759414673, 1.0411943197250366, 0.159248948097229, -0.02461768314242363, 0.23348651826381683, 38426.0, 29538.0, 32120.0, 37389.0, 0.1523437201976776, -0.03357486054301262
63170, -1.6073119640350342, -0.47555601596832275, 1.0463733673095703, 0.15789580345153809, -0.018898317590355873, 0.2318158894777298, 38860.0, 29818.0, 31981.0, 36928.0, 0.17358075082302094, 0.22926467657089233
63191, -1.6041641235351562, -0.4758583605289459, 1.050992727279663, 0.15686185657978058, -0.016807012259960175, 0.2300996631383896, 39762.0, 29037.0, 30565.0, 37463.0, 0.17747429013252258, 0.5104210376739502
63210, -1.6020451784133911, -0.4750644862651825, 1.0564073324203491, 0.1517782360315323, -0.011999991722404957, 0.23185966908931732, 39940.0, 29225.0, 29883.0, 37472.0, 0.1773175150156021, 0.7987544536590576
63230, -1.598901391029358, -0.47526317834854126, 1.0609850883483887, 0.1495615541934967, -0.012197664938867092, 0.22546610236167908, 38745.0, 28672.0, 30705.0, 37662.0, 0.16427697241306305, 1.1006163358688354
63250, -1.5966548919677734, -0.47489380836486816, 1.0650509595870972, 0.14339447021484375, -0.011239555664360523, 0.21609169244766235, 38970.0, 29010.0, 30212.0, 37476.0, 0.14655081927776337, 1.4074678421020508
63270, -1.5938398838043213, -0.47504621744155884, 1.0716811418533325, 0.13839730620384216, -0.01301991380751133, 0.2239610254764557, 37869.0, 29733.0, 30363.0, 36960.0, 0.110662542283535, 1.6717108488082886
63290, -1.5922410488128662, -0.4746365547180176, 1.0755447149276733, 0.12912531197071075, -0.013474727049469948, 0.21511059999465942, 38229.0, 28910.0, 30088.0, 37244.0, 0.08272729814052582, 1.8704273700714111
63310, -1.5901174545288086, -0.4741261303424835, 1.0819268226623535, 0.12184280157089233, -0.014028017409145832, 0.21959447860717773, 37882.0, 29794.0, 30492.0, 36739.0, 0.05926666781306267, 2.017204761505127
63330, -1.5877009630203247, -0.4744604229927063, 1.0862282514572144, 0.1154496893286705, -0.017793705686926842, 0.2100885659456253, 36705.0, 29721.0, 30925.0, 36384.0, 0.034878216683864594, 2.0955400466918945
63351, -1.5895663499832153, -0.5287289619445801, 1.0901691913604736, 0.08609792590141296, -0.3918322026729584, 0.14721478521823883, 36725.0, 28900.0, 31694.0, 36438.0, 0.032129816710948944, 2.186591863632202
63370, -1.5876892805099487, -0.5372673273086548, 1.0922746658325195, 0.07746267318725586, -0.4905305504798889, 0.10589112341403961, 44736.0, 38706.0, 23239.0, 27829.0, 0.2762029767036438, 2.708275079727173
63390, -1.5859434604644775, -0.5400469899177551, 1.0955712795257568, 0.06922464072704315, -0.5032472610473633, 0.10263016819953918, 43202.0, 36787.0, 27374.0, 31609.0, 0.38449811935424805, 2.9037463665008545
63410, -1.5854496955871582, -0.5613266825675964, 1.0955092906951904, 0.057193607091903687, -0.6417326331138611, 0.043059978634119034, 37539.0, 30117.0, 34892.0, 37612.0, 0.39614343643188477, 2.918609857559204
63430, -1.5843926668167114, -0.5667586922645569, 1.0984045267105103, 0.04636991024017334, -0.7221421003341675, 0.023318683728575706, 39697.0, 29140.0, 34922.0, 39703.0, 0.6132217049598694, 3.0857131481170654
63453, -1.5837684869766235, -0.5805757641792297, 1.0955212116241455, 0.035143230110406876, -0.8546136617660522, -0.046633679419755936, 41618.0, 32787.0, 32929.0, 37798.0, 0.7918689846992493, 3.1257822513580322
63473, -1.5826915502548218, -0.5817280411720276, 1.1061031818389893, 0.023614710196852684, -0.887523889541626, 0.017046069726347923, 43447.0, 34332.0, 32660.0, 39571.0, 0.9473947882652283, 3.0810093879699707
63490, -1.5819439888000488, -0.5843878984451294, 1.101892113685608, 0.01308944821357727, -0.9942372441291809, -0.053859926760196686, 42391.0, 31226.0, 32075.0, 38977.0, 1.0421515703201294, 2.991943359375
63510, -1.5815722942352295, -0.5961184501647949, 1.1225591897964478, 0.0013427298981696367, -1.0112495422363281, 0.0973634421825409, 41075.0, 32147.0, 33525.0, 43254.0, 0.9379107356071472, 2.5316362380981445
63530, -1.5817288160324097, -0.6123794317245483, 1.1187824010849, -0.009458236396312714, -1.1142152547836304, 0.03646568953990936, 38393.0, 26929.0, 32452.0, 39648.0, 0.9060259461402893, 2.1721906661987305
63550, -1.581722378730774, -0.6241230368614197, 1.1199930906295776, -0.01555152703076601, -1.082920789718628, 0.05550326406955719, 39974.0, 29458.0, 33400.0, 39530.0, 0.881537675857544, 1.739302635192871
63570, -1.5823166370391846, -0.6437855958938599, 1.1653225421905518, -0.025180384516716003, -1.0970896482467651, 0.30756425857543945, 33493.0, 22143.0, 28578.0, 33395.0, 0.8472216725349426, 1.1288272142410278
63590, -1.5818188190460205, -0.6248760223388672, 1.1662178039550781, -0.026294678449630737, -0.9547152519226074, 0.2809787094593048, 33651.0, 21250.0, 26438.0, 34161.0, 0.7965333461761475, 0.6366706490516663
63610, -1.582653522491455, -0.6371830105781555, 1.2239564657211304, -0.03396419808268547, -0.953899085521698, 0.5494827628135681, 34778.0, 24186.0, 27127.0, 31220.0, 0.7716461420059204, 0.1442197561264038
63630, -1.5823397636413574, -0.6248100996017456, 1.225809931755066, -0.03204318881034851, -0.8370943665504456, 0.4736784100532532, 31950.0, 19556.0, 21142.0, 27284.0, 0.7056936621665955, -0.22133412957191467
63650, -1.5813286304473877, -0.594569206237793, 1.279375672340393, -0.027067970484495163, -0.6491827368736267, 0.6845830082893372, 30609.0, 21858.0, 21480.0, 26165.0, 0.6260383129119873, -0.6171774864196777
63670, -1.5818586349487305, -0.6071214079856873, 1.2925083637237549, -0.025732828304171562, -0.6172201037406921, 0.6281582713127136, 30092.0, 21428.0, 22195.0, 26207.0, 0.5243856310844421, -0.6841832399368286
63690, -1.582515835762024, -0.6114745140075684, 1.3500068187713623, -0.027982980012893677, -0.5842255353927612, 0.8265635967254639, 29599.0, 22224.0, 21978.0, 25997.0, 0.422414094209671, -0.5822322964668274
63710, -1.5820629596710205, -0.605830729007721, 1.360083818435669, -0.022255433723330498, -0.48289617896080017, 0.7264060974121094, 27332.0, 20761.0, 24068.0, 27555.0, 0.3534335494041443, -0.41179466247558594
63730, -1.5814310312271118, -0.5947986245155334, 1.4017912149429321, -0.016392499208450317, -0.3610488474369049, 0.8069995045661926, 25531.0, 20402.0, 25221.0, 28399.0, 0.24218040704727173, -0.15398678183555603
63750, -1.579665184020996, -0.5698176622390747, 1.4007688760757446, -0.009939412586390972, -0.23422551155090332, 0.6481937766075134, 26524.0, 21991.0, 23877.0, 27218.0, 0.13532274961471558, 0.29236266016960144
63770, -1.5788863897323608, -0.5601410269737244, 1.4165760278701782, -0.009305579587817192, -0.1703254133462906, 0.6057427525520325, 26520.0, 22491.0, 23718.0, 26820.0, 0.08505171537399292, 0.8185111880302429
63790, -1.5726219415664673, -0.485752671957016, 1.3944376707077026, 0.01331621315330267, 0.12362778931856155, 0.34553247690200806, 28215.0, 24339.0, 22020.0, 24844.0, -0.020431362092494965, 1.3442344665527344
63810, -1.5715389251708984, -0.4739186465740204, 1.3917860984802246, 0.011350545100867748, 0.16636362671852112, 0.23766447603702545, 24558.0, 19016.0, 26431.0, 29013.0, -0.014620639383792877, 1.5628951787948608
63830, -1.5674347877502441, -0.42684656381607056, 1.3666599988937378, 0.021398363634943962, 0.3276779353618622, 0.009871521964669228, 27477.0, 20098.0, 23671.0, 27875.0, -0.0163499154150486, 1.8205751180648804
63850, -1.5609145164489746, -0.3583162724971771, 1.3161067962646484, 0.03558678179979324, 0.5064297318458557, -0.317719966173172, 27990.0, 20795.0, 22975.0, 27366.0, -0.06724793463945389, 1.9850513935089111
63870, -1.5567160844802856, -0.3135450780391693, 1.270728349685669, 0.04328707605600357, 0.6218252778053284, -0.5874978303909302, 38174.0, 32380.0, 28458.0, 33302.0, -0.11212145537137985, 1.9435844421386719
63890, -1.5511565208435059, -0.2578358054161072, 1.2131516933441162, 0.0515313595533371, 0.7320373058319092, -0.8616669178009033, 44200.0, 37348.0, 30978.0, 37707.0, -0.22877810895442963, 1.9974242448806763
63911, -1.5478007793426514, -0.22317250072956085, 1.1553112268447876, 0.052523672580718994, 0.7740936875343323, -1.092886209487915, 47963.0, 43598.0, 38603.0, 42252.0, -0.32042253017425537, 1.8441097736358643
63931, -1.5452181100845337, -0.19358974695205688, 1.1217354536056519, 0.051170382648706436, 0.797555685043335, -1.1373685598373413, 54183.0, 48234.0, 42875.0, 48600.0, -0.3919985294342041, 1.6697843074798584
63950, -1.542412281036377, -0.16486424207687378, 1.0588496923446655, 0.052754759788513184, 0.7976391315460205, -1.3248800039291382, 56780.0, 49498.0, 42758.0, 51798.0, -0.4025796353816986, 1.5133284330368042
63971, -1.5402429103851318, -0.1394217163324356, 1.0280258655548096, 0.0512256994843483, 0.7708824872970581, -1.2593848705291748, 58481.0, 51563.0, 44349.0, 53587.0, -0.4975516200065613, 0.689032256603241
63990, -1.5381321907043457, -0.11812011897563934, 0.9706562161445618, 0.054964322596788406, 0.7228066921234131, -1.3500027656555176, 60898.0, 51575.0, 41775.0, 54673.0, -0.5298300981521606, -0.1426265686750412
64010, -1.5320727825164795, -0.06217960640788078, 0.9350833892822266, 0.07325685024261475, 0.7548844218254089, -1.276350498199463, 60322.0, 51693.0, 43232.0, 55762.0, -0.6134048104286194, -0.38042187690734863
64031, -1.5253026485443115, -0.004382917191833258, 0.8831546902656555, 0.09862718731164932, 0.7816978096961975, -1.30926513671875, 61884.0, 51431.0, 42914.0, 55323.0, -0.6965158581733704, -1.153421401977539
64051, -1.5201219320297241, 0.037719253450632095, 0.8565892577171326, 0.1180749163031578, 0.7279426455497742, -1.194663166999817, 61634.0, 51232.0, 42474.0, 57132.0, -0.7206289768218994, -2.1328768730163574
64073, -1.513069748878479, 0.09319733083248138, 0.8253875374794006, 0.145034521818161, 0.7105928063392639, -1.1310242414474487, 61674.0, 49566.0, 44970.0, 57252.0, -0.8396299481391907, -2.2941980361938477
64092, -1.5072133541107178, 0.13288435339927673, 0.8065628409385681, 0.16605477035045624, 0.6205257177352905, -1.0074719190597534, 62417.0, 49546.0, 44378.0, 57526.0, -0.8986544609069824, -2.7388417720794678
64111, -1.5005457401275635, 0.17557266354560852, 0.7903262376785278, 0.18958057463169098, 0.5493322610855103, -0.8898064494132996, 61809.0, 49251.0, 44470.0, 58908.0, -1.0287904739379883, -3.1872713565826416
64130, -1.4937678575515747, 0.21419969201087952, 0.7787471413612366, 0.21263451874256134, 0.47753310203552246, -0.7579312920570374, 61297.0, 52051.0, 43919.0, 57830.0, -1.2541279792785645, -3.2365386486053467
64150, -1.48701012134552, 0.24746040999889374, 0.7706586122512817, 0.23167413473129272, 0.3870512545108795, -0.6262902617454529, 60132.0, 52135.0, 43839.0, 59374.0, -1.6021678447723389, -3.0128166675567627
64170, -1.479090929031372, 0.28975945711135864, 0.7701979279518127, 0.250368595123291, 0.33986955881118774, -0.4625437557697296, 58591.0, 54777.0, 44300.0, 58532.0, -1.8016964197158813, -2.8176064491271973
64193, -1.4714170694351196, 0.32393160462379456, 0.7696263790130615, 0.2641565799713135, 0.27503490447998047, -0.3196844458580017, 60075.0, 52268.0, 46673.0, 57781.0, -2.428818702697754, -2.1194796562194824
64210, -1.463139533996582, 0.35739538073539734, 0.7847402691841125, 0.273443341255188, 0.19109302759170532, -0.08832291513681412, 59376.0, 52511.0, 47904.0, 57466.0, -2.606248378753662, -1.7626099586486816
64230, -1.454211711883545, 0.39860060811042786, 0.7927786707878113, 0.2786369323730469, 0.1686200052499771, 0.05869662016630173, 56763.0, 50135.0, 43609.0, 54330.0, -3.0257112979888916, -1.082938551902771
64250, -1.4460797309875488, 0.43089792132377625, 0.8256133794784546, 0.27992716431617737, 0.13293179869651794, 0.35352906584739685, 54587.0, 47597.0, 41843.0, 52453.0, -3.37526535987854, -0.36260709166526794
64271, -1.4408082962036133, 0.4326038062572479, 0.833456814289093, 0.26759329438209534, -0.001979519845917821, 0.42280590534210205, 47757.0, 41812.0, 38969.0, 48434.0, -3.676576614379883, 0.3014596998691559
64290, -1.4321200847625732, 0.4716047942638397, 0.885591983795166, 0.270400732755661, 0.07462301105260849, 0.7549962997436523, 46203.0, 41895.0, 38145.0, 45113.0, -3.879905939102173, 1.143807291984558
64311, -1.4222602844238281, 0.5232788324356079, 0.903178870677948, 0.27422598004341125, 0.2227696180343628, 0.772960364818573, 40059.0, 33018.0, 28254.0, 39387.0, -3.934896469116211, 1.8694188594818115
64330, -1.4147274494171143, 0.5680671334266663, 0.9534744620323181, 0.27706435322761536, 0.3339190185070038, 1.0390163660049438, 39668.0, 32197.0, 28251.0, 36036.0, -3.8808906078338623, 2.8813529014587402
64351, -1.4076088666915894, 0.5975109338760376, 0.9728003144264221, 0.26526498794555664, 0.34884342551231384, 1.0077482461929321, 31441.0, 23601.0, 21509.0, 28371.0, -3.8676345348358154, 3.5340383052825928
64371, -1.3970025777816772, 0.6605569124221802, 1.0304588079452515, 0.269732266664505, 0.5407379865646362, 1.2001185417175293, 30965.0, 24085.0, 22833.0, 27341.0, -3.703590154647827, 4.063486576080322
64391, -1.3821280002593994, 0.7446364760398865, 1.0607308149337769, 0.27939915657043457, 0.7819454073905945, 1.0559340715408325, 29938.0, 20799.0, 24934.0, 26309.0, -3.4219112396240234, 4.515105724334717
64411, -1.3742612600326538, 0.7977213263511658, 1.1063976287841797, 0.2919527292251587, 0.9668552279472351, 1.2220333814620972, 26507.0, 24369.0, 24132.0, 26888.0, -3.269111394882202, 5.030368804931641
64430, -1.3634535074234009, 0.8620318174362183, 1.125444769859314, 0.2978942096233368, 1.116908311843872, 1.0984841585159302, 27576.0, 23948.0, 24444.0, 25429.0, -2.9506943225860596, 5.566055774688721
64451, -1.3427071571350098, 0.9984083771705627, 1.1814296245574951, 0.31629782915115356, 1.4619629383087158, 1.1036573648452759, 27953.0, 24510.0, 23825.0, 24582.0, -2.6268362998962402, 6.007304668426514
64470, -1.338465690612793, 1.0225310325622559, 1.1907309293746948, 0.31137198209762573, 1.4733083248138428, 1.0531338453292847, 27497.0, 25038.0, 22803.0, 25326.0, -2.4839470386505127, 6.513627529144287
64490, -1.3272150754928589, 1.0944591760635376, 1.2025501728057861, 0.324674516916275, 1.6547263860702515, 0.8715439438819885, 27150.0, 26143.0, 23152.0, 23966.0, -2.4036905765533447, 6.852102756500244
64510, -1.3165704011917114, 1.1624435186386108, 1.2419860363006592, 0.3253503143787384, 1.7642567157745361, 0.8983139991760254, 26310.0, 24961.0, 22622.0, 26321.0, -2.133314609527588, 6.921955108642578
64530, -1.3039730787277222, 1.2467273473739624, 1.2477003335952759, 0.33506378531455994, 1.9333875179290771, 0.713159441947937, 27853.0, 24143.0, 23224.0, 24787.0, -1.7357443571090698, 6.821895599365234
64550, -1.2980669736862183, 1.2809938192367554, 1.2845176458358765, 0.3156502842903137, 1.877062439918518, 0.7684202790260315, 28579.0, 23473.0, 22448.0, 25281.0, -1.530799388885498, 6.631780624389648
64570, -1.287268877029419, 1.3558632135391235, 1.2871416807174683, 0.32176610827445984, 2.0051164627075195, 0.5863383412361145, 29608.0, 23349.0, 21527.0, 25039.0, -1.1994343996047974, 6.345719337463379
64590, -1.2750660181045532, 1.4416334629058838, 1.2988958358764648, 0.32540786266326904, 2.1244964599609375, 0.5020717978477478, 30461.0, 22997.0, 22637.0, 23238.0, -0.8660553693771362, 6.004838466644287
64610, -1.2655597925186157, 1.5076143741607666, 1.301515817642212, 0.3251306414604187, 2.183844566345215, 0.3661174774169922, 30833.0, 23607.0, 20778.0, 23910.0, -0.5970607995986938, 5.619622707366943
64630, -1.258342981338501, 1.5584696531295776, 1.3113486766815186, 0.3150530755519867, 2.1703855991363525, 0.29983407258987427, 29865.0, 24298.0, 20747.0, 24293.0, -0.39556509256362915, 5.393659591674805
64650, -1.249229907989502, 1.623841404914856, 1.311030387878418, 0.31115084886550903, 2.1949691772460938, 0.17831337451934814, 29977.0, 25053.0, 20618.0, 23462.0, -0.2724854350090027, 5.219963073730469
64671, -1.2348321676254272, 1.7290633916854858, 1.3043454885482788, 0.3326483964920044, 2.3994805812835693, 0.011874381452798843, 30099.0, 25178.0, 22280.0, 24087.0, -0.1440778523683548, 4.909860610961914
64690, -1.2203608751296997, 1.835994839668274, 1.2901133298873901, 0.34844014048576355, 2.5620157718658447, -0.16799558699131012, 34345.0, 27123.0, 26617.0, 29684.0, -0.07418530434370041, 4.69458532333374
64710, -1.206356406211853, 1.9423776865005493, 1.2817541360855103, 0.35778939723968506, 2.6910552978515625, -0.27767786383628845, 37078.0, 29180.0, 27157.0, 33175.0, -0.008722266182303429, 4.479584217071533
64730, -1.1965887546539307, 2.0168955326080322, 1.2695854902267456, 0.35652828216552734, 2.7243854999542236, -0.3783932328224182, 40716.0, 33028.0, 27233.0, 33921.0, 0.0038395002484321594, 4.32762336730957
64750, -1.189296007156372, 2.07332444190979, 1.2602673768997192, 0.3454892039299011, 2.681572198867798, -0.43017125129699707, 42123.0, 35484.0, 29173.0, 36640.0, -0.018954157829284668, 4.230457782745361
64770, -1.1799187660217285, 2.1479153633117676, 1.251946210861206, 0.34308093786239624, 2.710265636444092, -0.4730863869190216, 42135.0, 37186.0, 30340.0, 36464.0, -0.062025438994169235, 3.997677803039551
64791, -1.171751618385315, 2.2131435871124268, 1.2392165660858154, 0.334404319524765, 2.6801064014434814, -0.5081978440284729, 42844.0, 38473.0, 33598.0, 38001.0, -0.0836714431643486, 3.9140892028808594
64810, -1.162989854812622, 2.284454822540283, 1.2285704612731934, 0.32785481214523315, 2.6651065349578857, -0.5185832381248474, 44615.0, 40587.0, 33204.0, 39831.0, -0.14506225287914276, 3.8019912242889404
64851, -1.1444940567016602, 2.436352252960205, 1.1940563917160034, 0.3204023540019989, 2.664196491241455, -0.5871551036834717, 47153.0, 42419.0, 33387.0, 41278.0, -0.20780177414417267, 3.5139033794403076
64870, -1.132357120513916, 2.539072275161743, 1.1740485429763794, 0.32779353857040405, 2.7556357383728027, -0.624599277973175, 49022.0, 42014.0, 34414.0, 43532.0, -0.22458063066005707, 3.1158194541931152
64891, -1.1229963302612305, 2.620161771774292, 1.1631574630737305, 0.32560378313064575, 2.758829116821289, -0.5982423424720764, 50343.0, 43086.0, 36051.0, 44792.0, -0.23631903529167175, 2.8028781414031982
64910, -1.115064263343811, 2.689326286315918, 1.149980902671814, 0.3190518021583557, 2.699542760848999, -0.5749509930610657, 49800.0, 44222.0, 36003.0, 44098.0, -0.2714064419269562, 2.4207777976989746
64930, -1.1037490367889404, 2.79268741607666, 1.143231987953186, 0.32749640941619873, 2.8005313873291016, -0.5220913887023926, 51036.0, 42711.0, 33793.0, 47343.0, -0.3171983063220978, 2.1690168380737305
64951, -1.095404028892517, 2.8670105934143066, 1.1309287548065186, 0.32693374156951904, 2.7896947860717773, -0.5028679966926575, 49677.0, 42347.0, 33835.0, 47198.0, -0.50848788022995, 1.551665186882019
64990, -1.076916217803955, 3.038217544555664, 1.1238491535186768, 0.33601245284080505, 2.8725385665893555, -0.38109514117240906, 49115.0, 42270.0, 30322.0, 46109.0, -0.8838062882423401, 0.9101352691650391
65010, -1.0684832334518433, 3.1162760257720947, 1.115052342414856, 0.3372431993484497, 2.8693459033966064, -0.3568883240222931, 48419.0, 42756.0, 31217.0, 45949.0, -1.0863466262817383, 0.7955814003944397
65030, -1.0592907667160034, 3.204019784927368, 1.1237907409667969, 0.3431375324726105, 2.926135301589966, -0.2510544955730438, 46301.0, 40184.0, 28467.0, 44620.0, -1.3036682605743408, 0.6143303513526917
65050, -1.0510883331298828, 3.2805075645446777, 1.1168603897094727, 0.3449867367744446, 2.94313907623291, -0.24798068404197693, 44992.0, 41586.0, 30725.0, 44443.0, -1.564549207687378, 0.5441563129425049
65070, -1.0426194667816162, 3.362532138824463, 1.128544569015503, 0.3479975461959839, 2.982111692428589, -0.1413252055644989, 45823.0, 42243.0, 29486.0, 43907.0, -1.7943109273910522, 0.516844630241394
65090, -1.0345722436904907, 3.4371979236602783, 1.1239832639694214, 0.34905001521110535, 2.9919755458831787, -0.14252154529094696, 42693.0, 41794.0, 27607.0, 41292.0, -2.065046787261963, 0.4832112491130829
65110, -1.025834560394287, 3.524939775466919, 1.1376025676727295, 0.3535497188568115, 3.0628576278686523, -0.04684262350201607, 44509.0, 40279.0, 29438.0, 39911.0, -2.3165924549102783, 0.40476277470588684
65130, -1.015236258506775, 3.6359517574310303, 1.131117343902588, 0.3675832450389862, 3.2503983974456787, -0.10580617934465408, 39799.0, 39983.0, 27620.0, 39622.0, -2.4491450786590576, 0.23980243504047394
65150, -1.0061885118484497, 3.7265233993530273, 1.1420772075653076, 0.3734559714794159, 3.3262815475463867, -0.044651132076978683, 39500.0, 40466.0, 29837.0, 41000.0, -2.7897887229919434, -0.007898552343249321
65170, -0.9978826642036438, 3.8064382076263428, 1.1394236087799072, 0.37522071599960327, 3.3451974391937256, -0.0663774311542511, 39527.0, 38781.0, 26872.0, 39574.0, -3.0080201625823975, -0.2248254269361496
65190, -0.9892985224723816, 3.8928043842315674, 1.1507045030593872, 0.3786547780036926, 3.3899688720703125, -0.006484561134129763, 40384.0, 39577.0, 27281.0, 39773.0, -3.175684690475464, -0.45450425148010254
65210, -0.979708731174469, 3.9922170639038086, 1.1467819213867188, 0.38776877522468567, 3.495656728744507, -0.05535508319735527, 39830.0, 38949.0, 24525.0, 37722.0, -3.340552568435669, -0.78277587890625
65230, -0.9704437255859375, 4.088024139404297, 1.1665867567062378, 0.39533236622810364, 3.5690808296203613, 0.057970065623521805, 41461.0, 38774.0, 26017.0, 38526.0, -3.425452947616577, -0.9763041138648987
65250, -0.9620940685272217, 4.16703987121582, 1.1665712594985962, 0.3983508348464966, 3.5602877140045166, 0.04175778105854988, 39759.0, 35846.0, 21871.0, 36310.0, -3.4897422790527344, -1.6160857677459717
65270, -0.9541882872581482, 4.237546443939209, 1.170743703842163, 0.40041640400886536, 3.5098612308502197, 0.054538875818252563, 41110.0, 34326.0, 20750.0, 37125.0, -3.4890925884246826, -2.1094021797180176
65290, -0.9463706612586975, 4.306461334228516, 1.1776037216186523, 0.4026939272880554, 3.4535882472991943, 0.0789228230714798, 40771.0, 34096.0, 20690.0, 36010.0, -3.477123498916626, -2.591611862182617
65310, -0.9383705854415894, 4.375645160675049, 1.1789156198501587, 0.40699270367622375, 3.404914617538452, 0.061159804463386536, 39260.0, 33059.0, 20948.0, 35561.0, -3.469846248626709, -3.003774881362915
65330, -0.9304660558700562, 4.443080902099609, 1.184943437576294, 0.41140589118003845, 3.350928783416748, 0.06670539081096649, 39252.0, 34313.0, 20568.0, 35256.0, -3.4297149181365967, -3.3157453536987305
65350, -0.9243588447570801, 4.508394718170166, 1.1970019340515137, 0.41320979595184326, 3.453930616378784, -0.28364303708076477, 51173.0, 32459.0, 51173.0, 7000.0, 8.361310005187988, 3.55047345161438
65370, -0.9163954257965088, 4.586593151092529, 1.1848111152648926, 0.423859566450119, 3.5460033416748047, -0.7474696636199951, 46860.0, 7000.0, 46860.0, 47629.0, 8.929695129394531, 4.4560723304748535
65390, -0.910496711730957, 4.647646427154541, 1.2142423391342163, 0.39789068698883057, 3.5270144939422607, -0.6192577481269836, 50377.0, 7000.0, 64704.0, 37181.0, 10.150836944580078, 4.542471885681152
65410, -0.9037619233131409, 4.719446182250977, 1.2003041505813599, 0.3687434196472168, 3.6113905906677246, -0.776528000831604, 56968.0, 7000.0, 58666.0, 41135.0, 12.088906288146973, 5.106950283050537
65430, -0.9039908051490784, 4.746323108673096, 1.3770376443862915, 0.22723859548568726, 3.4994192123413086, 0.2191137969493866, 46891.0, 12008.0, 65535.0, 27452.0, 15.19343090057373, 7.4997239112854
65450, -0.9019283056259155, 4.818618297576904, 1.377406120300293, 0.1789303869009018, 3.631161689758301, -0.002497100504115224, 38983.0, 7000.0, 52438.0, 7000.0, 19.085596084594727, 6.770883560180664
65470, -0.932913601398468, 5.108460426330566, 0.08661237359046936, -0.25131407380104065, 3.0810914039611816, -8.101400375366211, 25932.0, 7000.0, 25932.0, 46737.0, 18.915620803833008, -5.22684383392334
65490, -0.9418003559112549, 5.168428897857666, -0.07040706276893616, -0.2418821156024933, 3.090198516845703, -8.263449668884277, 23951.0, 42308.0, 23951.0, 65535.0, 14.349492073059082, -4.577349662780762
65510, -0.9500675201416016, 5.225958824157715, -0.2215096354484558, -0.22635604441165924, 3.108241081237793, -8.367230415344238, 24052.0, 42365.0, 24052.0, 65535.0, 9.771145820617676, -3.480027675628662
65530, -0.9567786455154419, 5.280582904815674, -0.36838623881340027, -0.20891201496124268, 3.1340599060058594, -8.42383861541748, 24133.0, 42410.0, 24133.0, 65535.0, 5.1293439865112305, -2.4360315799713135
65550, -0.9639480710029602, 5.3326029777526855, -0.5102533102035522, -0.19288668036460876, 3.170482873916626, -8.435558319091797, 24201.0, 42448.0, 24201.0, 65535.0, 0.504445493221283, -1.2161298990249634
65570, -0.968964159488678, 5.383907318115234, -0.6504766345024109, -0.1778641641139984, 3.219397783279419, -8.432052612304688, 24279.0, 42492.0, 24279.0, 65535.0, -4.177969932556152, 0.39961108565330505
65590, -0.9714541435241699, 5.43605375289917, -0.7930780053138733, -0.1604372262954712, 3.292790412902832, -8.450605392456055, 24250.0, 42475.0, 24250.0, 65535.0, -9.47884464263916, 3.0352320671081543
65610, -0.973334789276123, 5.494255065917969, -0.9477213621139526, -0.1443345844745636, 3.3756210803985596, -8.55975341796875, 24027.0, 42351.0, 24027.0, 65535.0, -16.318220138549805, 5.9044270515441895
65630, -0.9757308959960938, 5.55891227722168, -1.114666223526001, -0.1310657411813736, 3.479543447494507, -8.75572395324707, 23945.0, 42306.0, 23945.0, 65535.0, -25.193723678588867, 8.874953269958496
65650, -1.1452163457870483, 5.148288726806641, 0.03469708189368248, 1.1314650774002075, 3.097329616546631, -5.163905620574951, 23902.0, 42281.0, 23902.0, 65535.0, -36.41825866699219, 10.912358283996582
65670, -1.1626192331314087, 5.336981773376465, 0.02731272391974926, 0.9871391654014587, 2.967020034790039, -4.685944557189941, 51083.0, 64103.0, 7000.0, 64103.0, -35.9146842956543, -43.7962646484375
65690, -0.9856809973716736, 5.930116653442383, 0.22193554043769836, 2.0525341033935547, 4.4151835441589355, -3.2305498123168945, 51089.0, 64110.0, 7000.0, 64110.0, -42.427886962890625, -65.4599609375
65710, -0.9909032583236694, 6.5875139236450195, 0.3324463963508606, 2.739912509918213, 5.665799140930176, -1.2781169414520264, 51059.0, 64073.0, 7000.0, 64073.0, -52.862056732177734, -75.38671112060547
65730, -0.9361660480499268, 6.701412200927734, 0.30539649724960327, 2.7614376544952393, 5.769369602203369, -1.4173482656478882, 65535.0, 23925.0, 42294.0, 23925.0, 88.1234130859375, -84.47720336914062
65750, -0.880623459815979, 6.817348957061768, 0.2752439081668854, 2.759075164794922, 5.927761554718018, -1.5813171863555908, 65535.0, 23903.0, 42282.0, 23903.0, 98.83619689941406, -64.56246185302734
65770, -0.8255801200866699, 6.936740875244141, 0.24155500531196594, 2.7044787406921387, 6.139383792877197, -1.783342957496643, 65535.0, 23867.0, 42262.0, 23867.0, 97.75572204589844, -41.85675811767578
65790, -1.0064482688903809, 7.330845832824707, 0.36344456672668457, 2.653683662414551, 6.741314888000488, -0.26570120453834534, 65535.0, 23886.0, 42272.0, 23886.0, 97.42300415039062, -17.413175582885742
65810, -1.0331196784973145, 7.5308003425598145, 0.4052363336086273, 2.58804988861084, 7.058483123779297, 0.05205930396914482, 65535.0, 23905.0, 42283.0, 23905.0, 97.93685913085938, 7.934118747711182
65830, -1.0858558416366577, 7.746114253997803, 0.47307902574539185, 2.6657731533050537, 7.346472263336182, 0.5411818027496338, 65535.0, 23922.0, 42292.0, 23922.0, 97.85340881347656, 32.77322006225586
65850, -1.0778634548187256, 7.907703876495361, 0.5009443163871765, 2.7357664108276367, 7.616302967071533, 0.549536406993866, 65535.0, 23942.0, 42303.0, 23942.0, 100.1948013305664, 57.27671432495117
65870, -1.0336041450500488, 8.05876636505127, 0.5093237161636353, 2.7802822589874268, 7.927018165588379, 0.41153764724731445, 65535.0, 23959.0, 42313.0, 23959.0, 115.71066284179688, 79.4952392578125
65890, -0.9745990633964539, 8.229223251342773, 0.5278110504150391, 2.8095247745513916, 8.277405738830566, 0.4014403522014618, 65535.0, 15105.0, 54717.0, 39660.0, -113.78854370117188, 77.37188720703125
65910, -0.9047905802726746, 8.367412567138672, 0.5119870901107788, 2.7308297157287598, 8.581701278686523, 0.17861172556877136, 64161.0, 7000.0, 64161.0, 51129.0, -105.5390396118164, 57.796905517578125
65930, -0.8442119359970093, 8.534956932067871, 0.5176608562469482, 2.4796247482299805, 8.62879753112793, -0.19323255121707916, 23865.0, 65535.0, 23865.0, 42261.0, -124.1193618774414, 56.36969757080078
65950, -0.7723897695541382, 8.72387409210205, 0.5320543050765991, 2.405930995941162, 9.076079368591309, -0.5643467307090759, 11289.0, 65535.0, 44467.0, 58700.0, 176.34701538085938, 59.398860931396484
65970, -0.7189971804618835, 8.905268669128418, 0.5182414650917053, 2.378347396850586, 9.516191482543945, -1.0290815830230713, 23826.0, 65535.0, 23826.0, 42239.0, 139.68832397460938, 39.904476165771484
65990, -0.437546044588089, 9.250889778137207, 0.6949565410614014, 1.908388376235962, 10.195267677307129, 0.020340902730822563, 23740.0, 65535.0, 23740.0, 42190.0, 129.71661376953125, 20.761220932006836
66010, -0.39843976497650146, 9.453272819519043, 0.6933994293212891, 1.8002197742462158, 10.546006202697754, -0.38666796684265137, 27583.0, 65535.0, 21902.0, 45148.0, 117.4211654663086, -4.311799049377441
66030, 0.0, 0.0, 0.0, 0.03966306895017624, -0.02881823293864727, 0.0, 50459.0, 64970.0, 7000.0, 63734.0, 100.7947769165039, -54.544410705566406
66050, 0.0005831987364217639, -0.0007539996295236051, 0.21679194271564484, 0.032108139246702194, -0.03820598125457764, -0.11160267144441605, 23795.0, 65535.0, 23795.0, 42221.0, -27.962005615234375, -1.716177225112915
66070, 0.0018077504355460405, -0.0015187255339697003, 0.34991106390953064, 0.05154413357377052, -0.03290703147649765, -0.30473271012306213, 25027.0, 65535.0, 23444.0, 43133.0, -56.266361236572266, -3.936593770980835
66090, 0.0026667409110814333, -0.0018902848241850734, 0.34216606616973877, 0.04256117343902588, -0.01607166789472103, -0.500137209892273, 47109.0, 60890.0, 7000.0, 65535.0, -64.53097534179688, -11.400193214416504
66110, 0.003430926240980625, -0.0012389146722853184, 0.2733120024204254, 0.04018833860754967, 0.016658667474985123, -0.7901498079299927, 42785.0, 43230.0, 37374.0, 65535.0, -62.07506561279297, -16.21484375
66130, 0.004265049938112497, -0.0001335358538199216, 0.2562037408351898, 0.038600098341703415, 0.022947756573557854, -0.9582735300064087, 62949.0, 35367.0, 48979.0, 52120.0, -58.13941955566406, -20.762197494506836
66150, 0.005677337292581797, 0.002575718564912677, 0.20627281069755554, 0.05178005248308182, 0.010575821623206139, -1.139489769935608, 65535.0, 26067.0, 41601.0, 26067.0, -53.14654541015625, -24.67075538635254
66170, 0.009550051763653755, 0.005349428858608007, 0.18646207451820374, 0.0927414670586586, -0.023312842473387718, -1.1948829889297485, 65535.0, 23136.0, 41853.0, 23136.0, -45.74440002441406, -25.864702224731445
66190, 0.010282998904585838, 0.010772244073450565, 0.1273496001958847, 0.08963697403669357, -0.05188189819455147, -1.4426270723342896, 65535.0, 23021.0, 41789.0, 23021.0, -41.08003234863281, -21.435880661010742
66210, 0.003775601275265217, 0.013205618597567081, 0.09356571733951569, -0.007693728432059288, -0.10998702794313431, -1.6027159690856934, 65022.0, 52442.0, 61456.0, 14099.0, -41.41781234741211, -12.127593994140625
66230, -0.004411707166582346, 0.027477577328681946, 0.015201177448034286, -0.13077059388160706, -0.05714472755789757, -2.163663148880005, 22772.0, 65535.0, 22772.0, 41650.0, -51.9051628112793, -0.8152703046798706
66250, -0.008657468482851982, 0.01949096843600273, -0.02528655156493187, -0.573464035987854, -0.40125158429145813, -2.298982858657837, 22650.0, 41582.0, 22650.0, 65535.0, -50.04248046875, 1.100617527961731
66270, -0.015663713216781616, -0.0011582467705011368, -0.05065374821424484, -0.7301714420318604, -0.7369461059570312, -2.201724052429199, 65535.0, 22541.0, 41521.0, 22541.0, -31.82741928100586, -5.790780067443848
66290, -0.03796681761741638, -0.0329667404294014, -0.04706769809126854, -0.9271661639213562, -1.216125726699829, -1.911766767501831, 65535.0, 51890.0, 65535.0, 7000.0, -29.14790916442871, -8.2866792678833
66310, -0.06620071083307266, -0.05700092762708664, -0.05782078951597214, -1.099228024482727, -1.305546522140503, -1.7113581895828247, 21459.0, 65535.0, 21459.0, 40917.0, -39.282203674316406, 0.34167104959487915
66330, -0.09401535242795944, -0.09357906877994537, -0.031046783551573753, -1.2095698118209839, -1.2869597673416138, -1.2058279514312744, 21361.0, 65535.0, 21361.0, 40862.0, -47.416507720947266, 12.386578559875488
66350, -0.10660795867443085, -0.13176092505455017, -0.01850777491927147, -1.177237868309021, -1.3108634948730469, -0.8723287582397461, 19899.0, 65535.0, 24554.0, 43307.0, -47.557289123535156, 16.027353286743164
66370, -0.12527863681316376, -0.18192990124225616, 0.004402685444802046, -1.141143798828125, -1.3035284280776978, -0.5647462010383606, 7000.0, 65535.0, 55363.0, 65535.0, -45.28679656982422, 20.685367584228516
66390, -0.12994903326034546, -0.21113961935043335, 0.012770911678671837, -1.0669078826904297, -1.1536349058151245, -0.3873003423213959, 29133.0, 57533.0, 65535.0, 57533.0, -40.72459030151367, 25.36151123046875
66410, -0.1637675166130066, -0.2781592309474945, 0.04054991155862808, -1.1284388303756714, -1.1422491073608398, -0.019930068403482437, 7000.0, 65535.0, 51553.0, 65535.0, -38.061180114746094, 28.77532196044922
66430, -0.1725885570049286, -0.3005530536174774, 0.04349610209465027, -1.0538041591644287, -0.9778231978416443, -0.06353721767663956, 22013.0, 65535.0, 46594.0, 53851.0, -31.880985260009766, 37.372047424316406
66450, -0.35058486461639404, -0.4855248034000397, 0.16565273702144623, -1.8872307538986206, -1.6904675960540771, 1.0673903226852417, 65535.0, 51372.0, 65535.0, 7000.0, -12.139422416687012, 56.73117446899414
66470, -0.3850739002227783, -0.5222600102424622, 0.18515191972255707, -1.5117565393447876, -1.9627974033355713, 0.7881432771682739, 65535.0, 7000.0, 65535.0, 51492.0, 28.705162048339844, 65.96290588378906
66490, -0.39945656061172485, -0.3930530846118927, 0.0834529921412468, -1.3829690217971802, -1.4666978120803833, -0.4910048544406891, 7000.0, 65535.0, 51208.0, 65230.0, 18.885570526123047, 62.87052917480469
66510, -0.413314551115036, -0.4256983697414398, 0.0754409208893776, -1.2295621633529663, -1.5671466588974, -0.6970129013061523, 7000.0, 65535.0, 46189.0, 60930.0, -18.05747413635254, 70.07111358642578
66530, -0.42273810505867004, -0.45954105257987976, 0.0631784200668335, -1.0987249612808228, -1.6415061950683594, -0.9086818099021912, 20905.0, 65535.0, 21388.0, 40944.0, -51.61819076538086, 72.37615203857422
66550, -0.4355207681655884, -0.5034257769584656, 0.0547901950776577, -1.0691561698913574, -1.6768399477005005, -1.0603137016296387, 21419.0, 65535.0, 21419.0, 40894.0, -94.46831512451172, 67.33032989501953
66570, -0.3854596018791199, -0.6722429990768433, 0.21613486111164093, -0.9891339540481567, -1.8259974718093872, -0.2893211245536804, 21954.0, 65535.0, 21954.0, 41193.0, -101.69868469238281, 62.70671844482422
66590, -0.4059249758720398, -0.7089358568191528, 0.20833994448184967, -1.0146090984344482, -1.8354429006576538, -0.49337443709373474, 22391.0, 65535.0, 22391.0, 41437.0, -111.7654037475586, 45.99757766723633
66610, -0.4873124063014984, -0.6418588757514954, 0.0818568542599678, -1.2232757806777954, -1.5061904191970825, -1.2657767534255981, 20028.0, 65535.0, 28386.0, 45987.0, -111.24177551269531, 42.41762924194336
66630, -0.4975318908691406, -0.6694190502166748, 0.05813538655638695, -1.2757097482681274, -1.4865232706069946, -1.4493820667266846, 55683.0, 63318.0, 55683.0, 28308.0, -109.66312408447266, 53.2059326171875
66650, -0.5047606229782104, -0.7122368812561035, 0.05867571756243706, -1.2403141260147095, -1.5734196901321411, -1.5444203615188599, 59836.0, 60371.0, 44632.0, 44095.0, -90.22894287109375, 63.6866340637207
66670, -0.5007529854774475, -0.7420405745506287, 0.03383175656199455, -1.134139895439148, -1.5933558940887451, -1.734652042388916, 44680.0, 65535.0, 44680.0, 35551.0, -65.04818725585938, 68.6444320678711
66690, -0.48463839292526245, -0.7702785730361938, 0.008717576041817665, -1.0130099058151245, -1.562112808227539, -1.8959146738052368, 21732.0, 65535.0, 21732.0, 41069.0, -51.24091339111328, 66.11913299560547
66710, -0.5127813220024109, -0.816416323184967, 0.027966860681772232, -1.0963771343231201, -1.5608599185943604, -1.8439602851867676, 21784.0, 65535.0, 21784.0, 41098.0, -49.9661865234375, 64.82304382324219
66730, -0.5037234425544739, -0.8435322046279907, 0.004492836073040962, -1.0596833229064941, -1.4982835054397583, -1.9443997144699097, 22051.0, 65535.0, 22051.0, 41247.0, -47.54769515991211, 61.8046760559082
66750, -0.5803431868553162, -0.8750030994415283, 0.016000738367438316, -1.36431884765625, -1.4418998956680298, -1.841387391090393, 22132.0, 65535.0, 22132.0, 41293.0, -49.97876739501953, 60.51224136352539
66770, -0.5863157510757446, -0.8974614143371582, -0.006174602545797825, -1.4424452781677246, -1.3587803840637207, -1.878968596458435, 22243.0, 65535.0, 22243.0, 41355.0, -48.80921173095703, 59.679656982421875
66790, -0.6936447620391846, -0.9208479523658752, 0.010267812758684158, -1.8471205234527588, -1.3010048866271973, -1.7428208589553833, 22419.0, 65535.0, 22419.0, 41453.0, -54.66482162475586, 60.69527053833008
66810, -0.7091053128242493, -0.9485190510749817, -0.01202772930264473, -1.8860338926315308, -1.2642974853515625, -1.8034647703170776, 22627.0, 65535.0, 22627.0, 41569.0, -56.343414306640625, 63.33908462524414
66830, -0.8086832165718079, -0.9915036559104919, 0.012199673801660538, -2.131303071975708, -1.308744192123413, -1.649800419807434, 17919.0, 65535.0, 31421.0, 48445.0, -55.5278434753418, 62.736724853515625
66850, -0.7988741397857666, -1.026955008506775, -0.006624046713113785, -1.9426764249801636, -1.3300491571426392, -1.7657935619354248, 21795.0, 65535.0, 21795.0, 41104.0, -58.337406158447266, 62.3037109375
66870, -0.912061870098114, -1.052468180656433, 0.01889493688941002, -2.1212143898010254, -1.3492138385772705, -1.643576741218567, 21225.0, 65535.0, 21225.0, 40786.0, -63.82009506225586, 61.2007942199707
66890, -0.9544592499732971, -1.079463005065918, -0.01595240645110607, -2.122478485107422, -1.3488740921020508, -1.8394259214401245, 20762.0, 65535.0, 20762.0, 40527.0, -64.00456237792969, 60.19414138793945
66910, -1.138964295387268, -1.0649926662445068, 0.026585562154650688, -2.5757665634155273, -1.2131179571151733, -1.538438320159912, 62550.0, 63276.0, 62550.0, 22047.0, -58.72531509399414, 60.694053649902344
66930, -1.1284825801849365, -1.0896477699279785, 0.017155976966023445, -2.4364852905273438, -1.1640855073928833, -1.5829068422317505, 52328.0, 65535.0, 52328.0, 30845.0, -50.70249938964844, 61.59105682373047
66950, -1.366779088973999, -1.0623183250427246, 0.04040221497416496, -2.9878313541412354, -1.0205581188201904, -1.41847825050354, 19829.0, 65535.0, 19829.0, 40006.0, -46.376834869384766, 59.86270523071289
66970, -1.392264485359192, -1.0844043493270874, 0.02327105961740017, -2.938599109649658, -0.9859715104103088, -1.5082461833953857, 33075.0, 65535.0, 33075.0, 37029.0, -45.309688568115234, 60.90270233154297
66990, -1.4205838441848755, -1.1071267127990723, 0.006594070233404636, -2.8770627975463867, -0.9679268002510071, -1.594367504119873, 19586.0, 65535.0, 19586.0, 39870.0, -44.14509963989258, 59.83045196533203
67010, -1.5247513055801392, -1.1113557815551758, 0.03958289697766304, -2.9961977005004883, -0.9030348658561707, -1.3851345777511597, 19527.0, 65535.0, 19527.0, 39838.0, -44.25765609741211, 58.611427307128906
67030, -1.5328493118286133, -1.1305478811264038, 0.04297669604420662, -2.887627124786377, -0.8602001070976257, -1.3587679862976074, 36782.0, 65535.0, 36782.0, 35876.0, -39.683326721191406, 56.02721405029297
67050, -1.7120845317840576, -1.1057589054107666, 0.056782543659210205, -3.1834144592285156, -0.7566399574279785, -1.281545877456665, 19434.0, 65535.0, 19434.0, 39786.0, -39.0284309387207, 56.15493392944336
67070, -1.7724103927612305, -1.1018054485321045, 0.06640631705522537, -3.183150053024292, -0.6804821491241455, -1.2189995050430298, 19370.0, 65535.0, 19370.0, 39750.0, -37.3927116394043, 53.66225814819336
67090, -1.9826339483261108, -1.0533028841018677, 0.0784531682729721, -3.5355470180511475, -0.5301017761230469, -1.155287742614746, 26572.0, 65535.0, 26572.0, 38321.0, -36.65202331542969, 53.41875076293945
67110, -2.0741286277770996, -1.043686032295227, 0.07814587652683258, -3.590125799179077, -0.46859821677207947, -1.169963002204895, 19359.0, 65535.0, 19359.0, 39744.0, -37.09197998046875, 53.19892883300781
67130, -2.342707395553589, -0.9694886207580566, 0.10402271151542664, -4.037128448486328, -0.2768231928348541, -1.0102604627609253, 32749.0, 65535.0, 32749.0, 36875.0, -37.693965911865234, 53.795372009277344
67150, -2.4236128330230713, -0.9749231934547424, 0.08200328052043915, -4.050856113433838, -0.2680267095565796, -1.1940221786499023, 19390.0, 65535.0, 19390.0, 39761.0, -36.19746017456055, 52.326107025146484
67170, -2.574843168258667, -0.9450370073318481, 0.10041426122188568, -4.210171699523926, -0.18309757113456726, -1.0697537660598755, 19398.0, 65535.0, 19398.0, 39765.0, -35.99061965942383, 50.73916244506836
67190, -2.554105520248413, -0.9665911793708801, 0.13201242685317993, -3.9980733394622803, -0.18862251937389374, -0.8758784532546997, 26298.0, 65535.0, 33764.0, 42778.0, -33.873416900634766, 48.20076370239258
67210, -2.647404432296753, -0.9466020464897156, 0.15131357312202454, -4.02227783203125, -0.1286749392747879, -0.7962299585342407, 19431.0, 65535.0, 19431.0, 39784.0, -32.720703125, 44.86294937133789
67230, -2.660897970199585, -0.954667329788208, 0.1565977782011032, -3.900817394256592, -0.11152520775794983, -0.8098363876342773, 26798.0, 65535.0, 26798.0, 38323.0, -32.41647720336914, 43.41592788696289
67250, -2.867591142654419, -0.8982012271881104, 0.15170451998710632, -4.158073902130127, 0.0013385526835918427, -0.8898060321807861, 19796.0, 65535.0, 19796.0, 39718.0, -31.840652465820312, 42.56763458251953
67270, -2.95086407661438, -0.8980987668037415, 0.13208675384521484, -4.171782493591309, 0.010557742789387703, -1.06876802444458, 19789.0, 65535.0, 19789.0, 39725.0, -32.801002502441406, 43.55321502685547
67290, -3.0345160961151123, -0.897741436958313, 0.10902423411607742, -4.1901044845581055, 0.022869084030389786, -1.2417924404144287, 27603.0, 65535.0, 27603.0, 38168.0, -32.38750457763672, 43.59391403198242
67310, -3.3416385650634766, -0.758180558681488, 0.1475542187690735, -4.610158443450928, 0.3020649254322052, -0.9870853424072266, 19481.0, 65535.0, 19481.0, 39812.0, -33.45403289794922, 43.79434585571289
67330, -3.3603715896606445, -0.74870765209198, 0.17257484793663025, -4.494564533233643, 0.3390404284000397, -0.7984516024589539, 26295.0, 65535.0, 26295.0, 38483.0, -32.97184371948242, 42.17271041870117
67350, -3.5210578441619873, -0.7090139985084534, 0.16384044289588928, -4.6321563720703125, 0.40508028864860535, -0.9223681092262268, 19507.0, 65535.0, 19507.0, 39827.0, -32.487403869628906, 41.24922180175781
67370, -3.5509445667266846, -0.7114199995994568, 0.1711229532957077, -4.546352863311768, 0.41115784645080566, -0.8817278146743774, 19509.0, 65535.0, 19509.0, 39827.0, -33.03544616699219, 41.277061462402344
67390, -3.628138780593872, -0.6947527527809143, 0.1803230345249176, -4.5457682609558105, 0.44756510853767395, -0.847258448600769, 30178.0, 65535.0, 30178.0