timeTick, stateX, stateY, stateZ, stateVX, stateVY, stateVZ, motor1, motor2, motor3, motor4, yaw, pitch
9790, 1.5708585977554321, -4.879720687866211, 0.02421255223453045, 0.5103527307510376, -1.3819957971572876, 0.002687818370759487, 0, 0, 0, 0, 0, 0
9810, 1.5810871124267578, -4.907397747039795, 0.02426629513502121, 0.5124716758728027, -1.3857345581054688, 0.0027821154799312353, 7000.0, 7000.0, 7000.0, 7000.0, 0.04685942083597183, 0.156081885099411
9830, 1.610052466392517, -4.932589530944824, 0.024211212992668152, 0.5201837420463562, -1.3886940479278564, 0.0023905718699097633, 7000.0, 7000.0, 7000.0, 7000.0, 0.04828392341732979, 0.14570969343185425
9850, 1.6204735040664673, -4.960399627685547, 0.024260014295578003, 0.5220792293548584, -1.3923592567443848, 0.002432659501209855, 7000.0, 7000.0, 7000.0, 7000.0, 0.04905833303928375, 0.14409565925598145
9870, 1.5484384298324585, -4.9977569580078125, 0.025034399703145027, 0.49740102887153625, -1.3975094556808472, 0.006109645590186119, 7000.0, 7000.0, 7000.0, 7000.0, 0.0486062653362751, 0.1661129593849182
9890, 1.5584049224853516, -5.0257439613342285, 0.02515684813261032, 0.4992845356464386, -1.4012447595596313, 0.00616264995187521, 7000.0, 7000.0, 7000.0, 7000.0, 0.04825257509946823, 0.16703364253044128
9910, 1.5635632276535034, -5.05763578414917, 0.024348238483071327, 0.5005947947502136, -1.4085015058517456, 0.0012834628578275442, 7000.0, 7000.0, 7000.0, 7000.0, 0.04792090505361557, 0.16324253380298615
9930, 1.573590636253357, -5.085842132568359, 0.024373462423682213, 0.5021646022796631, -1.4121015071868896, 0.0013544174144044518, 7000.0, 7000.0, 7000.0, 7000.0, 0.053686872124671936, 0.1591632217168808
9950, 1.548378586769104, -5.125819683074951, 0.023840852081775665, 0.4936838746070862, -1.4208670854568481, -0.00136824999935925, 7000.0, 7000.0, 7000.0, 7000.0, 0.05231957510113716, 0.15924657881259918
9970, 1.5582712888717651, -5.154272079467773, 0.023814208805561066, 0.49557939171791077, -1.4243453741073608, -0.0012959592277184129, 7000.0, 7000.0, 7000.0, 7000.0, 0.05538199469447136, 0.16974392533302307
9990, 1.5301331281661987, -5.196052074432373, 0.023472389206290245, 0.4861474335193634, -1.432537317276001, -0.0027122939936816692, 7000.0, 7000.0, 7000.0, 7000.0, 0.05707010254263878, 0.16737376153469086
10010, 1.5398778915405273, -5.224738597869873, 0.023420365527272224, 0.4882219433784485, -1.436179518699646, -0.0024315426126122475, 7000.0, 7000.0, 7000.0, 7000.0, 0.05636317655444145, 0.17842501401901245
10030, 1.6706876754760742, -5.209402084350586, 0.02401903085410595, 0.5271189212799072, -1.4240772724151611, 0.0011188059579581022, 7000.0, 7000.0, 7000.0, 7000.0, 0.05426624417304993, 0.18043357133865356
10050, 1.681260585784912, -5.237918376922607, 0.02404501661658287, 0.5300306677818298, -1.4275797605514526, 0.0015498424181714654, 7000.0, 7000.0, 7000.0, 7000.0, 0.057325974106788635, 0.14636753499507904
10070, 1.6918835639953613, -5.266504764556885, 0.024078667163848877, 0.5322133898735046, -1.4310683012008667, 0.0018493375973775983, 7000.0, 7000.0, 7000.0, 7000.0, 0.056804679334163666, 0.14292918145656586
10090, 1.7362250089645386, -5.278086185455322, 0.02451094426214695, 0.5450153946876526, -1.4282509088516235, 0.004403382074087858, 7000.0, 7000.0, 7000.0, 7000.0, 0.0546250194311142, 0.13011300563812256
10110, 1.7471506595611572, -5.306681156158447, 0.024602821096777916, 0.5476785898208618, -1.4311447143554688, 0.004803801421076059, 7000.0, 7000.0, 7000.0, 7000.0, 0.05695587024092674, 0.1269313395023346
10130, 1.7603861093521118, -5.340240955352783, 0.02445809915661812, 0.5504105687141418, -1.4359303712844849, 0.004127269610762596, 7000.0, 7000.0, 7000.0, 7000.0, 0.05916905775666237, 0.12404628843069077
10150, 1.7714101076126099, -5.368990421295166, 0.024547029286623, 0.5519360303878784, -1.4391543865203857, 0.004671069327741861, 7000.0, 7000.0, 7000.0, 7000.0, 0.05916596204042435, 0.1274348944425583
10170, 1.6901921033859253, -5.396413326263428, 0.02563832886517048, 0.5262653231620789, -1.4402179718017578, 0.009598294273018837, 7000.0, 7000.0, 7000.0, 7000.0, 0.06048667058348656, 0.12469592690467834
10190, 1.700744390487671, -5.425253391265869, 0.0258308257907629, 0.5287145376205444, -1.4436348676681519, 0.009589370340108871, 7000.0, 7000.0, 7000.0, 7000.0, 0.055010560899972916, 0.15227755904197693
10210, 1.7971841096878052, -5.446766376495361, 0.024455025792121887, 0.5587287545204163, -1.4481457471847534, 0.0020522403065115213, 7000.0, 7000.0, 7000.0, 7000.0, 0.05399694666266441, 0.155112624168396
10230, 1.808386206626892, -5.475760459899902, 0.02449936978518963, 0.5610793828964233, -1.4512548446655273, 0.0023222651798278093, 7000.0, 7000.0, 7000.0, 7000.0, 0.0594826340675354, 0.1255035698413849
10250, 1.842562198638916, -5.503142356872559, 0.024343542754650116, 0.5705159902572632, -1.4545265436172485, 0.001589010702446103, 7000.0, 7000.0, 7000.0, 7000.0, 0.060832928866147995, 0.12541884183883667
10270, 1.8540047407150269, -5.532263278961182, 0.02437724359333515, 0.5733124017715454, -1.4576736688613892, 0.0017669211374595761, 7000.0, 7000.0, 7000.0, 7000.0, 0.06001776456832886, 0.11825324594974518
10290, 1.8234539031982422, -5.56386661529541, 0.024646328762173653, 0.5626619458198547, -1.4614336490631104, 0.0032596320379525423, 7000.0, 7000.0, 7000.0, 7000.0, 0.06046273931860924, 0.11569537967443466
10310, 1.8347277641296387, -5.593124866485596, 0.0247113686054945, 0.5648074746131897, -1.4645586013793945, 0.0031222777906805277, 7000.0, 7000.0, 7000.0, 7000.0, 0.06032448634505272, 0.12923292815685272
10330, 1.8317171335220337, -5.622927665710449, 0.024861885234713554, 0.5626436471939087, -1.46803617477417, 0.0038763133343309164, 7000.0, 7000.0, 7000.0, 7000.0, 0.06003401055932045, 0.13213275372982025
10350, 1.842988133430481, -5.652321815490723, 0.024942567571997643, 0.5646543502807617, -1.4714387655258179, 0.00417174631729722, 7000.0, 7000.0, 7000.0, 7000.0, 0.060840193182229996, 0.1307295560836792
10370, 1.8543040752410889, -5.681787014007568, 0.025032566860318184, 0.5669705867767334, -1.4751625061035156, 0.004706730600446463, 7000.0, 7000.0, 7000.0, 7000.0, 0.06341058760881424, 0.12788672745227814
10390, 1.9778395891189575, -5.71168327331543, 0.024284379556775093, 0.6030398607254028, -1.4802793264389038, 0.0002494833606760949, 7000.0, 7000.0, 7000.0, 7000.0, 0.06680954247713089, 0.09708166122436523
10410, 1.989927887916565, -5.741322994232178, 0.0242907777428627, 0.6058574318885803, -1.483750581741333, 0.0002477238595020026, 7000.0, 7000.0, 7000.0, 7000.0, 0.06720996648073196, 0.09580565989017487
10430, 2.027209758758545, -5.771040439605713, 0.024175185710191727, 0.6158013343811035, -1.4871488809585571, -0.000267870636889711, 7000.0, 7000.0, 7000.0, 7000.0, 0.06753654032945633, 0.09153760969638824
10450, 2.03955078125, -5.800817966461182, 0.024173375219106674, 0.6185562014579773, -1.4907454252243042, -0.00011355934839230031, 7000.0, 7000.0, 7000.0, 7000.0, 0.0678555965423584, 0.09209982305765152
10470, 2.3138604164123535, -5.830436706542969, 0.023268453776836395, 0.6979365348815918, -1.4951376914978027, -0.004843233618885279, 7000.0, 7000.0, 7000.0, 7000.0, 0.06865845620632172, 0.09495311230421066
10490, 2.327841281890869, -5.860373497009277, 0.02316974475979805, 0.7003284692764282, -1.4985544681549072, -0.004926206078380346, 7000.0, 7000.0, 7000.0, 7000.0, 0.07214824855327606, 0.025803543627262115
10510, 2.1581358909606934, -5.896656513214111, 0.023435844108462334, 0.6503324508666992, -1.5036050081253052, -0.002456008456647396, 7000.0, 7000.0, 7000.0, 7000.0, 0.07233857363462448, 0.025379899889230728
10530, 2.1711630821228027, -5.926761150360107, 0.023388413712382317, 0.6525177359580994, -1.5067132711410522, -0.002304625231772661, 7000.0, 7000.0, 7000.0, 7000.0, 0.07153195887804031, 0.06869698315858841
10550, 2.445774555206299, -5.951935768127441, 0.022801052778959274, 0.7306973934173584, -1.5090693235397339, -0.0047564320266246796, 7000.0, 7000.0, 7000.0, 7000.0, 0.07374630123376846, 0.07101421803236008
10570, 2.460416555404663, -5.982153415679932, 0.02270793542265892, 0.7336025238037109, -1.5124530792236328, -0.004353812430053949, 7000.0, 7000.0, 7000.0, 7000.0, 0.07720612734556198, 0.00813839677721262
10590, 1.5509123802185059, -6.049714088439941, 0.02400203049182892, 0.47187525033950806, -1.5253973007202148, 0.003195555415004492, 7000.0, 7000.0, 7000.0, 7000.0, 0.07805435359477997, 0.005696829408407211
10610, 1.5603667497634888, -6.08025598526001, 0.024067658931016922, 0.4737660586833954, -1.528647780418396, 0.003433789359405637, 7000.0, 7000.0, 7000.0, 7000.0, 0.07038740813732147, 0.2306676208972931
10630, 1.5862421989440918, -6.0905303955078125, 0.02446502074599266, 0.47992292046546936, -1.5251184701919556, 0.005332659464329481, 7000.0, 7000.0, 7000.0, 7000.0, 0.07302884757518768, 0.2296074479818344
10650, 1.5958566665649414, -6.121066093444824, 0.024567654356360435, 0.4815898537635803, -1.5282301902770996, 0.005144453141838312, 7000.0, 7000.0, 7000.0, 7000.0, 0.07218552380800247, 0.22890089452266693
10670, 1.6055004596710205, -6.151666164398193, 0.024671591818332672, 0.4829718768596649, -1.5315288305282593, 0.005350848659873009, 7000.0, 7000.0, 7000.0, 7000.0, 0.07264174520969391, 0.22535300254821777
10690, 1.2857269048690796, -6.249983787536621, 0.024065904319286346, 0.39286860823631287, -1.5554368495941162, 0.0015824218280613422, 7000.0, 7000.0, 7000.0, 7000.0, 0.06985435634851456, 0.29827091097831726
10710, 1.2935998439788818, -6.281127452850342, 0.024095287546515465, 0.39452528953552246, -1.5585800409317017, 0.0015987681690603495, 7000.0, 7000.0, 7000.0, 7000.0, 0.06801461428403854, 0.3015909492969513
10730, 1.6839847564697266, -6.244815349578857, 0.024529926478862762, 0.5030227899551392, -1.541625738143921, 0.004050191026180983, 7000.0, 7000.0, 7000.0, 7000.0, 0.07017312943935394, 0.21153658628463745
10750, 1.6940674781799316, -6.275684833526611, 0.02460605278611183, 0.5054627060890198, -1.54487943649292, 0.003874668851494789, 7000.0, 7000.0, 7000.0, 7000.0, 0.07042953372001648, 0.2139730453491211
10770, 2.1886558532714844, -6.2256622314453125, 0.025255410000681877, 0.6420547962188721, -1.5233772993087769, 0.0066498275846242905, 7000.0, 7000.0, 7000.0, 7000.0, 0.07086233794689178, 0.20830228924751282
10790, 2.201524019241333, -6.256166458129883, 0.02538556046783924, 0.6447795033454895, -1.5266451835632324, 0.006683723535388708, 7000.0, 7000.0, 7000.0, 7000.0, 0.07378514856100082, 0.09761335700750351
10810, 2.0027050971984863, -6.314937591552734, 0.024944430217146873, 0.5886714458465576, -1.53941011428833, 0.004047326277941465, 7000.0, 7000.0, 7000.0, 7000.0, 0.07217120379209518, 0.09906624257564545
10830, 2.015084981918335, -6.347307205200195, 0.02503109723329544, 0.5905320644378662, -1.5430175065994263, 0.004543783143162727, 7000.0, 7000.0, 7000.0, 7000.0, 0.07292699068784714, 0.138143390417099
10850, 2.022958517074585, -6.380124568939209, 0.02509664185345173, 0.592136561870575, -1.546399474143982, 0.004755569621920586, 7000.0, 7000.0, 7000.0, 7000.0, 0.07420303672552109, 0.1382572203874588
10870, 2.034825325012207, -6.411089897155762, 0.025196116417646408, 0.5945709347724915, -1.5499647855758667, 0.005434485152363777, 7000.0, 7000.0, 7000.0, 7000.0, 0.07356647402048111, 0.14001168310642242
10890, 2.0721933841705322, -6.430187702178955, 0.02438392862677574, 0.6048898696899414, -1.5522352457046509, 0.0003645883407443762, 7000.0, 7000.0, 7000.0, 7000.0, 0.07523490488529205, 0.1384197622537613
10910, 2.084312915802002, -6.461264610290527, 0.024390559643507004, 0.6070574522018433, -1.555312991142273, 0.0005458444356918335, 7000.0, 7000.0, 7000.0, 7000.0, 0.07701366394758224, 0.12559165060520172
10930, 2.0964791774749756, -6.492403984069824, 0.02440231665968895, 0.6096072793006897, -1.5585473775863647, 0.0007465367671102285, 7000.0, 7000.0, 7000.0, 7000.0, 0.07736356556415558, 0.12442905455827713
10950, 2.18902587890625, -6.512047290802002, 0.023801352828741074, 0.6341525316238403, -1.5593949556350708, -0.002550534438341856, 7000.0, 7000.0, 7000.0, 7000.0, 0.08025980740785599, 0.10361885279417038
10970, 2.201730728149414, -6.543271064758301, 0.023750368505716324, 0.6363707184791565, -1.5629379749298096, -0.0021828743629157543, 7000.0, 7000.0, 7000.0, 7000.0, 0.07930594682693481, 0.10054010897874832
10990, 2.6238296031951904, -6.531942844390869, 0.02207055687904358, 0.7507801055908203, -1.5564627647399902, -0.011036059819161892, 7000.0, 7000.0, 7000.0, 7000.0, 0.0867135152220726, 0.007842433638870716
11010, 2.6388752460479736, -6.563104152679443, 0.02184567227959633, 0.7537418007850647, -1.5596389770507812, -0.011272531002759933, 7000.0, 7000.0, 7000.0, 7000.0, 0.08607282489538193, 0.007641912437975407
11030, 2.61421799659729, -6.598379135131836, 0.02168959379196167, 0.7457419037818909, -1.5638484954833984, -0.010571848601102829, 7000.0, 7000.0, 7000.0, 7000.0, 0.08706872165203094, 0.008188878186047077
11050, 2.6291606426239014, -6.629692077636719, 0.021481895819306374, 0.7487092018127441, -1.567488193511963, -0.010188169777393341, 7000.0, 7000.0, 7000.0, 7000.0, 0.0871996358036995, 0.016948573291301727
11070, 2.101548194885254, -6.713261604309082, 0.022015506401658058, 0.605711042881012, -1.5848408937454224, -0.005572750698775053, 7000.0, 7000.0, 7000.0, 7000.0, 0.0894470363855362, 0.01971486210823059
11090, 2.113682270050049, -6.744988918304443, 0.021906645968556404, 0.6077038049697876, -1.5879597663879395, -0.005314999260008335, 7000.0, 7000.0, 7000.0, 7000.0, 0.08527978509664536, 0.1361147165298462
11110, 1.9290274381637573, -6.785341262817383, 0.022284500300884247, 0.5573195219039917, -1.5930525064468384, -0.0024388167075812817, 7000.0, 7000.0, 7000.0, 7000.0, 0.08433971554040909, 0.13656756281852722
11130, 1.9401986598968506, -6.817237377166748, 0.02223508246243, 0.559730589389801, -1.5965540409088135, -0.002365388907492161, 7000.0, 7000.0, 7000.0, 7000.0, 0.08181700855493546, 0.17549051344394684
11150, 1.9430012702941895, -6.805567264556885, 0.023320190608501434, 0.5590609908103943, -1.586398720741272, 0.004199819639325142, 7000.0, 7000.0, 7000.0, 7000.0, 0.08069747686386108, 0.1772788017988205
11170, 1.9542009830474854, -6.837327480316162, 0.023407232016324997, 0.560917317867279, -1.589682936668396, 0.004415029194205999, 7000.0, 7000.0, 7000.0, 7000.0, 0.08008988201618195, 0.1794695407152176
11190, 1.778179407119751, -6.903759479522705, 0.02288944646716118, 0.5142278075218201, -1.6031194925308228, 0.0011207549832761288, 7000.0, 7000.0, 7000.0, 7000.0, 0.07990238070487976, 0.17766304314136505
11210, 1.7884832620620728, -6.935855388641357, 0.022914335131645203, 0.5161260366439819, -1.6065324544906616, 0.0014194818213582039, 7000.0, 7000.0, 7000.0, 7000.0, 0.08103325217962265, 0.21295960247516632
11230, 1.7988228797912598, -6.968017101287842, 0.022946322336792946, 0.5178069472312927, -1.609714150428772, 0.0015293867327272892, 7000.0, 7000.0, 7000.0, 7000.0, 0.08094272762537003, 0.2148749977350235
11250, 1.6004974842071533, -7.034843444824219, 0.02255864627659321, 0.46566668152809143, -1.62332284450531, -0.00046943093184381723, 7000.0, 7000.0, 7000.0, 7000.0, 0.08143379539251328, 0.25559988617897034
11270, 1.609831690788269, -7.06734037399292, 0.02255002222955227, 0.46765974164009094, -1.6264621019363403, -0.0005790758295916021, 7000.0, 7000.0, 7000.0, 7000.0, 0.08103213459253311, 0.2549709379673004
11290, 2.0781633853912354, -7.0206685066223145, 0.023177286610007286, 0.5888382196426392, -1.6073276996612549, 0.0026997565291821957, 7000.0, 7000.0, 7000.0, 7000.0, 0.08187958598136902, 0.1655641496181488
11310, 2.089963436126709, -7.052848815917969, 0.023232506588101387, 0.5911815762519836, -1.6108051538467407, 0.0027473613154143095, 7000.0, 7000.0, 7000.0, 7000.0, 0.08080974966287613, 0.16580896079540253
11330, 2.260651111602783, -7.059257507324219, 0.02361035719513893, 0.6345803141593933, -1.6065088510513306, 0.004825547803193331, 7000.0, 7000.0, 7000.0, 7000.0, 0.08029241859912872, 0.16184115409851074
11350, 2.273369312286377, -7.09141731262207, 0.02371216006577015, 0.6371601819992065, -1.6096745729446411, 0.005060325842350721, 7000.0, 7000.0, 7000.0, 7000.0, 0.08047964423894882, 0.1295570582151413
11370, 2.568834066390991, -7.084856986999512, 0.025136852636933327, 0.7110722064971924, -1.6003806591033936, 0.012304505333304405, 7000.0, 7000.0, 7000.0, 7000.0, 0.0817488431930542, 0.13168635964393616
11390, 2.583081007003784, -7.116894721984863, 0.02539127878844738, 0.7137351632118225, -1.6035661697387695, 0.012961732223629951, 7000.0, 7000.0, 7000.0, 7000.0, 0.08122192323207855, 0.0836193636059761
11410, 2.8012759685516357, -7.096519947052002, 0.024651866406202316, 0.7698726058006287, -1.5948984622955322, 0.007952874526381493, 7000.0, 7000.0, 7000.0, 7000.0, 0.07990352064371109, 0.08380874991416931
11430, 2.8167004585266113, -7.128454685211182, 0.02481590211391449, 0.7724202871322632, -1.5989124774932861, 0.007969175465404987, 7000.0, 7000.0, 7000.0, 7000.0, 0.08228714764118195, 0.042640652507543564
11450, 3.788317918777466, -6.968799591064453, 0.023399846628308296, 1.021162748336792, -1.5546168088912964, -0.0018114744452759624, 7000.0, 7000.0, 7000.0, 7000.0, 0.08163190633058548, 0.04187730327248573
11470, 3.808774471282959, -6.999919414520264, 0.023366257548332214, 1.0243221521377563, -1.5576282739639282, -0.0018576307920739055, 7000.0, 7000.0, 7000.0, 7000.0, 0.08745860308408737, -0.14529256522655487
11490, 3.4125442504882812, -7.107569217681885, 0.023643046617507935, 0.9212992787361145, -1.5801056623458862, 0.0007623288547620177, 7000.0, 7000.0, 7000.0, 7000.0, 0.08883343636989594, -0.1447712481021881
11510, 3.4310035705566406, -7.139198303222656, 0.023656729608774185, 0.9246150255203247, -1.583031177520752, 0.0002703215868677944, 7000.0, 7000.0, 7000.0, 7000.0, 0.08816878497600555, -0.06546258926391602
11530, 3.4495298862457275, -7.170886039733887, 0.02366776391863823, 0.9279170632362366, -1.586058259010315, 0.00034830713411793113, 7000.0, 7000.0, 7000.0, 7000.0, 0.0892680287361145, -0.06394355744123459
11550, 4.435649394989014, -7.031123638153076, 0.02283158339560032, 1.1758630275726318, -1.5449553728103638, -0.005014107562601566, 7000.0, 7000.0, 7000.0, 7000.0, 0.09264866262674332, -0.24713295698165894
11570, 4.459205150604248, -7.062044620513916, 0.022738680243492126, 1.1796624660491943, -1.5474117994308472, -0.0049268403090536594, 7000.0, 7000.0, 7000.0, 7000.0, 0.09412325173616409, -0.25049346685409546
11590, 4.309586524963379, -7.123351097106934, 0.02278948202729225, 1.140324592590332, -1.5579581260681152, -0.003396176267415285, 7000.0, 7000.0, 7000.0, 7000.0, 0.0947752296924591, -0.2500751316547394
11610, 4.332427501678467, -7.154534816741943, 0.02272818610072136, 1.1435905694961548, -1.56069815158844, -0.0032274893019348383, 7000.0, 7000.0, 7000.0, 7000.0, 0.09366850554943085, -0.2171781063079834
11630, 4.785372734069824, -7.112414836883545, 0.022307543084025383, 1.254584550857544, -1.5447938442230225, -0.00533597357571125, 7000.0, 7000.0, 7000.0, 7000.0, 0.0939292386174202, -0.21907255053520203
11650, 4.810496807098389, -7.143338203430176, 0.022211207076907158, 1.2578970193862915, -1.5478764772415161, -0.00467764912173152, 7000.0, 7000.0, 7000.0, 7000.0, 0.09572634845972061, -0.3000728487968445
11670, 3.2923853397369385, -7.434112548828125, 0.023507168516516685, 0.8772067427635193, -1.6175689697265625, 0.002726601902395487, 7000.0, 7000.0, 7000.0, 7000.0, 0.09617497771978378, -0.298368901014328
11690, 3.3099565505981445, -7.466489791870117, 0.023566834628582, 0.879733145236969, -1.620481014251709, 0.0027892696671187878, 7000.0, 7000.0, 7000.0, 7000.0, 0.08968880027532578, -0.013917315751314163
11710, 3.216975212097168, -7.514353275299072, 0.02379736304283142, 0.8551376461982727, -1.6274783611297607, 0.004059812519699335, 7000.0, 7000.0, 7000.0, 7000.0, 0.0909077450633049, -0.01068056933581829
11730, 3.234109401702881, -7.546933650970459, 0.023887058719992638, 0.8583011627197266, -1.6307514905929565, 0.004361377097666264, 7000.0, 7000.0, 7000.0, 7000.0, 0.09069834649562836, 0.010238178074359894
11750, 3.198654890060425, -7.572317123413086, 0.02438119240105152, 0.8478137254714966, -1.6310169696807861, 0.006566993426531553, 7000.0, 7000.0, 7000.0, 7000.0, 0.09016979485750198, 0.013710242696106434
11770, 3.215634822845459, -7.604968070983887, 0.02452067658305168, 0.8501682877540588, -1.6343061923980713, 0.0070327166467905045, 7000.0, 7000.0, 7000.0, 7000.0, 0.08899102360010147, 0.021967018023133278
11790, 3.232667922973633, -7.637689590454102, 0.02466813661158085, 0.8531359434127808, -1.637896180152893, 0.007383696269243956, 7000.0, 7000.0, 7000.0, 7000.0, 0.08925624191761017, 0.02144630253314972
11810, 3.12347674369812, -7.717763423919678, 0.024111537262797356, 0.8255342245101929, -1.654400110244751, 0.004029919859021902, 7000.0, 7000.0, 7000.0, 7000.0, 0.08871084451675415, 0.04014604911208153
11830, 3.14001202583313, -7.750880718231201, 0.024197958409786224, 0.8279979825019836, -1.657460331916809, 0.004435321316123009, 7000.0, 7000.0, 7000.0, 7000.0, 0.08919760584831238, 0.039768461138010025
11850, 2.7922656536102295, -7.8961920738220215, 0.023347824811935425, 0.7428351044654846, -1.6907628774642944, -0.0011991019127890468, 7000.0, 7000.0, 7000.0, 7000.0, 0.0860019251704216, 0.09969858080148697
11870, 2.8071482181549072, -7.9300408363342285, 0.023323409259319305, 0.745297908782959, -1.6941510438919067, -0.0013469195691868663, 7000.0, 7000.0, 7000.0, 7000.0, 0.08542844653129578, 0.09985467791557312
11890, 2.7356839179992676, -7.992367267608643, 0.023160040378570557, 0.7266125082969666, -1.704642415046692, -0.0022213973570615053, 7000.0, 7000.0, 7000.0, 7000.0, 0.08614392578601837, 0.09947732090950012
11910, 2.7502379417419434, -8.026491165161133, 0.023120515048503876, 0.7288758754730225, -1.7078094482421875, -0.001659094705246389, 7000.0, 7000.0, 7000.0, 7000.0, 0.08322268724441528, 0.11612235754728317
11930, 3.029374361038208, -7.969542980194092, 0.023476729169487953, 0.7942731380462646, -1.6879727840423584, 0.0008391471928916872, 7000.0, 7000.0, 7000.0, 7000.0, 0.08385574817657471, 0.11553116142749786
11950, 3.045283555984497, -8.003334045410156, 0.023495737463235855, 0.7967326641082764, -1.6908725500106812, 0.0009778274688869715, 7000.0, 7000.0, 7000.0, 7000.0, 0.0851406678557396, 0.07114020735025406
11970, 2.684952735900879, -8.168501853942871, 0.02289385162293911, 0.709372878074646, -1.7273424863815308, -0.0022604186087846756, 7000.0, 7000.0, 7000.0, 7000.0, 0.0860552191734314, 0.07088744640350342
11990, 2.6991584300994873, -8.203084945678711, 0.022849280387163162, 0.7113138437271118, -1.7309727668762207, -0.002184811281040311, 7000.0, 7000.0, 7000.0, 7000.0, 0.0847788080573082, 0.13253016769886017
12010, 2.7561631202697754, -8.221521377563477, 0.022876597940921783, 0.7237798571586609, -1.730370044708252, -0.0016965962713584304, 7000.0, 7000.0, 7000.0, 7000.0, 0.08399097621440887, 0.12770730257034302
12030, 2.7706615924835205, -8.256156921386719, 0.02284146472811699, 0.7261356115341187, -1.7330384254455566, -0.0015704183606430888, 7000.0, 7000.0, 7000.0, 7000.0, 0.0839628055691719, 0.11893745511770248
12050, 2.3771259784698486, -8.45913314819336, 0.022069355472922325, 0.6316686868667603, -1.778566598892212, -0.005826940294355154, 7000.0, 7000.0, 7000.0, 7000.0, 0.08273142576217651, 0.11943885684013367
12070, 2.3897767066955566, -8.494743347167969, 0.02195185236632824, 0.6335310339927673, -1.7820405960083008, -0.005746407434344292, 7000.0, 7000.0, 7000.0, 7000.0, 0.08267879486083984, 0.18633992969989777
12090, 2.40246844291687, -8.530417442321777, 0.02183622121810913, 0.6357151865959167, -1.785140037536621, -0.0054959808476269245, 7000.0, 7000.0, 7000.0, 7000.0, 0.08108784258365631, 0.1876501888036728
12110, 2.2247633934020996, -8.655072212219238, 0.02136239781975746, 0.592904269695282, -1.8105133771896362, -0.006554214283823967, 7000.0, 7000.0, 7000.0, 7000.0, 0.0807574987411499, 0.22013109922409058
12130, 2.236636161804199, -8.691319465637207, 0.02122865617275238, 0.5945437550544739, -1.8138911724090576, -0.006588935852050781, 7000.0, 7000.0, 7000.0, 7000.0, 0.0800446942448616, 0.21963973343372345
12150, 3.1188082695007324, -8.273433685302734, 0.02272937260568142, 0.800620973110199, -1.7046631574630737, 0.00138861162122339, 7000.0, 7000.0, 7000.0, 7000.0, 0.08414541184902191, 0.07979203015565872
12170, 3.1348440647125244, -8.307559967041016, 0.022752933204174042, 0.802966833114624, -1.7076847553253174, 0.0012906183255836368, 7000.0, 7000.0, 7000.0, 7000.0, 0.08440014719963074, 0.08173482865095139
12190, 4.936619646400686e-08, -9.13793130052909e-08, 9.776158549357206e-09, 9.873342787614092e-05, -0.0001827574014896527, 1.9553750462364405e-05, 7000.0, 7000.0, 7000.0, 7000.0, 0.08309996128082275, 0.08187583833932877
12210, 2.5950486815418117e-05, -3.37511082761921e-05, -3.76458319806261e-06, 0.002657788572832942, -0.002795465523377061, -8.34890961414203e-05, 7000.0, 7000.0, 7000.0, 7000.0, 0.00038753775879740715, -3.1476298318011686e-05
12230, 0.00010703588486649096, -0.00012142171908635646, 0.0259956456720829, 0.005590131506323814, -0.00550846615806222, -0.0001034934030030854, 7000.0, 7000.0, 7000.0, 7000.0, 0.001002894714474678, -0.001390333054587245
12250, 0.0002469350874889642, -0.00026202379376627505, 0.025990312919020653, 0.008368547074496746, -0.008004103787243366, 9.361968841403723e-05, 7000.0, 7000.0, 7000.0, 7000.0, 0.002062351442873478, 0.0005865608109161258
12270, 0.0004353041877038777, -0.00045103408046998084, 0.024452131241559982, 0.010495348833501339, -0.010437053628265858, -0.0011083664139732718, 7000.0, 7000.0, 7000.0, 7000.0, 0.0027846794109791517, 0.00033554332912899554
12290, 0.0006675729528069496, -0.0006894967518746853, 0.024424662813544273, 0.012999792583286762, -0.013002099469304085, -0.0010974077740684152, 7000.0, 7000.0, 7000.0, 7000.0, 0.0038915909826755524, 0.0009184429654851556
12310, 0.0009587534004822373, -0.0009806181769818068, 0.02269749343395233, 0.016043785959482193, -0.015582919120788574, -0.00595314335078001, 7000.0, 7000.0, 7000.0, 7000.0, 0.006273594684898853, -0.00046285009011626244
12330, 0.0013090430293232203, -0.0013239486142992973, 0.022573191672563553, 0.01908862218260765, -0.018407480791211128, -0.00582905625924468, 7000.0, 7000.0, 7000.0, 7000.0, 0.007729860953986645, -0.004538305103778839
12350, 0.0017214748077094555, -0.001722118933685124, 0.02245088666677475, 0.022175371646881104, -0.021003199741244316, -0.005913586355745792, 7000.0, 7000.0, 7000.0, 7000.0, 0.009358519688248634, -0.004685343708842993
12370, 0.002193531021475792, -0.0021734910551458597, 0.02214123122394085, 0.025057584047317505, -0.023753467947244644, -0.006759587209671736, 7000.0, 7000.0, 7000.0, 7000.0, 0.009370585903525352, -0.0037233491893857718
12390, 0.0027179326862096786, -0.0026780241169035435, 0.022000400349497795, 0.027389824390411377, -0.02628336101770401, -0.006585931405425072, 7000.0, 7000.0, 7000.0, 7000.0, 0.008192632347345352, -0.003102200338616967
12410, 0.003290401538833976, -0.0032322050537914038, 0.021867798641324043, 0.029863432049751282, -0.028688419610261917, -0.005973734427243471, 7000.0, 7000.0, 7000.0, 7000.0, 0.007857629097998142, -0.0033104175236076117
12430, 0.003909649793058634, -0.0038356254808604717, 0.021744433790445328, 0.0321161225438118, -0.031265176832675934, -0.005700007546693087, 7000.0, 7000.0, 7000.0, 7000.0, 0.009933979250490665, -0.004228575620800257
12450, 0.004582565277814865, -0.004496152512729168, 0.02129751816391945, 0.03482314944267273, -0.03397808223962784, -0.007554154843091965, 7000.0, 7000.0, 7000.0, 7000.0, 0.01052207313477993, -0.006341112311929464
12470, 0.00530528649687767, -0.005204930901527405, 0.021139616146683693, 0.03744930773973465, -0.03638959676027298, -0.007526962552219629, 7000.0, 7000.0, 7000.0, 7000.0, 0.009402151219546795, -0.0057858657091856
12490, 0.006023634225130081, -0.005907619372010231, 0.023658307269215584, 0.039556700736284256, -0.03856693580746651, 0.008284999057650566, 7000.0, 7000.0, 7000.0, 7000.0, 0.01115259900689125, -0.004656036384403706
12510, 0.006843948271125555, -0.006711626425385475, 0.023822125047445297, 0.04258847236633301, -0.04135124757885933, 0.008844905532896519, 7000.0, 7000.0, 7000.0, 7000.0, 0.01223690714687109, -0.0010991240851581097
12530, 0.007734248880296946, -0.007575426250696182, 0.023601770401000977, 0.0454508401453495, -0.043780263513326645, 0.00668630376458168, 7000.0, 7000.0, 7000.0, 7000.0, 0.012323428876698017, 0.00030433465144596994
12550, 0.008671355433762074, -0.00848271045833826, 0.0237292367964983, 0.04826797544956207, -0.04643508791923523, 0.006758842151612043, 7000.0, 7000.0, 7000.0, 7000.0, 0.012842427007853985, 9.863905142992735e-05
12570, 0.00970453955233097, -0.009480324573814869, 0.02269553951919079, 0.05115615203976631, -0.04915708675980568, 0.0007536934572272003, 7000.0, 7000.0, 7000.0, 7000.0, 0.011209008283913136, -0.0025894828140735626
12590, 0.010758135467767715, -0.010491730645298958, 0.022701220586895943, 0.054285816848278046, -0.05166741833090782, 0.00041729939403012395, 7000.0, 7000.0, 7000.0, 7000.0, 0.011847423389554024, 0.0005141335423104465
12610, 0.01186614390462637, -0.011546897701919079, 0.022824611514806747, 0.05708314850926399, -0.05421818420290947, 0.0008543387521058321, 7000.0, 7000.0, 7000.0, 7000.0, 0.010820895433425903, -0.0009286713902838528
12630, 0.013033892028033733, -0.012658955529332161, 0.022836700081825256, 0.05977167561650276, -0.05679269880056381, 0.0008690705872140825, 7000.0, 7000.0, 7000.0, 7000.0, 0.01096959039568901, -0.0017225858755409718
12650, 0.014258110895752907, -0.013819207437336445, 0.02285669930279255, 0.062571682035923, -0.05918031185865402, 0.0016037753084674478, 7000.0, 7000.0, 7000.0, 7000.0, 0.010791562497615814, -0.00027762839454226196
12670, 0.015505000948905945, -0.01500443834811449, 0.023383311927318573, 0.06514567881822586, -0.06194110959768295, 0.0040968782268464565, 7000.0, 7000.0, 7000.0, 7000.0, 0.01029616966843605, 0.002311436226591468
12690, 0.016836296766996384, -0.01627078466117382, 0.023463673889636993, 0.0680006593465805, -0.06458726525306702, 0.004340155515819788, 7000.0, 7000.0, 7000.0, 7000.0, 0.01070568896830082, -0.0019576679915189743
12710, 0.018276138231158257, -0.017634212970733643, 0.022931301966309547, 0.07126297056674957, -0.06734245270490646, 0.0015649583656340837, 7000.0, 7000.0, 7000.0, 7000.0, 0.010548853315412998, -0.00431897072121501
12730, 0.01972905360162258, -0.019007636234164238, 0.022961122915148735, 0.07389673590660095, -0.070092111825943, 0.0016579398652538657, 7000.0, 7000.0, 7000.0, 7000.0, 0.010290885344147682, -0.0014637082349509
12750, 0.021231386810541153, -0.02043256163597107, 0.023012012243270874, 0.07637771219015121, -0.07243768125772476, 0.002057969570159912, 7000.0, 7000.0, 7000.0, 7000.0, 0.010430076159536839, -0.0010471115820109844
12770, 0.022790582850575447, -0.02190278097987175, 0.02305344119668007, 0.0796346366405487, -0.07472583651542664, 0.0020001991651952267, 7000.0, 7000.0, 7000.0, 7000.0, 0.009627655148506165, 0.001107811345718801
12790, 0.024464040994644165, -0.023472541943192482, 0.02264397405087948, 0.08227091282606125, -0.07764036953449249, -0.0002881885739043355, 7000.0, 7000.0, 7000.0, 7000.0, 0.009955374523997307, 0.00033638006425462663
12810, 0.026134701445698738, -0.025046365335583687, 0.0226365365087986, 0.08471658825874329, -0.07986641675233841, -0.000559618987608701, 7000.0, 7000.0, 7000.0, 7000.0, 0.01055527850985527, -0.0013897332828491926
12830, 0.027832582592964172, -0.02664589323103428, 0.022773411124944687, 0.08709676563739777, -0.08221959322690964, 0.00012178890756331384, 7000.0, 7000.0, 7000.0, 7000.0, 0.009659423492848873, 0.0003218961355742067
12850, 0.029604310169816017, -0.028316102921962738, 0.022775879129767418, 0.09010480344295502, -0.08488583564758301, 9.571815462550148e-05, 7000.0, 7000.0, 7000.0, 7000.0, 0.011877731420099735, -0.0008261359762400389
12870, 0.03129749745130539, -0.029909690842032433, 0.023658666759729385, 0.09273184835910797, -0.0872362032532692, 0.005157206207513809, 7000.0, 7000.0, 7000.0, 7000.0, 0.01305285282433033, -0.0008322512730956078
12890, 0.03318340703845024, -0.03167494013905525, 0.023763885721564293, 0.09570063650608063, -0.08962010592222214, 0.005222591571509838, 7000.0, 7000.0, 7000.0, 7000.0, 0.013886450789868832, -0.00275437836535275
12910, 0.035040318965911865, -0.03341325744986534, 0.024317162111401558, 0.09826621413230896, -0.09205830842256546, 0.007910487242043018, 7000.0, 7000.0, 7000.0, 7000.0, 0.013797943480312824, 0.0006046887137927115
12930, 0.037035778164863586, -0.03527751937508583, 0.02448197826743126, 0.10115271061658859, -0.09471801668405533, 0.008286526426672935, 7000.0, 7000.0, 7000.0, 7000.0, 0.015113516710698605, 0.00428755534812808
12950, 0.039091452956199646, -0.037194281816482544, 0.024652719497680664, 0.10427486896514893, -0.09740008413791656, 0.008440108969807625, 7000.0, 7000.0, 7000.0, 7000.0, 0.015068807639181614, 0.005988107528537512
12970, 0.04117801785469055, -0.03913918137550354, 0.024973273277282715, 0.10719715058803558, -0.10007523000240326, 0.009214852005243301, 7000.0, 7000.0, 7000.0, 7000.0, 0.01423675287514925, 0.005146288778632879
12990, 0.043354324996471405, -0.041168004274368286, 0.02516029216349125, 0.11026183515787125, -0.10303473472595215, 0.00908089429140091, 7000.0, 7000.0, 7000.0, 7000.0, 0.014110694639384747, 0.004501433111727238
13010, 0.04569997638463974, -0.04335208982229233, 0.024870432913303375, 0.11344632506370544, -0.1060071811079979, 0.006984658073633909, 7000.0, 7000.0, 7000.0, 7000.0, 0.015254109166562557, 0.004927491769194603
13030, 0.04799933731555939, -0.04549404978752136, 0.025020819157361984, 0.11620880663394928, -0.10864298045635223, 0.007550518959760666, 7000.0, 7000.0, 7000.0, 7000.0, 0.015969635918736458, 0.00616483623161912
13050, 0.05047352984547615, -0.04780194163322449, 0.024722978472709656, 0.11891325563192368, -0.1116139143705368, 0.005150689277797937, 7000.0, 7000.0, 7000.0, 7000.0, 0.013890004716813564, 0.0059114862233400345
13070, 0.0528792180120945, -0.05005474388599396, 0.024831851944327354, 0.12155963480472565, -0.11411891877651215, 0.005219596903771162, 7000.0, 7000.0, 7000.0, 7000.0, 0.014078703708946705, 0.0026321150362491608
13090, 0.055447597056627274, -0.052455317229032516, 0.024587836116552353, 0.12460054457187653, -0.11685257405042648, 0.0033569554798305035, 7000.0, 7000.0, 7000.0, 7000.0, 0.01573440432548523, 0.0030461016576737165
13110, 0.057967133820056915, -0.05481092631816864, 0.024659644812345505, 0.12724943459033966, -0.11927330493927002, 0.0032948781736195087, 7000.0, 7000.0, 7000.0, 7000.0, 0.01747843064367771, 0.002538087544962764
13130, 0.06037124618887901, -0.05706167221069336, 0.025239616632461548, 0.12957362830638885, -0.12143608927726746, 0.00569907994940877, 7000.0, 7000.0, 7000.0, 7000.0, 0.017493028193712234, 0.0011311640264466405
13150, 0.06299226731061935, -0.0595109686255455, 0.025355791673064232, 0.13231950998306274, -0.1240457147359848, 0.005380907095968723, 7000.0, 7000.0, 7000.0, 7000.0, 0.01670060120522976, 0.004604132380336523
13170, 0.06558618694543839, -0.06194107607007027, 0.02567937783896923, 0.13457876443862915, -0.12650544941425323, 0.006833044346421957, 7000.0, 7000.0, 7000.0, 7000.0, 0.01633058860898018, 0.0027008093893527985
13190, 0.0683034360408783, -0.06449054181575775, 0.025827310979366302, 0.13684767484664917, -0.12914419174194336, 0.007354520261287689, 7000.0, 7000.0, 7000.0, 7000.0, 0.01939047873020172, 0.003984933253377676
13210, 0.07106853276491165, -0.06709544360637665, 0.025989461690187454, 0.13964496552944183, -0.1319061517715454, 0.008027443662285805, 7000.0, 7000.0, 7000.0, 7000.0, 0.01877087913453579, 0.002980148186907172
13230, 0.07420511543750763, -0.07005355507135391, 0.025322407484054565, 0.14319516718387604, -0.13563698530197144, 0.003937097266316414, 7000.0, 7000.0, 7000.0, 7000.0, 0.019161319360136986, -0.0006634369492530823
13250, 0.07709857821464539, -0.07278536260128021, 0.025411367416381836, 0.1461334228515625, -0.13812480866909027, 0.004154915455728769, 7000.0, 7000.0, 7000.0, 7000.0, 0.020434891805052757, -0.002103602746501565
13270, 0.07995331287384033, -0.07547298073768616, 0.02574613317847252, 0.14864063262939453, -0.14031483232975006, 0.005638326983898878, 7000.0, 7000.0, 7000.0, 7000.0, 0.020288866013288498, -0.002751684747636318
13290, 0.08295222371816635, -0.07830152660608292, 0.02586909756064415, 0.1512657254934311, -0.14316272735595703, 0.00584644079208374, 7000.0, 7000.0, 7000.0, 7000.0, 0.019142229110002518, -0.001754795084707439
13310, 0.0858084037899971, -0.08098980039358139, 0.02643425017595291, 0.15409891307353973, -0.14526084065437317, 0.008174382150173187, 7000.0, 7000.0, 7000.0, 7000.0, 0.01964910328388214, -0.0021034847013652325
13330, 0.08892281353473663, -0.08391666412353516, 0.02660827711224556, 0.1572115272283554, -0.14799217879772186, 0.008486718870699406, 7000.0, 7000.0, 7000.0, 7000.0, 0.01876712031662464, -0.0032115764915943146
13350, 0.09300497174263, -0.08777257800102234, 0.024912074208259583, 0.1613987535238266, -0.15188120305538177, -0.001191922347061336, 7000.0, 7000.0, 7000.0, 7000.0, 0.019797660410404205, -0.003472888143733144
13370, 0.09626222401857376, -0.0908268466591835, 0.0248958021402359, 0.16425518691539764, -0.15403012931346893, -0.0011885389685630798, 7000.0, 7000.0, 7000.0, 7000.0, 0.018142448738217354, -0.014589548110961914
13390, 0.09976869076490402, -0.09410978853702545, 0.024530481547117233, 0.1676647812128067, -0.15690097212791443, -0.0029855063185095787, 7000.0, 7000.0, 7000.0, 7000.0, 0.019869055598974228, -0.021219661459326744
13410, 0.10314980149269104, -0.09727124869823456, 0.024481965228915215, 0.17040759325027466, -0.15981855988502502, -0.002406223677098751, 7000.0, 7000.0, 7000.0, 7000.0, 0.01993332803249359, -0.022288935258984566
13430, 0.10717003792524338, -0.10104190558195114, 0.02349625714123249, 0.17418409883975983, -0.16372811794281006, -0.00671025738120079, 7000.0, 7000.0, 7000.0, 7000.0, 0.02228238619863987, -0.018232984468340874
13450, 0.11067935079336166, -0.1043427437543869, 0.023369260132312775, 0.17677100002765656, -0.1666005551815033, -0.006552648264914751, 7000.0, 7000.0, 7000.0, 7000.0, 0.02343326434493065, -0.018915196880698204
13470, 0.11375898867845535, -0.10723886638879776, 0.023923436179757118, 0.17916083335876465, -0.16843079030513763, -0.0033350507728755474, 7000.0, 7000.0, 7000.0, 7000.0, 0.02301253005862236, -0.023249348625540733
13490, 0.11737310141324997, -0.11062802374362946, 0.023860421031713486, 0.1824330985546112, -0.17065204679965973, -0.0032886455301195383, 7000.0, 7000.0, 7000.0, 7000.0, 0.02251511625945568, -0.020444093272089958
13510, 0.12105375528335571, -0.11406093835830688, 0.02380051650106907, 0.1856682002544403, -0.17278431355953217, -0.003083692165091634, 7000.0, 7000.0, 7000.0, 7000.0, 0.025050116702914238, -0.02038557268679142
13530, 0.12414730340242386, -0.11693815141916275, 0.024662014096975327, 0.18738487362861633, -0.17447787523269653, 0.0015628526452928782, 7000.0, 7000.0, 7000.0, 7000.0, 0.02575381100177765, -0.01945173740386963
13550, 0.12792253494262695, -0.12045086175203323, 0.02469649352133274, 0.19039086997509003, -0.1768731027841568, 0.0017623846651986241, 7000.0, 7000.0, 7000.0, 7000.0, 0.02763400413095951, -0.017685089260339737
13570, 0.1316671073436737, -0.12393274903297424, 0.024866154417395592, 0.19311028718948364, -0.17976155877113342, 0.0031238978262990713, 7000.0, 7000.0, 7000.0, 7000.0, 0.028985774144530296, -0.014047622680664062
13590, 0.1355578899383545, -0.1275542676448822, 0.02493506297469139, 0.19603362679481506, -0.1823078989982605, 0.0036336786579340696, 7000.0, 7000.0, 7000.0, 7000.0, 0.028754031285643578, -0.016761425882577896
13610, 0.14016301929950714, -0.13181546330451965, 0.024197956547141075, 0.20015563070774078, -0.1853974312543869, -9.917341230902821e-05, 7000.0, 7000.0, 7000.0, 7000.0, 0.027205508202314377, -0.01627412997186184
13630, 0.14419855177402496, -0.1355469822883606, 0.024199174717068672, 0.2033851146697998, -0.1878177970647812, 5.321106073097326e-05, 7000.0, 7000.0, 7000.0, 7000.0, 0.027382532134652138, -0.01629483699798584
13650, 0.14835751056671143, -0.1393914371728897, 0.024121319875121117, 0.20595316588878632, -0.19058756530284882, -0.00024363321426790208, 7000.0, 7000.0, 7000.0, 7000.0, 0.026423316448926926, -0.016477961093187332
13670, 0.15250293910503387, -0.14323151111602783, 0.02411595731973648, 0.20879894495010376, -0.19327197968959808, -7.180219108704478e-05, 7000.0, 7000.0, 7000.0, 7000.0, 0.027671655640006065, -0.014039822854101658
13690, 0.1567508429288864, -0.14715901017189026, 0.024069827049970627, 0.21218693256378174, -0.19585832953453064, -0.00023543187126051635, 7000.0, 7000.0, 7000.0, 7000.0, 0.02861211821436882, -0.012626992538571358
13710, 0.16123636066913605, -0.15130126476287842, 0.024066781625151634, 0.2150205373764038, -0.19851307570934296, 2.2351197912939824e-05, 7000.0, 7000.0, 7000.0, 7000.0, 0.03028511442244053, -0.012748419307172298
13730, 0.1652141660451889, -0.15498749911785126, 0.024432579055428505, 0.2171991616487503, -0.20017555356025696, 0.002326738554984331, 7000.0, 7000.0, 7000.0, 7000.0, 0.030251406133174896, -0.012414229102432728
13750, 0.1695845127105713, -0.15901502966880798, 0.02447780780494213, 0.21999555826187134, -0.20256853103637695, 0.002437570132315159, 7000.0, 7000.0, 7000.0, 7000.0, 0.031209446489810944, -0.015445773489773273
13770, 0.17401088774204254, -0.16309340298175812, 0.024524349719285965, 0.22269754111766815, -0.20528388023376465, 0.0024173699785023928, 7000.0, 7000.0, 7000.0, 7000.0, 0.031403426080942154, -0.015785468742251396
13790, 0.17746782302856445, -0.166331484913826, 0.02566325105726719, 0.224478080868721, -0.2065884917974472, 0.008076631464064121, 7000.0, 7000.0, 7000.0, 7000.0, 0.031175529584288597, -0.01446201466023922
13810, 0.18198485672473907, -0.17049041390419006, 0.025827890262007713, 0.22741515934467316, -0.2091902643442154, 0.008555642329156399, 7000.0, 7000.0, 7000.0, 7000.0, 0.028691979125142097, -0.016262181103229523
13830, 0.18729476630687714, -0.1753331422805786, 0.02520807832479477, 0.23164266347885132, -0.21256284415721893, 0.004946297034621239, 7000.0, 7000.0, 7000.0, 7000.0, 0.029217123985290527, -0.015737859532237053
13850, 0.19195494055747986, -0.1796114444732666, 0.025305692106485367, 0.2345251888036728, -0.21517418324947357, 0.005138609558343887, 7000.0, 7000.0, 7000.0, 7000.0, 0.02688021957874298, -0.017441032454371452
13870, 0.19558584690093994, -0.1830117553472519, 0.026566633954644203, 0.23523493111133575, -0.21669608354568481, 0.01141300704330206, 7000.0, 7000.0, 7000.0, 7000.0, 0.02710520476102829, -0.02181650511920452
13890, 0.20031844079494476, -0.1873776614665985, 0.026794368401169777, 0.23830056190490723, -0.2198927402496338, 0.011718220077455044, 7000.0, 7000.0, 7000.0, 7000.0, 0.028275521472096443, -0.02077203430235386
13910, 0.20590350031852722, -0.19250130653381348, 0.026204606518149376, 0.2417411059141159, -0.22371609508991241, 0.007855524308979511, 7000.0, 7000.0, 7000.0, 7000.0, 0.027310244739055634, -0.02259536273777485
13930, 0.2107626497745514, -0.19700469076633453, 0.026365671306848526, 0.2443716675043106, -0.22647275030612946, 0.008528102189302444, 7000.0, 7000.0, 7000.0, 7000.0, 0.026412684470415115, -0.024120552465319633
13950, 0.21791335940361023, -0.20358096063137054, 0.024273613467812538, 0.2500946521759033, -0.23159195482730865, -0.0030954855028539896, 7000.0, 7000.0, 7000.0, 7000.0, 0.02726111002266407, -0.02586052007973194
13970, 0.22293786704540253, -0.20823918282985687, 0.024211354553699493, 0.2526358962059021, -0.23409178853034973, -0.0028115902096033096, 7000.0, 7000.0, 7000.0, 7000.0, 0.026773208752274513, -0.035513006150722504
13990, 0.22719068825244904, -0.21217799186706543, 0.024885909631848335, 0.25500258803367615, -0.23582008481025696, 0.0010713593801483512, 7000.0, 7000.0, 7000.0, 7000.0, 0.025744803249835968, -0.035452235490083694
14010, 0.23231777548789978, -0.21691788733005524, 0.024904128164052963, 0.25774645805358887, -0.2380577027797699, 0.0010755073744803667, 7000.0, 7000.0, 7000.0, 7000.0, 0.025334326550364494, -0.029062343761324883
14030, 0.23850378394126892, -0.22265157103538513, 0.024148181080818176, 0.2613832652568817, -0.24171756207942963, -0.003118864493444562, 7000.0, 7000.0, 7000.0, 7000.0, 0.024496586993336678, -0.02837345190346241
14050, 0.24375732243061066, -0.22751206159591675, 0.024082520976662636, 0.26409777998924255, -0.2441917061805725, -0.0031238917727023363, 7000.0, 7000.0, 7000.0, 7000.0, 0.026583973318338394, -0.03259650245308876
14070, 0.24906669557094574, -0.23242200911045074, 0.024023698642849922, 0.2670479416847229, -0.2467191368341446, -0.002456915332004428, 7000.0, 7000.0, 7000.0, 7000.0, 0.026396792382001877, -0.036632683128118515
14090, 0.2533402442932129, -0.2363528609275818, 0.024828331544995308, 0.26882147789001465, -0.2479124218225479, 0.0023698469158262014, 7000.0, 7000.0, 7000.0, 7000.0, 0.02810230851173401, -0.039502840489149094
14110, 0.25874343514442444, -0.2413354218006134, 0.024878332391381264, 0.27165162563323975, -0.2502424120903015, 0.002930829068645835, 7000.0, 7000.0, 7000.0, 7000.0, 0.028742901980876923, -0.0404941700398922
14130, 0.26470234990119934, -0.24683618545532227, 0.02457020990550518, 0.2751188278198242, -0.2536426782608032, 0.0014879468362778425, 7000.0, 7000.0, 7000.0, 7000.0, 0.030335355550050735, -0.042367029935121536
14150, 0.2702338993549347, -0.2519384026527405, 0.024601882323622704, 0.2780054211616516, -0.25646477937698364, 0.001993022160604596, 7000.0, 7000.0, 7000.0, 7000.0, 0.03144565597176552, -0.041649144142866135
14170, 0.2767702341079712, -0.2579728662967682, 0.023978479206562042, 0.281989723443985, -0.26004329323768616, -0.0009994738502427936, 7000.0, 7000.0, 7000.0, 7000.0, 0.030646836385130882, -0.04110993817448616
14190, 0.28243523836135864, -0.263202428817749, 0.02396373078227043, 0.2846832275390625, -0.2627038359642029, -0.0002737145114224404, 7000.0, 7000.0, 7000.0, 7000.0, 0.03208450227975845, -0.04126576706767082
14210, 0.28879377245903015, -0.26906946301460266, 0.023554518818855286, 0.2883107364177704, -0.26575934886932373, -0.0024399401154369116, 7000.0, 7000.0, 7000.0, 7000.0, 0.03288085386157036, -0.035230979323387146
14230, 0.2945858836174011, -0.2744072675704956, 0.023507973179221153, 0.29091876745224, -0.2680060565471649, -0.0020655314438045025, 7000.0, 7000.0, 7000.0, 7000.0, 0.03284440189599991, -0.03160293400287628
14250, 0.3027719259262085, -0.2819460928440094, 0.022061048075556755, 0.295647531747818, -0.27243584394454956, -0.009130054153501987, 7000.0, 7000.0, 7000.0, 7000.0, 0.032605815678834915, -0.03206982836127281
14270, 0.308711975812912, -0.2874220609664917, 0.02188030444085598, 0.298407644033432, -0.27494755387306213, -0.008890105411410332, 7000.0, 7000.0, 7000.0, 7000.0, 0.03313491865992546, -0.04216174781322479
14290, 0.3130866587162018, -0.2914610505104065, 0.022573748603463173, 0.2995861768722534, -0.2759687304496765, -0.004114330280572176, 7000.0, 7000.0, 7000.0, 7000.0, 0.033174771815538406, -0.038819801062345505
14310, 0.31911006569862366, -0.2970084547996521, 0.02249678410589695, 0.3028053045272827, -0.2786056697368622, -0.0034707391168922186, 7000.0, 7000.0, 7000.0, 7000.0, 0.03357991948723793, -0.037927210330963135
14330, 0.32554665207862854, -0.3029336929321289, 0.022262131795287132, 0.30610191822052, -0.28198060393333435, -0.0037912805564701557, 7000.0, 7000.0, 7000.0, 7000.0, 0.03564686328172684, -0.037069834768772125
14350, 0.3317002058029175, -0.30860328674316406, 0.022189311683177948, 0.30926713347435, -0.2848668396472931, -0.0035079261288046837, 7000.0, 7000.0, 7000.0, 7000.0, 0.03743298351764679, -0.035994116216897964
14370, 0.33791640400886536, -0.3143247961997986, 0.02211919240653515, 0.31241586804389954, -0.2870819866657257, -0.0035173275973647833, 7000.0, 7000.0, 7000.0, 7000.0, 0.03620806708931923, -0.03698693588376045
14390, 0.34345948696136475, -0.31941595673561096, 0.022425338625907898, 0.3147594630718231, -0.2884332835674286, -0.0010675201192498207, 7000.0, 7000.0, 7000.0, 7000.0, 0.03783911466598511, -0.034944914281368256
14410, 0.34978291392326355, -0.3252175748348236, 0.02240893989801407, 0.3175993859767914, -0.2916371524333954, -0.0005706677329726517, 7000.0, 7000.0, 7000.0, 7000.0, 0.03909560665488243, -0.03798452392220497
14430, 0.3539649248123169, -0.3291037380695343, 0.023466598242521286, 0.31839337944984436, -0.29248952865600586, 0.004940648563206196, 7000.0, 7000.0, 7000.0, 7000.0, 0.03964363783597946, -0.03492725268006325
14450, 0.3603631854057312, -0.3349795937538147, 0.023567279800772667, 0.32121726870536804, -0.2949961721897125, 0.005087519995868206, 7000.0, 7000.0, 7000.0, 7000.0, 0.04032693803310394, -0.029306955635547638
14470, 0.36904671788215637, -0.34290292859077454, 0.022587256506085396, 0.32594823837280273, -0.2994181215763092, -0.0004250761412549764, 7000.0, 7000.0, 7000.0, 7000.0, 0.04013560339808464, -0.029950931668281555
14490, 0.37559255957603455, -0.34892338514328003, 0.022581573575735092, 0.3285611569881439, -0.302368700504303, -0.00016127817798405886, 7000.0, 7000.0, 7000.0, 7000.0, 0.03976268321275711, -0.03802839666604996
14510, 0.3826940059661865, -0.3554484248161316, 0.022350024431943893, 0.3318856656551361, -0.3053478002548218, -0.0010662308195605874, 7000.0, 7000.0, 7000.0, 7000.0, 0.04209412634372711, -0.03833453729748726
14530, 0.3893638849258423, -0.3615838885307312, 0.02233155071735382, 0.3349241614341736, -0.30812540650367737, -0.0007908234838396311, 7000.0, 7000.0, 7000.0, 7000.0, 0.042777352035045624, -0.03872485086321831
14550, 0.393718957901001, -0.36561933159828186, 0.02336294762790203, 0.33589106798171997, -0.30868959426879883, 0.004767777863889933, 7000.0, 7000.0, 7000.0, 7000.0, 0.04431211203336716, -0.03759993985295296
14570, 0.40046486258506775, -0.3718188405036926, 0.023462694138288498, 0.33851468563079834, -0.3112025260925293, 0.005150283686816692, 7000.0, 7000.0, 7000.0, 7000.0, 0.04317278414964676, -0.03499945253133774
14590, 0.4050687849521637, -0.3760721981525421, 0.024519164115190506, 0.33978331089019775, -0.31217673420906067, 0.010350660420954227, 7000.0, 7000.0, 7000.0, 7000.0, 0.04231258109211922, -0.03543351590633392
14610, 0.41189613938331604, -0.3823416531085968, 0.02472962997853756, 0.34283027052879333, -0.3145289123058319, 0.010697316378355026, 7000.0, 7000.0, 7000.0, 7000.0, 0.04080227017402649, -0.029717540368437767
14630, 0.41878384351730347, -0.38865533471107483, 0.02494756318628788, 0.3457433581352234, -0.31689080595970154, 0.011148848570883274, 7000.0, 7000.0, 7000.0, 7000.0, 0.04124806076288223, -0.030104024335741997
14650, 0.42985838651657104, -0.39875274896621704, 0.023098664358258247, 0.35214895009994507, -0.3226076662540436, 0.0011164202587679029, 7000.0, 7000.0, 7000.0, 7000.0, 0.041366368532180786, -0.04100411385297775
14670, 0.4369317889213562, -0.4052303433418274, 0.02312295325100422, 0.35508084297180176, -0.32507866621017456, 0.001214487012475729, 7000.0, 7000.0, 7000.0, 7000.0, 0.03870805352926254, -0.039399195462465286
14690, 0.4460032284259796, -0.4134899079799652, 0.02227521687746048, 0.3599632978439331, -0.32908371090888977, -0.003158817533403635, 7000.0, 7000.0, 7000.0, 7000.0, 0.03816607594490051, -0.038019344210624695
14710, 0.4532296061515808, -0.42009803652763367, 0.022212151437997818, 0.36246994137763977, -0.3316434323787689, -0.0033263976220041513, 7000.0, 7000.0, 7000.0, 7000.0, 0.03946157917380333, -0.037021998316049576
14730, 0.4576962888240814, -0.4242667555809021, 0.02327430620789528, 0.3626832365989685, -0.3319692015647888, 0.0018341183895245194, 7000.0, 7000.0, 7000.0, 7000.0, 0.041433416306972504, -0.041851337999105453
14750, 0.4649769067764282, -0.43093398213386536, 0.02331176958978176, 0.3652310371398926, -0.33464139699935913, 0.0018797394586727023, 7000.0, 7000.0, 7000.0, 7000.0, 0.0428306944668293, -0.03936299681663513
14770, 0.47371408343315125, -0.43889346718788147, 0.02280685119330883, 0.3690507709980011, -0.338017076253891, -0.0004723815945908427, 7000.0, 7000.0, 7000.0, 7000.0, 0.04311855882406235, -0.04200711101293564
14790, 0.4811266362667084, -0.4456797242164612, 0.02280271239578724, 0.3721277713775635, -0.34048858284950256, -9.333892376162112e-05, 7000.0, 7000.0, 7000.0, 7000.0, 0.045132827013731, -0.0439721904695034
14810, 0.4883944094181061, -0.45233333110809326, 0.022883590310811996, 0.37475207448005676, -0.3429235816001892, 0.0007231970084831119, 7000.0, 7000.0, 7000.0, 7000.0, 0.04430433735251427, -0.04383614659309387
14830, 0.49591749906539917, -0.45921510457992554, 0.022902337834239006, 0.37741613388061523, -0.34516143798828125, 0.0010388403898105025, 7000.0, 7000.0, 7000.0, 7000.0, 0.0473518893122673, -0.04589569568634033
14850, 0.49922603368759155, -0.46232569217681885, 0.02452084794640541, 0.37762072682380676, -0.34416884183883667, 0.00963114108890295, 7000.0, 7000.0, 7000.0, 7000.0, 0.04675036296248436, -0.04692680016160011
14870, 0.5068132877349854, -0.4692310690879822, 0.02472030185163021, 0.3807793855667114, -0.3464212715625763, 0.010342859663069248, 7000.0, 7000.0, 7000.0, 7000.0, 0.046602584421634674, -0.0373397059738636
14890, 0.5144584774971008, -0.4761810302734375, 0.024935411289334297, 0.38353726267814636, -0.3484417796134949, 0.011129000224173069, 7000.0, 7000.0, 7000.0, 7000.0, 0.046148113906383514, -0.03716317564249039
14910, 0.5241148471832275, -0.48487284779548645, 0.02431998960673809, 0.3875250220298767, -0.3522694408893585, 0.007310878951102495, 7000.0, 7000.0, 7000.0, 7000.0, 0.04571422189474106, -0.03632160276174545
14930, 0.5318893194198608, -0.4919423758983612, 0.024468718096613884, 0.3898387551307678, -0.3545316755771637, 0.007435265928506851, 7000.0, 7000.0, 7000.0, 7000.0, 0.04426955431699753, -0.0360182486474514
14950, 0.5430948734283447, -0.5019156336784363, 0.02316443994641304, 0.39539048075675964, -0.3590248227119446, 0.00047215199447236955, 7000.0, 7000.0, 7000.0, 7000.0, 0.046455804258584976, -0.04343942552804947
14970, 0.5510354042053223, -0.509123682975769, 0.023171158507466316, 0.39853179454803467, -0.361734002828598, 0.00018364502466283739, 7000.0, 7000.0, 7000.0, 7000.0, 0.0469295009970665, -0.04318014532327652
14990, 0.5581408739089966, -0.5156350135803223, 0.023517651483416557, 0.40047645568847656, -0.36371058225631714, 0.002265140414237976, 7000.0, 7000.0, 7000.0, 7000.0, 0.045903101563453674, -0.043213292956352234
15010, 0.5661792755126953, -0.5229336619377136, 0.023566022515296936, 0.40322116017341614, -0.36601975560188293, 0.0026577217504382133, 7000.0, 7000.0, 7000.0, 7000.0, 0.04644986242055893, -0.043928343802690506
15030, 0.5725307464599609, -0.5288065075874329, 0.02420199289917946, 0.4049144387245178, -0.3670002222061157, 0.005867503583431244, 7000.0, 7000.0, 7000.0, 7000.0, 0.046417511999607086, -0.04419702664017677
15050, 0.5806597471237183, -0.5361689329147339, 0.02431764267385006, 0.4078737497329712, -0.3691786527633667, 0.005780646577477455, 7000.0, 7000.0, 7000.0, 7000.0, 0.04460596293210983, -0.04489593580365181
15070, 0.5855817794799805, -0.540837824344635, 0.025481659919023514, 0.40881967544555664, -0.369625449180603, 0.011545070447027683, 7000.0, 7000.0, 7000.0, 7000.0, 0.043227244168519974, -0.045414362102746964
15090, 0.5937831997871399, -0.5482536554336548, 0.025708992034196854, 0.41124042868614197, -0.37188011407852173, 0.01139136590063572, 7000.0, 7000.0, 7000.0, 7000.0, 0.04312619939446449, -0.03868643566966057
15110, 0.6030079126358032, -0.5565244555473328, 0.025619298219680786, 0.41495266556739807, -0.3750678598880768, 0.010409418493509293, 7000.0, 7000.0, 7000.0, 7000.0, 0.04285711795091629, -0.03779924660921097
15130, 0.6117510795593262, -0.564428985118866, 0.025844115763902664, 0.4175134301185608, -0.3777032196521759, 0.011072087101638317, 7000.0, 7000.0, 7000.0, 7000.0, 0.0453261137008667, -0.03538207709789276
15150, 0.6283254623413086, -0.578824520111084, 0.02336316742002964, 0.4256412982940674, -0.38500353693962097, -0.0029941140674054623, 7000.0, 7000.0, 7000.0, 7000.0, 0.04527929797768593, -0.03831403702497482
15170, 0.6368703246116638, -0.5865454077720642, 0.02330251969397068, 0.42887818813323975, -0.3872561752796173, -0.0027851315680891275, 7000.0, 7000.0, 7000.0, 7000.0, 0.04552670195698738, -0.052984077483415604
15190, 0.6454790830612183, -0.5943167805671692, 0.02324858494102955, 0.4318186938762665, -0.38999098539352417, -0.0026849592104554176, 7000.0, 7000.0, 7000.0, 7000.0, 0.04776245728135109, -0.05180324241518974
15210, 0.6481530666351318, -0.5970919132232666, 0.024838894605636597, 0.43004870414733887, -0.3889344036579132, 0.005736227612942457, 7000.0, 7000.0, 7000.0, 7000.0, 0.048526179045438766, -0.03864520415663719
15230, 0.656781792640686, -0.6048902869224548, 0.024956922978162766, 0.4328177869319916, -0.39111194014549255, 0.006156035233289003, 7000.0, 7000.0, 7000.0, 7000.0, 0.049406200647354126, -0.03968898579478264
15250, 0.6668996214866638, -0.6139600872993469, 0.024670526385307312, 0.43647143244743347, -0.39438581466674805, 0.004233012441545725, 7000.0, 7000.0, 7000.0, 7000.0, 0.049935244023799896, -0.03957889601588249
15270, 0.675653874874115, -0.6218742728233337, 0.024760659784078598, 0.43916237354278564, -0.39712217450141907, 0.004730346146970987, 7000.0, 7000.0, 7000.0, 7000.0, 0.049778491258621216, -0.03993083909153938
15290, 0.6855700016021729, -0.630789577960968, 0.02453603781759739, 0.4430045485496521, -0.40012967586517334, 0.0035506945569068193, 7000.0, 7000.0, 7000.0, 7000.0, 0.04858539626002312, -0.037461381405591965
15310, 0.6944612264633179, -0.638813853263855, 0.02460823394358158, 0.4461776316165924, -0.4024271070957184, 0.0036614101845771074, 7000.0, 7000.0, 7000.0, 7000.0, 0.04918459802865982, -0.03666882961988449
15330, 0.708940327167511, -0.6517114043235779, 0.023115865886211395, 0.4533481001853943, -0.4080122113227844, -0.004552674479782581, 7000.0, 7000.0, 7000.0, 7000.0, 0.04887951910495758, -0.03572944551706314
15350, 0.7180328965187073, -0.6598960757255554, 0.023029906675219536, 0.4558910131454468, -0.41056209802627563, -0.004060833249241114, 7000.0, 7000.0, 7000.0, 7000.0, 0.04771312326192856, -0.042805928736925125
15370, 0.7271605730056763, -0.6681132316589355, 0.02295738086104393, 0.4586017429828644, -0.412812739610672, -0.0035418225452303886, 7000.0, 7000.0, 7000.0, 7000.0, 0.04793471097946167, -0.03945722058415413
15390, 0.7363643646240234, -0.6763954758644104, 0.02289360947906971, 0.4617564082145691, -0.4154711663722992, -0.0028924199286848307, 7000.0, 7000.0, 7000.0, 7000.0, 0.04961933568120003, -0.04148930683732033
15410, 0.7471643090248108, -0.6860610246658325, 0.022486736997961998, 0.46583494544029236, -0.418802946805954, -0.0048552644439041615, 7000.0, 7000.0, 7000.0, 7000.0, 0.05184464529156685, -0.04025838524103165
15430, 0.7565078139305115, -0.6944600939750671, 0.022389622405171394, 0.46860766410827637, -0.4213469326496124, -0.0049975295551121235, 7000.0, 7000.0, 7000.0, 7000.0, 0.05202408507466316, -0.03986306115984917
15450, 0.7644869089126587, -0.7016780376434326, 0.02257498912513256, 0.4706228971481323, -0.42290806770324707, -0.003650385420769453, 7000.0, 7000.0, 7000.0, 7000.0, 0.051709748804569244, -0.04093766212463379
15470, 0.7739264369010925, -0.710159420967102, 0.022503569722175598, 0.4734952449798584, -0.42550814151763916, -0.003689379198476672, 7000.0, 7000.0, 7000.0, 7000.0, 0.05145866051316261, -0.038435548543930054
15490, 0.78342604637146, -0.7186917066574097, 0.022431911900639534, 0.4767291843891144, -0.4279620945453644, -0.003519766964018345, 7000.0, 7000.0, 7000.0, 7000.0, 0.051814641803503036, -0.03894662857055664
15510, 0.795829713344574, -0.7297319769859314, 0.021749230101704597, 0.48147714138031006, -0.43188950419425964, -0.006347821559756994, 7000.0, 7000.0, 7000.0, 7000.0, 0.05251964181661606, -0.04015914723277092
15530, 0.8054843544960022, -0.7383949160575867, 0.021624615415930748, 0.48412948846817017, -0.4344937205314636, -0.006271610967814922, 7000.0, 7000.0, 7000.0, 7000.0, 0.052492108196020126, -0.04176269471645355
15550, 0.8124240636825562, -0.7447072863578796, 0.022080227732658386, 0.48569822311401367, -0.43487733602523804, -0.003203957574442029, 7000.0, 7000.0, 7000.0, 7000.0, 0.0535360686480999, -0.041711583733558655
15570, 0.8221674561500549, -0.7534271478652954, 0.0220236387103796, 0.4887574017047882, -0.4373500645160675, -0.0026640307623893023, 7000.0, 7000.0, 7000.0, 7000.0, 0.0538150928914547, -0.04164867103099823
15590, 0.8280106782913208, -0.7588108777999878, 0.02280024252831936, 0.4887253940105438, -0.4377848505973816, 0.0020936287473887205, 7000.0, 7000.0, 7000.0, 7000.0, 0.05323007330298424, -0.04233614727854729
15610, 0.8378092646598816, -0.7675895094871521, 0.022847890853881836, 0.4912682771682739, -0.4401762783527374, 0.0024912392254918814, 7000.0, 7000.0, 7000.0, 7000.0, 0.05167095735669136, -0.03658289834856987
15630, 0.8455123901367188, -0.774583637714386, 0.023367905989289284, 0.49314233660697937, -0.44159308075904846, 0.004399722907692194, 7000.0, 7000.0, 7000.0, 7000.0, 0.05027016997337341, -0.03849582001566887
15650, 0.8554016351699829, -0.7834429144859314, 0.02345358207821846, 0.49594831466674805, -0.44447746872901917, 0.003986662719398737, 7000.0, 7000.0, 7000.0, 7000.0, 0.05113319680094719, -0.03989451378583908
15670, 0.86448073387146, -0.7916116118431091, 0.023735525086522102, 0.49895915389060974, -0.44677966833114624, 0.0047399727627635, 7000.0, 7000.0, 7000.0, 7000.0, 0.052146390080451965, -0.043471772223711014
15690, 0.8744902014732361, -0.8005733489990234, 0.023834429681301117, 0.502117395401001, -0.44948610663414, 0.0048459372483193874, 7000.0, 7000.0, 7000.0, 7000.0, 0.05123712867498398, -0.045237377285957336
15710, 0.8860176205635071, -0.8108423948287964, 0.023588726297020912, 0.5060506463050842, -0.45279309153556824, 0.003466787515208125, 7000.0, 7000.0, 7000.0, 7000.0, 0.05258914828300476, -0.04162820428609848
15730, 0.8961667418479919, -0.8199199438095093, 0.023662785068154335, 0.5089808702468872, -0.45515304803848267, 0.0037528325337916613, 7000.0, 7000.0, 7000.0, 7000.0, 0.05161359906196594, -0.041741982102394104
15750, 0.9063772559165955, -0.8290448784828186, 0.023743417114019394, 0.5120660662651062, -0.4575299322605133, 0.0040085832588374615, 7000.0, 7000.0, 7000.0, 7000.0, 0.05270692706108093, -0.044493917375802994
15770, 0.9215819835662842, -0.8424807786941528, 0.02262597717344761, 0.5178390145301819, -0.462581604719162, -0.0017879292136058211, 7000.0, 7000.0, 7000.0, 7000.0, 0.05141187459230423, -0.052128866314888
15790, 0.9319648146629333, -0.8517600297927856, 0.022594748064875603, 0.520591676235199, -0.46549737453460693, -0.001619261340238154, 7000.0, 7000.0, 7000.0, 7000.0, 0.051570821553468704, -0.05403786897659302
15810, 0.9375653862953186, -0.8569163680076599, 0.023581132292747498, 0.5207202434539795, -0.46544474363327026, 0.0035260887816548347, 7000.0, 7000.0, 7000.0, 7000.0, 0.05218309164047241, -0.04732577130198479
15830, 0.94800865650177, -0.8662488460540771, 0.023653531447052956, 0.5237164497375488, -0.46795853972435, 0.0032943307887762785, 7000.0, 7000.0, 7000.0, 7000.0, 0.05078013241291046, -0.046801161020994186
15850, 0.9558338522911072, -0.873301088809967, 0.02426941692829132, 0.5249155163764954, -0.46915203332901, 0.0053476677276194096, 7000.0, 7000.0, 7000.0, 7000.0, 0.05107767879962921, -0.04637565091252327
15870, 0.9663591980934143, -0.8827095627784729, 0.02438422664999962, 0.5276070833206177, -0.4717569947242737, 0.005858512129634619, 7000.0, 7000.0, 7000.0, 7000.0, 0.052596017718315125, -0.04369847849011421
15890, 0.975726842880249, -0.8911060094833374, 0.02475382387638092, 0.5293428301811218, -0.473442405462265, 0.007120793219655752, 7000.0, 7000.0, 7000.0, 7000.0, 0.0520833395421505, -0.04756345599889755
15910, 0.9863440990447998, -0.9005964994430542, 0.02490384876728058, 0.5325761437416077, -0.4758927524089813, 0.007568372879177332, 7000.0, 7000.0, 7000.0, 7000.0, 0.05611975118517876, -0.04851536452770233
15930, 1.0031487941741943, -0.9155926704406738, 0.023837514221668243, 0.5391982793807983, -0.48183679580688477, 0.0018149563111364841, 7000.0, 7000.0, 7000.0, 7000.0, 0.058663543313741684, -0.04863404110074043
15950, 1.0139636993408203, -0.9252519607543945, 0.023876460269093513, 0.5423371195793152, -0.48426878452301025, 0.0019267980242148042, 7000.0, 7000.0, 7000.0, 7000.0, 0.057767074555158615, -0.05641661211848259
15970, 1.0269049406051636, -0.936800479888916, 0.02356353960931301, 0.547059178352356, -0.4878741502761841, 0.00035486434353515506, 7000.0, 7000.0, 7000.0, 7000.0, 0.05909015238285065, -0.05854211375117302
15990, 1.0378797054290771, -0.9465839266777039, 0.023573653772473335, 0.5504222512245178, -0.4906957745552063, 0.00025901597109623253, 7000.0, 7000.0, 7000.0, 7000.0, 0.05974744260311127, -0.06042645871639252
16010, 1.0503904819488525, -0.9577295184135437, 0.02335626818239689, 0.5543840527534485, -0.49423715472221375, -0.0007293432718142867, 7000.0, 7000.0, 7000.0, 7000.0, 0.0622059591114521, -0.059869419783353806
16030, 1.0615105628967285, -0.967634916305542, 0.02334071323275566, 0.5574794411659241, -0.4964268207550049, -0.0008955183438956738, 7000.0, 7000.0, 7000.0, 7000.0, 0.06142198666930199, -0.058426614850759506
16050, 1.0726882219314575, -0.9775866270065308, 0.023329496383666992, 0.5603367686271667, -0.499041885137558, -0.00042027400922961533, 7000.0, 7000.0, 7000.0, 7000.0, 0.06076354160904884, -0.058699630200862885
16070, 1.0759104490280151, -0.9805573225021362, 0.024485725909471512, 0.558631181716919, -0.4975796341896057, 0.00534074055030942, 7000.0, 7000.0, 7000.0, 7000.0, 0.0614493153989315, -0.05024319514632225
16090, 1.0871151685714722, -0.9905321598052979, 0.024591771885752678, 0.5617892146110535, -0.4999643564224243, 0.005130731966346502, 7000.0, 7000.0, 7000.0, 7000.0, 0.06379937380552292, -0.0532948337495327
16110, 1.0972912311553955, -0.9996011853218079, 0.024867327883839607, 0.5643186569213867, -0.5018393993377686, 0.0061125545762479305, 7000.0, 7000.0, 7000.0, 7000.0, 0.06234009936451912, -0.051511816680431366
16130, 1.1086052656173706, -1.0096615552902222, 0.02498999424278736, 0.5670856237411499, -0.504400372505188, 0.006093247327953577, 7000.0, 7000.0, 7000.0, 7000.0, 0.0625513568520546, -0.04865582287311554
16150, 1.1224135160446167, -1.0218837261199951, 0.02471099980175495, 0.5711134076118469, -0.5076680183410645, 0.004641902633011341, 7000.0, 7000.0, 7000.0, 7000.0, 0.060759104788303375, -0.05245181918144226
16170, 1.1338695287704468, -1.0320590734481812, 0.02480522356927395, 0.5744796395301819, -0.5099744200706482, 0.004780468065291643, 7000.0, 7000.0, 7000.0, 7000.0, 0.06101617589592934, -0.05331708490848541
16190, 1.1475512981414795, -1.044137954711914, 0.02454911358654499, 0.5785126686096191, -0.5137667655944824, 0.003085376927629113, 7000.0, 7000.0, 7000.0, 7000.0, 0.0613650381565094, -0.05627806857228279
16210, 1.1591479778289795, -1.0544371604919434, 0.02461777813732624, 0.5812335014343262, -0.5162044763565063, 0.0038094480987638235, 7000.0, 7000.0, 7000.0, 7000.0, 0.06209109351038933, -0.056215595453977585
16230, 1.1699401140213013, -1.0640528202056885, 0.024831583723425865, 0.5836723446846008, -0.5182057619094849, 0.004603407811373472, 7000.0, 7000.0, 7000.0, 7000.0, 0.06211264431476593, -0.05938230827450752
16250, 1.181640386581421, -1.0744415521621704, 0.024919981136918068, 0.5864089727401733, -0.5208115577697754, 0.004480915609747171, 7000.0, 7000.0, 7000.0, 7000.0, 0.06305337697267532, -0.05953584611415863
16270, 1.198300838470459, -1.0890765190124512, 0.024245960637927055, 0.5919100046157837, -0.5255209803581238, 0.0009777747327461839, 7000.0, 7000.0, 7000.0, 7000.0, 0.06385143101215363, -0.06096576526761055
16290, 1.210170865058899, -1.099611520767212, 0.024269375950098038, 0.5951428413391113, -0.5279046297073364, 0.0015078542055562139, 7000.0, 7000.0, 7000.0, 7000.0, 0.06598814576864243, -0.06070801243185997
16310, 1.222097635269165, -1.1101900339126587, 0.024302814155817032, 0.5978289842605591, -0.5300256013870239, 0.001989073818549514, 7000.0, 7000.0, 7000.0, 7000.0, 0.06516963988542557, -0.060782402753829956
16330, 1.2292768955230713, -1.1166759729385376, 0.02507682703435421, 0.598240315914154, -0.5300469994544983, 0.005405537784099579, 7000.0, 7000.0, 7000.0, 7000.0, 0.0631023570895195, -0.06357347965240479
16350, 1.2412762641906738, -1.1272993087768555, 0.02518671751022339, 0.6018169522285461, -0.5322687029838562, 0.005642232950776815, 7000.0, 7000.0, 7000.0, 7000.0, 0.06426504999399185, -0.06309781223535538
16370, 1.262117624282837, -1.1454815864562988, 0.023960497230291367, 0.6094796657562256, -0.538745105266571, -0.0008688953821547329, 7000.0, 7000.0, 7000.0, 7000.0, 0.06330184638500214, -0.07574295997619629
16390, 1.2743324041366577, -1.156282663345337, 0.02394726127386093, 0.612126350402832, -0.5413230061531067, -0.00026843309751711786, 7000.0, 7000.0, 7000.0, 7000.0, 0.061972491443157196, -0.07621996849775314
16410, 1.283215880393982, -1.164275050163269, 0.02437317930161953, 0.613227903842926, -0.5423488616943359, 0.001937823835760355, 7000.0, 7000.0, 7000.0, 7000.0, 0.06222943589091301, -0.07274765521287918
16430, 1.2955148220062256, -1.1751461029052734, 0.024412358179688454, 0.6167948842048645, -0.5446953177452087, 0.0021541379392147064, 7000.0, 7000.0, 7000.0, 7000.0, 0.06240673363208771, -0.07104412466287613
16450, 1.3057959079742432, -1.1843055486679077, 0.024686643853783607, 0.618841290473938, -0.5463137626647949, 0.003251986112445593, 7000.0, 7000.0, 7000.0, 7000.0, 0.06068814918398857, -0.07218778133392334
16470, 1.3181945085525513, -1.195257544517517, 0.024749401956796646, 0.621161937713623, -0.5488575100898743, 0.0033026242163032293, 7000.0, 7000.0, 7000.0, 7000.0, 0.06243797764182091, -0.07100973278284073
16490, 1.326215147972107, -1.2025309801101685, 0.025297796353697777, 0.6222982406616211, -0.5499523878097534, 0.005624410230666399, 7000.0, 7000.0, 7000.0, 7000.0, 0.06292885541915894, -0.07668540626764297
16510, 1.3386955261230469, -1.2135610580444336, 0.025406930595636368, 0.6258501410484314, -0.5527992248535156, 0.005464781075716019, 7000.0, 7000.0, 7000.0, 7000.0, 0.06336033344268799, -0.07833728194236755
16530, 1.3458120822906494, -1.2200316190719604, 0.026112955063581467, 0.6263570189476013, -0.5530639886856079, 0.008258676156401634, 7000.0, 7000.0, 7000.0, 7000.0, 0.06468343734741211, -0.07357437163591385
16550, 1.358368992805481, -1.2311173677444458, 0.02627856284379959, 0.6294217109680176, -0.5553967356681824, 0.008574847131967545, 7000.0, 7000.0, 7000.0, 7000.0, 0.06474736332893372, -0.0716361254453659
16570, 1.3838732242584229, -1.2532627582550049, 0.025091800838708878, 0.638573408126831, -0.5631735324859619, 0.0011067378800362349, 7000.0, 7000.0, 7000.0, 7000.0, 0.06601656228303909, -0.07034841924905777
16590, 1.3966777324676514, -1.2645502090454102, 0.02511351928114891, 0.6418942213058472, -0.5655969381332397, 0.001183837535791099, 7000.0, 7000.0, 7000.0, 7000.0, 0.06616351008415222, -0.08114511519670486
16610, 1.4095462560653687, -1.2758904695510864, 0.025140430778265, 0.6451115608215332, -0.5683652758598328, 0.0015654865419492126, 7000.0, 7000.0, 7000.0, 7000.0, 0.06763137131929398, -0.08204669505357742
16630, 1.4310362339019775, -1.2945704460144043, 0.024258581921458244, 0.6524742841720581, -0.5743514895439148, -0.003457901533693075, 7000.0, 7000.0, 7000.0, 7000.0, 0.06835314631462097, -0.09003543853759766
16650, 1.4441156387329102, -1.3060824871063232, 0.0241915974766016, 0.6557167768478394, -0.5768512487411499, -0.0032403478398919106, 7000.0, 7000.0, 7000.0, 7000.0, 0.07091514766216278, -0.09229587763547897
16670, 1.4469109773635864, -1.3086529970169067, 0.024481801316142082, 0.6554011702537537, -0.5766869187355042, -0.0014781025238335133, 7000.0, 7000.0, 7000.0, 7000.0, 0.07146183401346207, -0.09455984085798264
16690, 1.4600510597229004, -1.3202126026153564, 0.024453334510326385, 0.6586179137229919, -0.5792864561080933, -0.0014079154934734106, 7000.0, 7000.0, 7000.0, 7000.0, 0.07043938338756561, -0.09604185074567795
16710, 1.4754133224487305, -1.333649754524231, 0.024250924587249756, 0.6628530621528625, -0.5825706720352173, -0.0021750163286924362, 7000.0, 7000.0, 7000.0, 7000.0, 0.07130400091409683, -0.09407684952020645
16730, 1.4887021780014038, -1.3453247547149658, 0.024210182949900627, 0.6658257246017456, -0.5850903391838074, -0.0020124728325754404, 7000.0, 7000.0, 7000.0, 7000.0, 0.07074330747127533, -0.09375203400850296
16750, 1.487272024154663, -1.3445762395858765, 0.02532336674630642, 0.6614996790885925, -0.582122802734375, 0.00459802383556962, 7000.0, 7000.0, 7000.0, 7000.0, 0.07225054502487183, -0.09306929260492325
16770, 1.500534176826477, -1.356239914894104, 0.025419149547815323, 0.6645408868789673, -0.5843729972839355, 0.004803003743290901, 7000.0, 7000.0, 7000.0, 7000.0, 0.07321938872337341, -0.07869014889001846
16790, 1.5200750827789307, -1.3732296228408813, 0.024917390197515488, 0.670505940914154, -0.5891078114509583, 0.0014963011490181088, 7000.0, 7000.0, 7000.0, 7000.0, 0.07236669957637787, -0.07827125489711761
16810, 1.5335198640823364, -1.3850356340408325, 0.024950925260782242, 0.6739466190338135, -0.5917243957519531, 0.0018376930383965373, 7000.0, 7000.0, 7000.0, 7000.0, 0.07288377732038498, -0.07977292686700821
16830, 1.55406653881073, -1.4028592109680176, 0.024223191663622856, 0.6808250546455383, -0.5975456237792969, -0.0024815434589982033, 7000.0, 7000.0, 7000.0, 7000.0, 0.07351404428482056, -0.0788441151380539
16850, 1.567713975906372, -1.4148309230804443, 0.024172045290470123, 0.6838148236274719, -0.5999428629875183, -0.0025892388075590134, 7000.0, 7000.0, 7000.0, 7000.0, 0.07504812628030777, -0.08592317998409271
16870, 1.5814189910888672, -1.4268543720245361, 0.024121252819895744, 0.6867244839668274, -0.6025500893592834, -0.0024272373411804438, 7000.0, 7000.0, 7000.0, 7000.0, 0.07619109749794006, -0.08862686157226562
16890, 1.5878320932388306, -1.4326871633529663, 0.02488921768963337, 0.686759889125824, -0.6023963093757629, 0.0019708850886672735, 7000.0, 7000.0, 7000.0, 7000.0, 0.07909422367811203, -0.08315660059452057
16910, 1.6015936136245728, -1.4447566270828247, 0.02493453398346901, 0.6893818378448486, -0.6047779321670532, 0.0025040768086910248, 7000.0, 7000.0, 7000.0, 7000.0, 0.08116660267114639, -0.08335656672716141
16930, 1.6220182180404663, -1.4625095129013062, 0.024177931249141693, 0.6950837969779968, -0.6101269721984863, -0.0019454114371910691, 7000.0, 7000.0, 7000.0, 7000.0, 0.08144529908895493, -0.08570946753025055
16950, 1.6359528303146362, -1.4747352600097656, 0.024139661341905594, 0.6984246969223022, -0.6126815676689148, -0.0018494173418730497, 7000.0, 7000.0, 7000.0, 7000.0, 0.08273027092218399, -0.09011528640985489
16970, 1.657366156578064, -1.4934167861938477, 0.02325265482068062, 0.705030083656311, -0.6181058883666992, -0.006421392783522606, 7000.0, 7000.0, 7000.0, 7000.0, 0.08286696672439575, -0.09199289977550507
16990, 1.671500563621521, -1.5058001279830933, 0.02312462404370308, 0.7084780335426331, -0.6205654740333557, -0.006380938924849033, 7000.0, 7000.0, 7000.0, 7000.0, 0.08460219949483871, -0.10062127560377121
17010, 1.681854248046875, -1.5149036645889282, 0.02336498349905014, 0.7098672986030579, -0.6216398477554321, -0.004638390615582466, 7000.0, 7000.0, 7000.0, 7000.0, 0.08610445261001587, -0.10059715807437897
17030, 1.6960831880569458, -1.5273609161376953, 0.023278094828128815, 0.7129971981048584, -0.6243568062782288, -0.004155467730015516, 7000.0, 7000.0, 7000.0, 7000.0, 0.08447917550802231, -0.09913168102502823
17050, 1.7113173007965088, -1.540688157081604, 0.02312144637107849, 0.7163249850273132, -0.6271859407424927, -0.0039467536844313145, 7000.0, 7000.0, 7000.0, 7000.0, 0.0831526517868042, -0.10170507431030273
17070, 1.725677251815796, -1.5532549619674683, 0.023045921698212624, 0.7198512554168701, -0.6297537684440613, -0.0036722063086926937, 7000.0, 7000.0, 7000.0, 7000.0, 0.08270920068025589, -0.09805802255868912
17090, 1.74470055103302, -1.5698350667953491, 0.02260088361799717, 0.7254334688186646, -0.6342548131942749, -0.0052469465881586075, 7000.0, 7000.0, 7000.0, 7000.0, 0.0831354409456253, -0.09816592186689377
17110, 1.7592419385910034, -1.582546591758728, 0.022500045597553253, 0.7287154793739319, -0.6371557712554932, -0.004819605499505997, 7000.0, 7000.0, 7000.0, 7000.0, 0.08417101949453354, -0.09928393363952637
17130, 1.7612018585205078, -1.584432601928711, 0.023376546800136566, 0.7261511087417603, -0.6350423693656921, 0.0003762123524211347, 7000.0, 7000.0, 7000.0, 7000.0, 0.08293823897838593, -0.10181651264429092
17150, 1.7757595777511597, -1.597159504890442, 0.023382194340229034, 0.729692816734314, -0.6378267407417297, 0.0002572379889898002, 7000.0, 7000.0, 7000.0, 7000.0, 0.08155550062656403, -0.09412947297096252
17170, 1.7903828620910645, -1.609937071800232, 0.023390334099531174, 0.7326269745826721, -0.6400453448295593, 0.0005647518555633724, 7000.0, 7000.0, 7000.0, 7000.0, 0.08088906854391098, -0.09037330001592636
17190, 1.8111852407455444, -1.6280330419540405, 0.02282084710896015, 0.738153874874115, -0.6448302268981934, -0.00220444961450994, 7000.0, 7000.0, 7000.0, 7000.0, 0.08208329975605011, -0.08917158842086792
17210, 1.8259779214859009, -1.6409530639648438, 0.02277926541864872, 0.7412921786308289, -0.6473987102508545, -0.001882340875454247, 7000.0, 7000.0, 7000.0, 7000.0, 0.08006689697504044, -0.08812028914690018
17230, 1.8398818969726562, -1.6531040668487549, 0.0228444691747427, 0.7442513108253479, -0.6495943069458008, -0.0006831539212726057, 7000.0, 7000.0, 7000.0, 7000.0, 0.07966697216033936, -0.08467104285955429
17250, 1.8547970056533813, -1.666121006011963, 0.022833527997136116, 0.7473321557044983, -0.6522228717803955, -0.0004362315812613815, 7000.0, 7000.0, 7000.0, 7000.0, 0.0795280709862709, -0.0812324807047844
17270, 1.869113564491272, -1.6786240339279175, 0.02289229817688465, 0.7500101327896118, -0.6545194983482361, -2.6545671062194742e-05, 7000.0, 7000.0, 7000.0, 7000.0, 0.08123421669006348, -0.07941689342260361
17290, 1.8841413259506226, -1.691737413406372, 0.022896328940987587, 0.7529181241989136, -0.6568865180015564, 0.0002824751427397132, 7000.0, 7000.0, 7000.0, 7000.0, 0.082455113530159, -0.08103600144386292
17310, 1.894813895225525, -1.7011035680770874, 0.02333250269293785, 0.7543891668319702, -0.6577310562133789, 0.0023767142556607723, 7000.0, 7000.0, 7000.0, 7000.0, 0.08200003206729889, -0.08110494166612625
17330, 1.9099303483963013, -1.714282512664795, 0.023374877870082855, 0.7572896480560303, -0.6602322459220886, 0.001991725293919444, 7000.0, 7000.0, 7000.0, 7000.0, 0.0847848579287529, -0.08183993399143219
17350, 1.911386489868164, -1.7157492637634277, 0.024774083867669106, 0.7544049620628357, -0.6579678058624268, 0.009690465405583382, 7000.0, 7000.0, 7000.0, 7000.0, 0.0854901596903801, -0.08310895413160324
17370, 1.9265069961547852, -1.7289321422576904, 0.024965869262814522, 0.7577989101409912, -0.6602594256401062, 0.009570409543812275, 7000.0, 7000.0, 7000.0, 7000.0, 0.08504229038953781, -0.0718492791056633
17390, 1.9478912353515625, -1.7474799156188965, 0.02435985393822193, 0.7633231282234192, -0.6646395921707153, 0.005747555289417505, 7000.0, 7000.0, 7000.0, 7000.0, 0.08625273406505585, -0.06800253689289093
17410, 1.9631880521774292, -1.7607946395874023, 0.02447562664747238, 0.7663968801498413, -0.6669711470603943, 0.005883533041924238, 7000.0, 7000.0, 7000.0, 7000.0, 0.08700146526098251, -0.06706412881612778
17430, 1.9785420894622803, -1.774160385131836, 0.024597685784101486, 0.7691236138343811, -0.6696441173553467, 0.006236462388187647, 7000.0, 7000.0, 7000.0, 7000.0, 0.08793526142835617, -0.06926176697015762
17450, 2.009331464767456, -1.8005975484848022, 0.022383294999599457, 0.7789014577865601, -0.6778658628463745, -0.00567407812923193, 7000.0, 7000.0, 7000.0, 7000.0, 0.08904368430376053, -0.08368803560733795
17470, 2.0249392986297607, -1.8141759634017944, 0.022267570719122887, 0.781883180141449, -0.680012583732605, -0.005816637072712183, 7000.0, 7000.0, 7000.0, 7000.0, 0.08612318336963654, -0.08743692934513092
17490, 2.0337107181549072, -1.8219534158706665, 0.02286718040704727, 0.7820183634757996, -0.6796241998672485, -0.002102280268445611, 7000.0, 7000.0, 7000.0, 7000.0, 0.0868404433131218, -0.08562294393777847
17510, 2.0493826866149902, -1.835570216178894, 0.02282499149441719, 0.7851095199584961, -0.6820455193519592, -0.002125892788171768, 7000.0, 7000.0, 7000.0, 7000.0, 0.08661031723022461, -0.08755970746278763
17530, 2.0687520503997803, -1.85228431224823, 0.02246825024485588, 0.7892745137214661, -0.6853100657463074, -0.0038230279460549355, 7000.0, 7000.0, 7000.0, 7000.0, 0.08650583028793335, -0.08766653388738632
17550, 2.084566831588745, -1.8660141229629517, 0.022394200786948204, 0.7923388481140137, -0.6878358721733093, -0.003631747094914317, 7000.0, 7000.0, 7000.0, 7000.0, 0.08710607141256332, -0.0889582559466362
17570, 2.0802457332611084, -1.862978458404541, 0.02376304753124714, 0.787102460861206, -0.6840801239013672, 0.00395152298733592, 7000.0, 7000.0, 7000.0, 7000.0, 0.08706928789615631, -0.08722461014986038
17590, 2.0960121154785156, -1.8766837120056152, 0.023845592513680458, 0.789527952671051, -0.6864510774612427, 0.004282069858163595, 7000.0, 7000.0, 7000.0, 7000.0, 0.08697637170553207, -0.07301200926303864
17610, 2.1031041145324707, -1.8830560445785522, 0.024719923734664917, 0.7885938882827759, -0.6856804490089417, 0.009144855663180351, 7000.0, 7000.0, 7000.0, 7000.0, 0.0883144736289978, -0.07448654621839523
17630, 2.1189088821411133, -1.8967957496643066, 0.024903468787670135, 0.7918708324432373, -0.688331663608551, 0.009100854396820068, 7000.0, 7000.0, 7000.0, 7000.0, 0.08913945406675339, -0.06684877723455429
17650, 2.146501302719116, -1.9207803010940552, 0.023571694269776344, 0.7998659014701843, -0.695300817489624, 0.0007083482341840863, 7000.0, 7000.0, 7000.0, 7000.0, 0.09174873679876328, -0.07166650891304016
17670, 2.162529468536377, -1.9347113370895386, 0.023584015667438507, 0.8028485774993896, -0.6977885365486145, 0.0005776571924798191, 7000.0, 7000.0, 7000.0, 7000.0, 0.09085957705974579, -0.08304713666439056
17690, 2.1786162853240967, -1.94868803024292, 0.02359970100224018, 0.8058422207832336, -0.6999456286430359, 0.0006612858269363642, 7000.0, 7000.0, 7000.0, 7000.0, 0.08888813108205795, -0.07655618339776993
17710, 2.1968464851379395, -1.9645638465881348, 0.023362591862678528, 0.8100012540817261, -0.7029646039009094, -0.0005932291969656944, 7000.0, 7000.0, 7000.0, 7000.0, 0.09071886539459229, -0.07717442512512207
17730, 2.213083028793335, -1.9786436557769775, 0.02335379645228386, 0.8134539723396301, -0.7050657272338867, -0.0004418767348397523, 7000.0, 7000.0, 7000.0, 7000.0, 0.08955543488264084, -0.07792104780673981
17750, 2.2231740951538086, -1.987302541732788, 0.024009553715586662, 0.8139367699623108, -0.7049432396888733, 0.0033123050816357136, 7000.0, 7000.0, 7000.0, 7000.0, 0.09107479453086853, -0.07831739634275436
17770, 2.2394795417785645, -2.0014243125915527, 0.02408093959093094, 0.8166162371635437, -0.7073761820793152, 0.00368996849283576, 7000.0, 7000.0, 7000.0, 7000.0, 0.0901261568069458, -0.07493157684803009
17790, 2.256542682647705, -2.0162572860717773, 0.02497020922601223, 0.8187959790229797, -0.7083863019943237, 0.008010756224393845, 7000.0, 7000.0, 7000.0, 7000.0, 0.08891318738460541, -0.07279270142316818
17810, 2.2729527950286865, -2.030449628829956, 0.025131123140454292, 0.8222763538360596, -0.7107961773872375, 0.008259122259914875, 7000.0, 7000.0, 7000.0, 7000.0, 0.08858159184455872, -0.06738823652267456
17830, 2.2859997749328613, -2.041842222213745, 0.025619152933359146, 0.8241294622421265, -0.7122640013694763, 0.009943542070686817, 7000.0, 7000.0, 7000.0, 7000.0, 0.08735689520835876, -0.06594981253147125
17850, 2.3025145530700684, -2.056114912033081, 0.0258188433945179, 0.8271672129631042, -0.7148492932319641, 0.010243206284940243, 7000.0, 7000.0, 7000.0, 7000.0, 0.08753404766321182, -0.06879572570323944
17870, 2.3274354934692383, -2.0772628784179688, 0.02525840885937214, 0.8332659602165222, -0.720165491104126, 0.006653051357716322, 7000.0, 7000.0, 7000.0, 7000.0, 0.08902555704116821, -0.0677257552742958
17890, 2.344130277633667, -2.091695785522461, 0.025387641042470932, 0.8361799120903015, -0.7228442430496216, 0.006592689082026482, 7000.0, 7000.0, 7000.0, 7000.0, 0.08821079134941101, -0.06973346322774887
17910, 2.3632073402404785, -2.1080844402313232, 0.02534407563507557, 0.8400369882583618, -0.7259024381637573, 0.006275387015193701, 7000.0, 7000.0, 7000.0, 7000.0, 0.08785855025053024, -0.0686064064502716
17930, 2.380037546157837, -2.122626543045044, 0.025473108515143394, 0.8429226875305176, -0.7281923890113831, 0.006698123179376125, 7000.0, 7000.0, 7000.0, 7000.0, 0.08732657134532928, -0.06840192526578903
17950, 2.413114547729492, -2.150604009628296, 0.02458416298031807, 0.8520938158035278, -0.7358425259590149, 0.001347062294371426, 7000.0, 7000.0, 7000.0, 7000.0, 0.08764153718948364, -0.06662297248840332
17970, 2.430189847946167, -2.165351629257202, 0.02461068518459797, 0.8553589582443237, -0.7389190793037415, 0.0015259422361850739, 7000.0, 7000.0, 7000.0, 7000.0, 0.08745172619819641, -0.07725927233695984
17990, 2.4473278522491455, -2.180159330368042, 0.02464122138917446, 0.8582947254180908, -0.7417103052139282, 0.0017954243812710047, 7000.0, 7000.0, 7000.0, 7000.0, 0.08746687322854996, -0.07566545903682709
18010, 2.4692931175231934, -2.198770761489868, 0.02400047704577446, 0.8645488023757935, -0.7468264698982239, -0.0017952030757442117, 7000.0, 7000.0, 7000.0, 7000.0, 0.08771977573633194, -0.08574863523244858
18030, 2.487476348876953, -2.214477300643921, 0.023957189172506332, 0.8673263788223267, -0.7490043044090271, -0.0021500131115317345, 7000.0, 7000.0, 7000.0, 7000.0, 0.08824215084314346, -0.08562889695167542
18050, 2.494738817214966, -2.2209532260894775, 0.024335714057087898, 0.866916298866272, -0.7485396265983582, -7.902327342890203e-05, 7000.0, 7000.0, 7000.0, 7000.0, 0.08825147151947021, -0.08311901241540909
18070, 2.5121068954467773, -2.2359564304351807, 0.02432856895029545, 0.8698731064796448, -0.7513792514801025, -0.0004432848945725709, 7000.0, 7000.0, 7000.0, 7000.0, 0.085781030356884, -0.08108625560998917
18090, 2.5327353477478027, -2.253726005554199, 0.024190351366996765, 0.8737800717353821, -0.7541987299919128, -0.0009855414973571897, 7000.0, 7000.0, 7000.0, 7000.0, 0.08466760814189911, -0.08339444547891617
18110, 2.5502469539642334, -2.268843173980713, 0.02417323924601078, 0.8772626519203186, -0.7572699189186096, -0.0006094801938161254, 7000.0, 7000.0, 7000.0, 7000.0, 0.08422508090734482, -0.08258985728025436
18130, 2.59011173248291, -2.303068161010742, 0.023280268535017967, 0.8884158730506897, -0.7671425342559814, -0.005754901096224785, 7000.0, 7000.0, 7000.0, 7000.0, 0.08260513097047806, -0.08675742149353027
18150, 2.607914924621582, -2.3184378147125244, 0.02316351979970932, 0.8918368816375732, -0.7695716619491577, -0.00564083456993103, 7000.0, 7000.0, 7000.0, 7000.0, 0.08116306364536285, -0.09333542734384537
18170, 2.626375436782837, -2.334359884262085, 0.02303229086101055, 0.8952679634094238, -0.7720206379890442, -0.0053142947144806385, 7000.0, 7000.0, 7000.0, 7000.0, 0.08285681158304214, -0.09457939118146896
18190, 2.6443119049072266, -2.3498282432556152, 0.02292720600962639, 0.8983438611030579, -0.7747548222541809, -0.005028170067816973, 7000.0, 7000.0, 7000.0, 7000.0, 0.08307081460952759, -0.0951436385512352
18210, 2.6492748260498047, -2.3541741371154785, 0.023281050845980644, 0.8969786167144775, -0.7732677459716797, -0.0022023702040314674, 7000.0, 7000.0, 7000.0, 7000.0, 0.08377663791179657, -0.09452196210622787
18230, 2.6672496795654297, -2.369673252105713, 0.023238975554704666, 0.900410532951355, -0.7764186263084412, -0.002008254872635007, 7000.0, 7000.0, 7000.0, 7000.0, 0.08587319403886795, -0.08704648911952972
18250, 2.685293197631836, -2.385232925415039, 0.023191267624497414, 0.9038617014884949, -0.7792857885360718, -0.0024592732079327106, 7000.0, 7000.0, 7000.0, 7000.0, 0.08640434592962265, -0.0869847759604454
18270, 2.6854171752929688, -2.3853893280029297, 0.023914501070976257, 0.9010674357414246, -0.776256263256073, 0.0018007977632805705, 7000.0, 7000.0, 7000.0, 7000.0, 0.08688478171825409, -0.0725238248705864
18290, 2.7034687995910645, -2.4009406566619873, 0.02394799329340458, 0.9040226340293884, -0.7788158059120178, 0.001826556632295251, 7000.0, 7000.0, 7000.0, 7000.0, 0.08696481585502625, -0.07105192542076111
18310, 2.7136309146881104, -2.4097228050231934, 0.024427330121397972, 0.903862476348877, -0.7788233160972595, 0.004413940478116274, 7000.0, 7000.0, 7000.0, 7000.0, 0.08710871636867523, -0.07202324271202087
18330, 2.7317404747009277, -2.4253242015838623, 0.024517688900232315, 0.9070948362350464, -0.781193733215332, 0.004957600496709347, 7000.0, 7000.0, 7000.0, 7000.0, 0.08859036862850189, -0.07129140198230743
18350, 2.7359702587127686, -2.4289793968200684, 0.025618676096200943, 0.9051678776741028, -0.7791903018951416, 0.010604252107441425, 7000.0, 7000.0, 7000.0, 7000.0, 0.08807239681482315, -0.0691961720585823
18370, 2.754103183746338, -2.4445879459381104, 0.02582220919430256, 0.9081485271453857, -0.7816231846809387, 0.010053394362330437, 7000.0, 7000.0, 7000.0, 7000.0, 0.08830798417329788, -0.06139885634183884
18390, 2.785709857940674, -2.471677780151367, 0.02444710209965706, 0.9162126183509827, -0.7884902358055115, 0.001845749793574214, 7000.0, 7000.0, 7000.0, 7000.0, 0.08932865411043167, -0.06070929765701294
18410, 2.804062843322754, -2.4874749183654785, 0.024483388289809227, 0.9191124439239502, -0.7910548448562622, 0.0021912415977567434, 7000.0, 7000.0, 7000.0, 7000.0, 0.08910670131444931, -0.06994277983903885
18430, 2.835944414138794, -2.5147783756256104, 0.02310926467180252, 0.9270685911178589, -0.7979423403739929, -0.005748582072556019, 7000.0, 7000.0, 7000.0, 7000.0, 0.08851490914821625, -0.06906016916036606
18450, 2.854515790939331, -2.5307633876800537, 0.02299354411661625, 0.9302070736885071, -0.8005213141441345, -0.005442305002361536, 7000.0, 7000.0, 7000.0, 7000.0, 0.08890652656555176, -0.0806698352098465
18470, 2.867129325866699, -2.5416531562805176, 0.023314964026212692, 0.9317581057548523, -0.8014293313026428, -0.0027709458954632282, 7000.0, 7000.0, 7000.0, 7000.0, 0.08756197243928909, -0.07763993740081787
18490, 2.885796546936035, -2.557708740234375, 0.02325606904923916, 0.9348798990249634, -0.8040753602981567, -0.0028119233902543783, 7000.0, 7000.0, 7000.0, 7000.0, 0.08990488201379776, -0.07768455892801285
18510, 2.8929057121276855, -2.563924551010132, 0.023876285180449486, 0.9342628717422485, -0.8029696941375732, 0.0011264325585216284, 7000.0, 7000.0, 7000.0, 7000.0, 0.09029415994882584, -0.08068198710680008
18530, 2.9116194248199463, -2.5800130367279053, 0.023896541446447372, 0.9371574521064758, -0.8058469295501709, 0.00135338818654418, 7000.0, 7000.0, 7000.0, 7000.0, 0.08955033123493195, -0.07465580105781555
18550, 2.9303953647613525, -2.596156597137451, 0.023925159126520157, 0.9404275417327881, -0.8082601428031921, 0.001856696791946888, 7000.0, 7000.0, 7000.0, 7000.0, 0.08925261348485947, -0.07533349096775055
18570, 2.9422757625579834, -2.6064465045928955, 0.024402691051363945, 0.9414547085762024, -0.8086764216423035, 0.004289053380489349, 7000.0, 7000.0, 7000.0, 7000.0, 0.08962459862232208, -0.07416227459907532
18590, 2.961134433746338, -2.6226470470428467, 0.024483462795615196, 0.9444438219070435, -0.8113362789154053, 0.0040205386467278, 7000.0, 7000.0, 7000.0, 7000.0, 0.0918751135468483, -0.07391571253538132
18610, 2.9893674850463867, -2.646760940551758, 0.023945225402712822, 0.9502388834953308, -0.81670081615448, 0.000756069493945688, 7000.0, 7000.0, 7000.0, 7000.0, 0.09480396658182144, -0.07590210437774658
18630, 3.008397340774536, -2.6631195545196533, 0.023962097242474556, 0.952800989151001, -0.8190189003944397, 0.0013129384024068713, 7000.0, 7000.0, 7000.0, 7000.0, 0.0940067395567894, -0.07546019554138184
18650, 3.0335612297058105, -2.6847050189971924, 0.02360295131802559, 0.9580644965171814, -0.8229568600654602, -0.00047516392078250647, 7000.0, 7000.0, 7000.0, 7000.0, 0.09262800216674805, -0.07515352219343185
18670, 3.0527503490448, -2.7011892795562744, 0.02359202690422535, 0.9607728123664856, -0.8253522515296936, -0.00032315831049345434, 7000.0, 7000.0, 7000.0, 7000.0, 0.09326476603746414, -0.07736310362815857
18690, 3.0690596103668213, -2.7152011394500732, 0.02374763786792755, 0.9630147218704224, -0.8268408179283142, 0.0005892433691769838, 7000.0, 7000.0, 7000.0, 7000.0, 0.09334968030452728, -0.07886423915624619
18710, 3.088353157043457, -2.7317633628845215, 0.023760059848427773, 0.966213583946228, -0.8293065428733826, 0.0008968387846834958, 7000.0, 7000.0, 7000.0, 7000.0, 0.09130150824785233, -0.07906851917505264
18730, 3.120248317718506, -2.759075880050659, 0.023105507716536522, 0.9734798073768616, -0.8354429006576538, -0.0022744808811694384, 7000.0, 7000.0, 7000.0, 7000.0, 0.09216362982988358, -0.08144991099834442
18750, 3.139751672744751, -2.7758116722106934, 0.023062026128172874, 0.97677081823349, -0.8382607698440552, -0.0019193509360775352, 7000.0, 7000.0, 7000.0, 7000.0, 0.09113918244838715, -0.08830387145280838
18770, 3.159316062927246, -2.7926018238067627, 0.023021668195724487, 0.9795610308647156, -0.8406739234924316, -0.001992584438994527, 7000.0, 7000.0, 7000.0, 7000.0, 0.09279999881982803, -0.08973215520381927
18790, 3.1707658767700195, -2.802478790283203, 0.023384954780340195, 0.9802482724189758, -0.8410945534706116, 0.0001470090210204944, 7000.0, 7000.0, 7000.0, 7000.0, 0.09203927963972092, -0.0916723981499672
18810, 3.1904044151306152, -2.819326162338257, 0.023391081020236015, 0.9834155440330505, -0.843633770942688, 0.0003981062909588218, 7000.0, 7000.0, 7000.0, 7000.0, 0.09033296257257462, -0.08915238827466965
18830, 3.223341464996338, -2.8475189208984375, 0.022823527455329895, 0.990670919418335, -0.8497748374938965, -0.0021140764001756907, 7000.0, 7000.0, 7000.0, 7000.0, 0.08969375491142273, -0.0981944128870964
18850, 3.2431867122650146, -2.864536762237549, 0.02278686687350273, 0.9938746690750122, -0.8520619869232178, -0.0016444536158815026, 7000.0, 7000.0, 7000.0, 7000.0, 0.09033035486936569, -0.09657905995845795
18870, 3.25014066696167, -2.870556354522705, 0.023252731189131737, 0.9929752349853516, -0.8509616255760193, 0.0015471765073016286, 7000.0, 7000.0, 7000.0, 7000.0, 0.09150394052267075, -0.09525486081838608
18890, 3.2700347900390625, -2.8876006603240967, 0.023293083533644676, 0.9962225556373596, -0.853507936000824, 0.002378240693360567, 7000.0, 7000.0, 7000.0, 7000.0, 0.09147888422012329, -0.08683639019727707
18910, 3.3133060932159424, -2.9244461059570312, 0.022436469793319702, 1.0068694353103638, -0.8619447350502014, -0.0021045131143182516, 7000.0, 7000.0, 7000.0, 7000.0, 0.09101718664169312, -0.08746621012687683
18930, 3.3334782123565674, -2.94171142578125, 0.02239675633609295, 1.0102050304412842, -0.8648163080215454, -0.0019968468695878983, 7000.0, 7000.0, 7000.0, 7000.0, 0.08992443233728409, -0.09737792611122131
18950, 3.3203883171081543, -2.931107759475708, 0.023398008197546005, 1.002893328666687, -0.8579580783843994, 0.0038663798477500677, 7000.0, 7000.0, 7000.0, 7000.0, 0.0903763398528099, -0.09681957215070724
18970, 3.3404815196990967, -2.9482927322387695, 0.02347792312502861, 1.0059975385665894, -0.8608495593070984, 0.004016274120658636, 7000.0, 7000.0, 7000.0, 7000.0, 0.08882714807987213, -0.08262433111667633
18990, 3.3462510108947754, -2.9535868167877197, 0.024110116064548492, 1.0042388439178467, -0.8598843812942505, 0.007607146631926298, 7000.0, 7000.0, 7000.0, 7000.0, 0.09063014388084412, -0.08299928903579712
19010, 3.366370916366577, -2.9708025455474854, 0.02427137829363346, 1.0076302289962769, -0.8618793487548828, 0.008307754062116146, 7000.0, 7000.0, 7000.0, 7000.0, 0.08961039036512375, -0.07560878247022629
19030, 3.3865628242492676, -2.988060235977173, 0.024443183094263077, 1.0112186670303345, -0.8642489314079285, 0.008454391732811928, 7000.0, 7000.0, 7000.0, 7000.0, 0.0906180813908577, -0.07849588245153427
19050, 3.409944534301758, -3.00795316696167, 0.024438882246613503, 1.0148855447769165, -0.8676156401634216, 0.008162464015185833, 7000.0, 7000.0, 7000.0, 7000.0, 0.0922832116484642, -0.0782925933599472
19070, 3.4302775859832764, -3.025325298309326, 0.02461567148566246, 1.0182557106018066, -0.8699846863746643, 0.008995979093015194, 7000.0, 7000.0, 7000.0, 7000.0, 0.08954508602619171, -0.07910913974046707
19090, 3.47097110748291, -3.0591797828674316, 0.023265549913048744, 1.0284454822540283, -0.8782729506492615, 0.0013370499946177006, 7000.0, 7000.0, 7000.0, 7000.0, 0.08992047607898712, -0.08981256186962128
19110, 3.4915709495544434, -3.0767650604248047, 0.023301370441913605, 1.031293272972107, -0.8807856440544128, 0.001611463027074933, 7000.0, 7000.0, 7000.0, 7000.0, 0.08937318623065948, -0.09013032168149948
19130, 3.514434814453125, -3.0961713790893555, 0.023206597194075584, 1.035552740097046, -0.8838372826576233, 0.0005877969088032842, 7000.0, 7000.0, 7000.0, 7000.0, 0.08994826674461365, -0.09464971721172333
19150, 3.535182237625122, -3.1138741970062256, 0.02322225272655487, 1.039013385772705, -0.8868318796157837, 0.0004680164565797895, 7000.0, 7000.0, 7000.0, 7000.0, 0.09054391086101532, -0.09379693865776062
19170, 3.557863712310791, -3.133131742477417, 0.02314574643969536, 1.0428375005722046, -0.8897179961204529, -7.002825441304594e-05, 7000.0, 7000.0, 7000.0, 7000.0, 0.09024161845445633, -0.09557416290044785
19190, 3.578756093978882, -3.1509463787078857, 0.02314859814941883, 1.0463157892227173, -0.8922765851020813, -0.0001627579767955467, 7000.0, 7000.0, 7000.0, 7000.0, 0.08877372741699219, -0.09632529318332672
19210, 3.6011500358581543, -3.169968366622925, 0.023088272660970688, 1.0498168468475342, -0.8953616619110107, -0.0008648483199067414, 7000.0, 7000.0, 7000.0, 7000.0, 0.0892530009150505, -0.10217279940843582
19230, 3.6221776008605957, -3.187892198562622, 0.023076163604855537, 1.052879810333252, -0.8976539969444275, -0.000876965990755707, 7000.0, 7000.0, 7000.0, 7000.0, 0.08963996171951294, -0.10326185822486877
19250, 3.6337883472442627, -3.1981918811798096, 0.023420225828886032, 1.0534485578536987, -0.8977657556533813, 0.0011260398896411061, 7000.0, 7000.0, 7000.0, 7000.0, 0.08951695263385773, -0.10643419623374939
19270, 3.6548943519592285, -3.216167688369751, 0.02345184050500393, 1.0570411682128906, -0.9004508852958679, 0.0014510727487504482, 7000.0, 7000.0, 7000.0, 7000.0, 0.09043845534324646, -0.10673186928033829
19290, 3.6809756755828857, -3.2381722927093506, 0.02330680564045906, 1.061424970626831, -0.90436190366745, 0.0007677417597733438, 7000.0, 7000.0, 7000.0, 7000.0, 0.08963359892368317, -0.10562126338481903
19310, 3.7022364139556885, -3.2562808990478516, 0.02333211898803711, 1.064734697341919, -0.9070673584938049, 0.0012286558048799634, 7000.0, 7000.0, 7000.0, 7000.0, 0.08769078552722931, -0.10474967211484909
19330, 3.7235662937164307, -3.274447441101074, 0.023364271968603134, 1.0682919025421143, -0.9102112054824829, 0.0014585956232622266, 7000.0, 7000.0, 7000.0, 7000.0, 0.08606034517288208, -0.10530395805835724
19350, 3.7382962703704834, -3.287186622619629, 0.023657631129026413, 1.069972038269043, -0.9109283089637756, 0.0030144292395561934, 7000.0, 7000.0, 7000.0, 7000.0, 0.08738292753696442, -0.10653385519981384
19370, 3.759721279144287, -3.3054254055023193, 0.023721355944871902, 1.0725539922714233, -0.9135680198669434, 0.002882374683395028, 7000.0, 7000.0, 7000.0, 7000.0, 0.08924365788698196, -0.11007264256477356
19390, 3.799173355102539, -3.3386147022247314, 0.023083526641130447, 1.0810929536819458, -0.9213290810585022, -0.0005930912448093295, 7000.0, 7000.0, 7000.0, 7000.0, 0.09027000516653061, -0.12014944106340408
19410, 3.820828676223755, -3.357064962387085, 0.02307875268161297, 1.0844782590866089, -0.923997700214386, -0.00030185640207491815, 7000.0, 7000.0, 7000.0, 7000.0, 0.08886317908763885, -0.1194119080901146
19430, 3.831787347793579, -3.3664424419403076, 0.02343795634806156, 1.085015892982483, -0.9235179424285889, 0.0016227859305217862, 7000.0, 7000.0, 7000.0, 7000.0, 0.0893506333231926, -0.12189488112926483
19450, 3.8535168170928955, -3.3849337100982666, 0.02347823791205883, 1.0878828763961792, -0.9258986711502075, 0.002015315229073167, 7000.0, 7000.0, 7000.0, 7000.0, 0.0907590240240097, -0.12492037564516068
19470, 3.8813750743865967, -3.408647060394287, 0.023330288007855415, 1.092976689338684, -0.9300755262374878, 0.001350315404124558, 7000.0, 7000.0, 7000.0, 7000.0, 0.08925842493772507, -0.12302003800868988
19490, 3.903261661529541, -3.4272704124450684, 0.023363325744867325, 1.095974326133728, -0.9324595928192139, 0.0015322149265557528, 7000.0, 7000.0, 7000.0, 7000.0, 0.08903896063566208, -0.12183861434459686
19510, 3.8782639503479004, -3.4057016372680664, 0.024830294772982597, 1.085035800933838, -0.9228002429008484, 0.009969511069357395, 7000.0, 7000.0, 7000.0, 7000.0, 0.08839932829141617, -0.1207984909415245
19530, 3.899989366531372, -3.424180507659912, 0.025027602910995483, 1.0876696109771729, -0.9252734780311584, 0.009571636095643044, 7000.0, 7000.0, 7000.0, 7000.0, 0.08833775669336319, -0.09851481765508652
19550, 3.9537625312805176, -3.4705262184143066, 0.023570064455270767, 1.1005126237869263, -0.9361560344696045, -0.00033695000456646085, 7000.0, 7000.0, 7000.0, 7000.0, 0.08698055893182755, -0.09847092628479004
19570, 3.9758071899414062, -3.4892725944519043, 0.02356504462659359, 1.1040602922439575, -0.93867027759552, -0.00024202677013818175, 7000.0, 7000.0, 7000.0, 7000.0, 0.08743011951446533, -0.11665897071361542
19590, 3.997920274734497, -3.508070468902588, 0.023560229688882828, 1.1072356700897217, -0.9411054253578186, -0.00026927300496026874, 7000.0, 7000.0, 7000.0, 7000.0, 0.08846762776374817, -0.11687860637903214
19610, 4.0245513916015625, -3.530820608139038, 0.02331690303981304, 1.1114224195480347, -0.9450441002845764, -0.0012715313350781798, 7000.0, 7000.0, 7000.0, 7000.0, 0.08839966356754303, -0.11282186955213547
19630, 4.046810626983643, -3.5497472286224365, 0.02329372800886631, 1.1146934032440186, -0.947614312171936, -0.0010771197266876698, 7000.0, 7000.0, 7000.0, 7000.0, 0.08804735541343689, -0.11170031130313873
19650, 4.0357842445373535, -3.5393459796905518, 0.024885544553399086, 1.1079556941986084, -0.9408275485038757, 0.0073702335357666016, 7000.0, 7000.0, 7000.0, 7000.0, 0.08694646507501602, -0.09593219310045242
19670, 4.057977199554443, -3.5581881999969482, 0.02503601834177971, 1.1113687753677368, -0.9433929920196533, 0.0076888068579137325, 7000.0, 7000.0, 7000.0, 7000.0, 0.08695259690284729, -0.09759378433227539
19690, 4.075526714324951, -3.572950601577759, 0.025563141331076622, 1.1128450632095337, -0.9448874592781067, 0.00999966450035572, 7000.0, 7000.0, 7000.0, 7000.0, 0.08855009824037552, -0.09994632005691528
19710, 4.097810745239258, -3.591878890991211, 0.025761965662240982, 1.11580228805542, -0.9477129578590393, 0.009822899475693703, 7000.0, 7000.0, 7000.0, 7000.0, 0.08985374122858047, -0.09804315865039825
19730, 4.1229023933410645, -3.6133105754852295, 0.02560814656317234, 1.1200124025344849, -0.9511451721191406, 0.00800352357327938, 7000.0, 7000.0, 7000.0, 7000.0, 0.09164837747812271, -0.10106544941663742
19750, 4.145333290100098, -3.63236141204834, 0.025767097249627113, 1.1232000589370728, -0.9537755846977234, 0.007918636314570904, 7000.0, 7000.0, 7000.0, 7000.0, 0.09148842096328735, -0.09853742271661758
19770, 4.178204536437988, -3.661099672317505, 0.02433825470507145, 1.1299152374267578, -0.9590952396392822, -0.0007008840912021697, 7000.0, 7000.0, 7000.0, 7000.0, 0.0915936753153801, -0.09994947165250778
19790, 4.200831413269043, -3.680309772491455, 0.02432549186050892, 1.1329928636550903, -0.9618206024169922, -0.00040863596950657666, 7000.0, 7000.0, 7000.0, 7000.0, 0.09229586273431778, -0.10940255224704742
19810, 4.244792461395264, -3.718754768371582, 0.02264171838760376, 1.1425423622131348, -0.9706687927246094, -0.00940252747386694, 7000.0, 7000.0, 7000.0, 7000.0, 0.09198281913995743, -0.1103389710187912
19830, 4.267672538757324, -3.738196849822998, 0.02245303988456726, 1.1456856727600098, -0.9732645750045776, -0.009247534908354282, 7000.0, 7000.0, 7000.0, 7000.0, 0.09349366277456284, -0.12578316032886505
19850, 4.273544788360596, -3.74238657951355, 0.022925304248929024, 1.143894076347351, -0.9714340567588806, -0.005293568130582571, 7000.0, 7000.0, 7000.0, 7000.0, 0.0960419550538063, -0.12900106608867645
19870, 4.296452522277832, -3.761850118637085, 0.022816702723503113, 1.1470139026641846, -0.9745888710021973, -0.005428024102002382, 7000.0, 7000.0, 7000.0, 7000.0, 0.09689289331436157, -0.12284905463457108
19890, 4.319422245025635, -3.781369924545288, 0.022709814831614494, 1.14997136592865, -0.9770377278327942, -0.005153250880539417, 7000.0, 7000.0, 7000.0, 7000.0, 0.0965566411614418, -0.1280142217874527
19910, 4.316840171813965, -3.7777769565582275, 0.02355634979903698, 1.1455775499343872, -0.9727272391319275, -0.000521102745551616, 7000.0, 7000.0, 7000.0, 7000.0, 0.09834646433591843, -0.11828093975782394
19930, 4.339786052703857, -3.79725980758667, 0.023542631417512894, 1.1491143703460693, -0.9753540754318237, -0.0005853198235854506, 7000.0, 7000.0, 7000.0, 7000.0, 0.0988161638379097, -0.1178855374455452
19950, 4.377003192901611, -3.8298325538635254, 0.02288217283785343, 1.1560758352279663, -0.9818686246871948, -0.004054666962474585, 7000.0, 7000.0, 7000.0, 7000.0, 0.09864532202482224, -0.12275326251983643
19970, 4.400152206420898, -3.849501609802246, 0.022798316553235054, 1.1589027643203735, -0.9848223924636841, -0.004053066484630108, 7000.0, 7000.0, 7000.0, 7000.0, 0.09908854216337204, -0.12259446084499359
19990, 4.382989883422852, -3.831782102584839, 0.024435849860310555, 1.1506545543670654, -0.9767083525657654, 0.005011831410229206, 7000.0, 7000.0, 7000.0, 7000.0, 0.09828387200832367, -0.12040086090564728
20010, 4.406038761138916, -3.851344585418701, 0.024536339566111565, 1.154262900352478, -0.9793499112129211, 0.005218553822487593, 7000.0, 7000.0, 7000.0, 7000.0, 0.09834665805101395, -0.10318271070718765
20030, 4.41693639755249, -3.8592000007629395, 0.02559564635157585, 1.1539134979248047, -0.9784747958183289, 0.010436601005494595, 7000.0, 7000.0, 7000.0, 7000.0, 0.09918241947889328, -0.10517480224370956
20050, 4.4400458335876465, -3.878795623779297, 0.025805868208408356, 1.1570026874542236, -0.9808573722839355, 0.01064436323940754, 7000.0, 7000.0, 7000.0, 7000.0, 0.10166104882955551, -0.09993590414524078
20070, 4.4645843505859375, -3.9004015922546387, 0.0248265378177166, 1.1611188650131226, -0.9840829372406006, 0.004762749187648296, 7000.0, 7000.0, 7000.0, 7000.0, 0.10203909128904343, -0.09814763069152832
20090, 4.487839698791504, -3.9201085567474365, 0.02492048405110836, 1.1645145416259766, -0.9866058230400085, 0.004771518986672163, 7000.0, 7000.0, 7000.0, 7000.0, 0.10073113441467285, -0.09822329878807068
20110, 4.512802600860596, -3.941135883331299, 0.025767304003238678, 1.1675102710723877, -0.9894711971282959, 0.008182746358215809, 7000.0, 7000.0, 7000.0, 7000.0, 0.10212332010269165, -0.10223468393087387
20130, 4.5361785888671875, -3.9609546661376953, 0.025929192081093788, 1.1701358556747437, -0.9923204779624939, 0.008209983818233013, 7000.0, 7000.0, 7000.0, 7000.0, 0.10256411880254745, -0.10265769064426422
20150, 4.559610366821289, -3.9808239936828613, 0.026092953979969025, 1.1731789112091064, -0.9946683049201965, 0.008263363502919674, 7000.0, 7000.0, 7000.0, 7000.0, 0.1014125719666481, -0.10430478304624557
20170, 4.579900741577148, -3.9984493255615234, 0.024568790569901466, 1.1763665676116943, -0.997197151184082, 0.0001441745407646522, 7000.0, 7000.0, 7000.0, 7000.0, 0.10126809775829315, -0.11129648983478546
20190, 4.603455543518066, -4.018418788909912, 0.02457118220627308, 1.1792751550674438, -0.999696671962738, 0.00016136810882017016, 7000.0, 7000.0, 7000.0, 7000.0, 0.09958447515964508, -0.10877155512571335
20210, 4.632082462310791, -4.0432538986206055, 0.023508930578827858, 1.184233546257019, -1.0036098957061768, -0.005142314825206995, 7000.0, 7000.0, 7000.0, 7000.0, 0.09769318997859955, -0.11238304525613785
20230, 4.6558027267456055, -4.063351154327393, 0.023407304659485817, 1.1875886917114258, -1.0062439441680908, -0.0049501145258545876, 7000.0, 7000.0, 7000.0, 7000.0, 0.09963253140449524, -0.11443404853343964
20250, 4.670562267303467, -4.075387001037598, 0.023964572697877884, 1.188136100769043, -1.0066217184066772, -0.001677978434599936, 7000.0, 7000.0, 7000.0, 7000.0, 0.1001407578587532, -0.11723166704177856
20270, 4.694355487823486, -4.095542907714844, 0.023929903283715248, 1.1911654472351074, -1.0091540813446045, -0.00166844273917377, 7000.0, 7000.0, 7000.0, 7000.0, 0.09997763484716415, -0.1187424436211586
20290, 4.733315467834473, -4.129241466522217, 0.02314881794154644, 1.1980957984924316, -1.0151872634887695, -0.005362852476537228, 7000.0, 7000.0, 7000.0, 7000.0, 0.09865029156208038, -0.1199488416314125
20310, 4.75731086730957, -4.1495680809021, 0.023042703047394753, 1.2013167142868042, -1.017680048942566, -0.005289237480610609, 7000.0, 7000.0, 7000.0, 7000.0, 0.09809882193803787, -0.12510055303573608
20330, 4.7805352210998535, -4.1692047119140625, 0.02296137809753418, 1.204040288925171, -1.0200366973876953, -0.005171454977244139, 7000.0, 7000.0, 7000.0, 7000.0, 0.09804893285036087, -0.1250443011522293
20350, 4.804647445678711, -4.189630031585693, 0.022863104939460754, 1.2071913480758667, -1.0226274728775024, -0.004910824354737997, 7000.0, 7000.0, 7000.0, 7000.0, 0.09935038536787033, -0.13319087028503418
20370, 4.869625091552734, -4.246479034423828, 0.021715451031923294, 1.221604347229004, -1.0351041555404663, -0.010460101999342442, 7000.0, 7000.0, 7000.0, 7000.0, 0.09909059852361679, -0.1311369091272354
20390, 4.894092559814453, -4.267201900482178, 0.02150878496468067, 1.225223422050476, -1.0375354290008545, -0.01038006879389286, 7000.0, 7000.0, 7000.0, 7000.0, 0.09794214367866516, -0.14705879986286163
20410, 4.822044849395752, -4.202291965484619, 0.023052847012877464, 1.2025134563446045, -1.0171808004379272, -0.0003958578745368868, 7000.0, 7000.0, 7000.0, 7000.0, 0.09840945899486542, -0.14224587380886078
20430, 4.846126556396484, -4.222653865814209, 0.023046936839818954, 1.20566987991333, -1.0194388628005981, -0.0004522798990365118, 7000.0, 7000.0, 7000.0, 7000.0, 0.09769154340028763, -0.115094855427742
20450, 4.870267391204834, -4.243066310882568, 0.023037374019622803, 1.2084698677062988, -1.0221376419067383, -0.0006426336476579309, 7000.0, 7000.0, 7000.0, 7000.0, 0.09871375560760498, -0.11381462216377258
20470, 4.907572269439697, -4.2752203941345215, 0.02259828895330429, 1.2152706384658813, -1.0276236534118652, -0.002733534434810281, 7000.0, 7000.0, 7000.0, 7000.0, 0.09912622720003128, -0.11450895667076111
20490, 4.931908130645752, -4.295793056488037, 0.022547781467437744, 1.2184921503067017, -1.0301188230514526, -0.002477732952684164, 7000.0, 7000.0, 7000.0, 7000.0, 0.09843229502439499, -0.11482858657836914
20510, 4.977696418762207, -4.3356475830078125, 0.02149154432117939, 1.2277778387069702, -1.0377438068389893, -0.007308260537683964, 7000.0, 7000.0, 7000.0, 7000.0, 0.10007791966199875, -0.12377575039863586
20530, 5.002289295196533, -4.356424808502197, 0.021353403106331825, 1.2315092086791992, -1.0403125286102295, -0.006746775936335325, 7000.0, 7000.0, 7000.0, 7000.0, 0.10153138637542725, -0.1227177083492279
20550, 5.038870811462402, -4.387819290161133, 0.0207187682390213, 1.2382020950317383, -1.0454503297805786, -0.00899545755237341, 7000.0, 7000.0, 7000.0, 7000.0, 0.10243915021419525, -0.12259799242019653
20570, 5.06365966796875, -4.40874719619751, 0.020541619509458542, 1.240860104560852, -1.0478515625, -0.00892025139182806, 7000.0, 7000.0, 7000.0, 7000.0, 0.10387492179870605, -0.1227928176522255
20590, 5.050602436065674, -4.396665573120117, 0.021745072677731514, 1.2345328330993652, -1.041237235069275, -0.0012006512843072414, 7000.0, 7000.0, 7000.0, 7000.0, 0.10372959822416306, -0.12155020982027054
20610, 5.075324058532715, -4.41750955581665, 0.021724512800574303, 1.237653374671936, -1.043666124343872, -0.001051639555953443, 7000.0, 7000.0, 7000.0, 7000.0, 0.1030258983373642, -0.10869060456752777
20630, 5.0916748046875, -4.431188106536865, 0.022213144227862358, 1.2383019924163818, -1.0443345308303833, 0.0018507075728848577, 7000.0, 7000.0, 7000.0, 7000.0, 0.10214317589998245, -0.11175714433193207
20650, 5.116469383239746, -4.452095031738281, 0.022254997864365578, 1.2413665056228638, -1.0466910600662231, 0.002208804478868842, 7000.0, 7000.0, 7000.0, 7000.0, 0.10181128233671188, -0.11433908343315125
20670, 5.13014554977417, -4.463460922241211, 0.023325791582465172, 1.241375207901001, -1.0464375019073486, 0.008030828088521957, 7000.0, 7000.0, 7000.0, 7000.0, 0.10307033360004425, -0.11151846498250961
20690, 5.154998779296875, -4.484408855438232, 0.02348269335925579, 1.244315266609192, -1.0486432313919067, 0.007652218919247389, 7000.0, 7000.0, 7000.0, 7000.0, 0.10332762449979782, -0.10255029052495956
20710, 5.178617477416992, -4.504141807556152, 0.024144386872649193, 1.2472625970840454, -1.050450086593628, 0.010670441202819347, 7000.0, 7000.0, 7000.0, 7000.0, 0.10409947484731674, -0.10280123353004456
20730, 5.2035980224609375, -4.525171279907227, 0.02435963787138462, 1.2508409023284912, -1.0526986122131348, 0.010691995732486248, 7000.0, 7000.0, 7000.0, 7000.0, 0.10498521476984024, -0.10675828903913498
20750, 5.22864294052124, -4.54624605178833, 0.02457343600690365, 1.2538478374481201, -1.0551177263259888, 0.010732823051512241, 7000.0, 7000.0, 7000.0, 7000.0, 0.1059870794415474, -0.10881073027849197
20770, 5.253639221191406, -4.56730842590332, 0.024506134912371635, 1.2572628259658813, -1.058051586151123, 0.009324085898697376, 7000.0, 7000.0, 7000.0, 7000.0, 0.10677051544189453, -0.10943204164505005
20790, 5.278816223144531, -4.5884881019592285, 0.02469533123075962, 1.2606513500213623, -1.0600346326828003, 0.009648499079048634, 7000.0, 7000.0, 7000.0, 7000.0, 0.10696130245923996, -0.10526829957962036
20810, 5.303959846496582, -4.609616279602051, 0.024973878636956215, 1.2637711763381958, -1.0623263120651245, 0.010311762802302837, 7000.0, 7000.0, 7000.0, 7000.0, 0.10738294571638107, -0.10865822434425354
20830, 5.329265117645264, -4.630887508392334, 0.025180039927363396, 1.2670576572418213, -1.0648952722549438, 0.010316038504242897, 7000.0, 7000.0, 7000.0, 7000.0, 0.1060512587428093, -0.1102641299366951
20850, 5.357124328613281, -4.654322624206543, 0.024888217449188232, 1.2709574699401855, -1.0682222843170166, 0.008159107528626919, 7000.0, 7000.0, 7000.0, 7000.0, 0.10534502565860748, -0.10973510146141052
20870, 5.382570743560791, -4.675712585449219, 0.025049880146980286, 1.2740782499313354, -1.0706984996795654, 0.008121615275740623, 7000.0, 7000.0, 7000.0, 7000.0, 0.10573098808526993, -0.10903643816709518
20890, 5.418196201324463, -4.7059783935546875, 0.024341918528079987, 1.2800410985946655, -1.0755966901779175, 0.0035204950254410505, 7000.0, 7000.0, 7000.0, 7000.0, 0.10682138800621033, -0.11023659259080887
20910, 5.443828582763672, -4.727516174316406, 0.024411868304014206, 1.2833918333053589, -1.0782142877578735, 0.0034935472067445517, 7000.0, 7000.0, 7000.0, 7000.0, 0.10768957436084747, -0.1165706068277359
20930, 5.447900772094727, -4.730269432067871, 0.02544902078807354, 1.280584454536438, -1.0759676694869995, 0.0093223350122571, 7000.0, 7000.0, 7000.0, 7000.0, 0.10691406577825546, -0.11697318404912949
20950, 5.473536968231201, -4.7518134117126465, 0.025630678981542587, 1.2832754850387573, -1.0781934261322021, 0.009076926857233047, 7000.0, 7000.0, 7000.0, 7000.0, 0.10592105984687805, -0.10718979686498642
20970, 5.545294284820557, -4.814813613891602, 0.0236031673848629, 1.298835039138794, -1.091503620147705, -0.003756249789148569, 7000.0, 7000.0, 7000.0, 7000.0, 0.10598413646221161, -0.10284306854009628
20990, 5.571295738220215, -4.836670398712158, 0.023526445031166077, 1.3016287088394165, -1.0940371751785278, -0.003747826674953103, 7000.0, 7000.0, 7000.0, 7000.0, 0.10603582859039307, -0.12641598284244537
21010, 5.597354412078857, -4.85857629776001, 0.023456359282135963, 1.3043742179870605, -1.0963155031204224, -0.0030797086656093597, 7000.0, 7000.0, 7000.0, 7000.0, 0.10583237558603287, -0.13011671602725983
21030, 5.630642414093018, -4.886931419372559, 0.0232024434953928, 1.3099814653396606, -1.1006276607513428, -0.004043847322463989, 7000.0, 7000.0, 7000.0, 7000.0, 0.10579358041286469, -0.13010813295841217
21050, 5.656876087188721, -4.908974647521973, 0.023116210475564003, 1.3134026527404785, -1.1032304763793945, -0.004179362207651138, 7000.0, 7000.0, 7000.0, 7000.0, 0.10642851889133453, -0.12909457087516785
21070, 5.59502649307251, -4.852346897125244, 0.024724634364247322, 1.29396653175354, -1.0855379104614258, 0.005007798317819834, 7000.0, 7000.0, 7000.0, 7000.0, 0.10542227327823639, -0.10532522946596146
21090, 5.620935440063477, -4.874082088470459, 0.024824067950248718, 1.2972183227539062, -1.087660312652588, 0.005236783530563116, 7000.0, 7000.0, 7000.0, 7000.0, 0.10510881245136261, -0.10260242223739624
21110, 5.658007621765137, -4.905885219573975, 0.02456723339855671, 1.3037452697753906, -1.093117594718933, 0.00363394757732749, 7000.0, 7000.0, 7000.0, 7000.0, 0.10576456785202026, -0.10356352478265762
21130, 5.684113025665283, -4.927776336669922, 0.024636631831526756, 1.3069945573806763, -1.095450520515442, 0.0034871636889874935, 7000.0, 7000.0, 7000.0, 7000.0, 0.10730791836977005, -0.10335183888673782
21150, 5.700539588928223, -4.940791606903076, 0.02523965574800968, 1.30777108669281, -1.0951629877090454, 0.006088043097406626, 7000.0, 7000.0, 7000.0, 7000.0, 0.10701611638069153, -0.1020149514079094
21170, 5.726724624633789, -4.962723731994629, 0.0253639817237854, 1.310776710510254, -1.0975056886672974, 0.006720315665006638, 7000.0, 7000.0, 7000.0, 7000.0, 0.10766568034887314, -0.10117685049772263
21190, 5.762824058532715, -4.993585586547852, 0.024488415569067, 1.3169060945510864, -1.102566123008728, 0.001470817718654871, 7000.0, 7000.0, 7000.0, 7000.0, 0.10518310964107513, -0.09874650090932846
21210, 5.789193630218506, -5.015666484832764, 0.024514783173799515, 1.3200401067733765, -1.1049548387527466, 0.0014614101964980364, 7000.0, 7000.0, 7000.0, 7000.0, 0.10538814961910248, -0.10663632303476334
21230, 5.840451717376709, -5.059157371520996, 0.02277296967804432, 1.330156683921814, -1.1129075288772583, -0.008549746125936508, 7000.0, 7000.0, 7000.0, 7000.0, 0.10646294802427292, -0.10827632248401642
21250, 5.8670854568481445, -5.08144474029541, 0.022602517157793045, 1.3331365585327148, -1.1153662204742432, -0.008103715255856514, 7000.0, 7000.0, 7000.0, 7000.0, 0.10753843933343887, -0.12033157050609589
21270, 5.849397659301758, -5.0666327476501465, 0.023795554414391518, 1.3251433372497559, -1.1082144975662231, 0.00011271535913692787, 7000.0, 7000.0, 7000.0, 7000.0, 0.10771870613098145, -0.12145824730396271
21290, 5.875932216644287, -5.088824272155762, 0.023797782137989998, 1.3282780647277832, -1.1104003190994263, 0.00032364841899834573, 7000.0, 7000.0, 7000.0, 7000.0, 0.10651145130395889, -0.10754746943712234
21310, 5.902530670166016, -5.111064434051514, 0.023801669478416443, 1.3314374685287476, -1.113020420074463, 0.000400256976718083, 7000.0, 7000.0, 7000.0, 7000.0, 0.10549140721559525, -0.10946193337440491
21330, 5.9270806312561035, -5.131589889526367, 0.02389097586274147, 1.333831548690796, -1.1151951551437378, 0.0009406496537849307, 7000.0, 7000.0, 7000.0, 7000.0, 0.10340280085802078, -0.10806161165237427
21350, 5.953789710998535, -5.153920650482178, 0.02390797808766365, 1.3369332551956177, -1.1173285245895386, 0.0009231776348315179, 7000.0, 7000.0, 7000.0, 7000.0, 0.10395661741495132, -0.10521560162305832
21370, 6.008286952972412, -5.199999809265137, 0.022734539583325386, 1.347642183303833, -1.1257907152175903, -0.005318574141710997, 7000.0, 7000.0, 7000.0, 7000.0, 0.10327635705471039, -0.1086297258734703
21390, 6.035273551940918, -5.222546100616455, 0.02262875624001026, 1.3507874011993408, -1.1282986402511597, -0.0049661509692668915, 7000.0, 7000.0, 7000.0, 7000.0, 0.1024325042963028, -0.11680221557617188
21410, 6.056418418884277, -5.240110397338867, 0.022696465253829956, 1.352687120437622, -1.1295192241668701, -0.00394020089879632, 7000.0, 7000.0, 7000.0, 7000.0, 0.10124059021472931, -0.11882688850164413
21430, 6.083505630493164, -5.262734413146973, 0.022612344473600388, 1.3557639122009277, -1.1323297023773193, -0.004289139993488789, 7000.0, 7000.0, 7000.0, 7000.0, 0.10347869992256165, -0.11579519510269165
21450, 6.086603164672852, -5.264858245849609, 0.023088201880455017, 1.353004813194275, -1.1299563646316528, -0.0010026812087744474, 7000.0, 7000.0, 7000.0, 7000.0, 0.10480589419603348, -0.11237377673387527
21470, 6.113696098327637, -5.287489891052246, 0.023067409172654152, 1.3560625314712524, -1.132572889328003, -0.0009161825873889029, 7000.0, 7000.0, 7000.0, 7000.0, 0.10515911877155304, -0.10973773151636124
21490, 6.172919273376465, -5.338251113891602, 0.022242067381739616, 1.3670918941497803, -1.1418519020080566, -0.005039880983531475, 7000.0, 7000.0, 7000.0, 7000.0, 0.1050766110420227, -0.11155262589454651
21510, 6.200300216674805, -5.361114025115967, 0.022141309455037117, 1.3706936836242676, -1.1441433429718018, -0.004851105157285929, 7000.0, 7000.0, 7000.0, 7000.0, 0.10421627014875412, -0.12072018533945084
21530, 6.171688556671143, -5.334811210632324, 0.02316911704838276, 1.3603432178497314, -1.1348720788955688, 0.0010586411226540804, 7000.0, 7000.0, 7000.0, 7000.0, 0.10362987965345383, -0.12049952149391174
21550, 6.198928356170654, -5.3575358390808105, 0.023187680169939995, 1.363343358039856, -1.1373951435089111, 0.0009602134232409298, 7000.0, 7000.0, 7000.0, 7000.0, 0.10295312106609344, -0.10627524554729462
21570, 6.226229667663574, -5.380307197570801, 0.023208925500512123, 1.3664511442184448, -1.1395787000656128, 0.0011473617050796747, 7000.0, 7000.0, 7000.0, 7000.0, 0.10468113422393799, -0.1046113669872284
21590, 6.2432732582092285, -5.393896579742432, 0.023558098822832108, 1.367143154144287, -1.139199137687683, 0.002764359815046191, 7000.0, 7000.0, 7000.0, 7000.0, 0.10391183942556381, -0.10313484072685242
21610, 6.2706522941589355, -5.4167022705078125, 0.023617494851350784, 1.3704216480255127, -1.1414238214492798, 0.003123752772808075, 7000.0, 7000.0, 7000.0, 7000.0, 0.10332155227661133, -0.10135382413864136
21630, 6.33060884475708, -5.468771457672119, 0.022168487310409546, 1.3818907737731934, -1.1511175632476807, -0.004017408471554518, 7000.0, 7000.0, 7000.0, 7000.0, 0.10328736156225204, -0.11587736755609512
21650, 6.358280658721924, -5.491816520690918, 0.022092174738645554, 1.3849327564239502, -1.153309941291809, -0.003592183580622077, 7000.0, 7000.0, 7000.0, 7000.0, 0.10188011080026627, -0.11600224673748016
21670, 6.334288120269775, -5.469894886016846, 0.02360711060464382, 1.3761683702468872, -1.1450221538543701, 0.004979034420102835, 7000.0, 7000.0, 7000.0, 7000.0, 0.1041417345404625, -0.11773110926151276
21690, 6.36184549331665, -5.4928202629089355, 0.023709286004304886, 1.3791961669921875, -1.147704839706421, 0.005247022025287151, 7000.0, 7000.0, 7000.0, 7000.0, 0.10377710312604904, -0.10198294371366501
21710, 6.387608051300049, -5.514182090759277, 0.023908207193017006, 1.3817896842956543, -1.1497570276260376, 0.0056444802321493626, 7000.0, 7000.0, 7000.0, 7000.0, 0.104591503739357, -0.10471019893884659
21730, 6.415278911590576, -5.537199020385742, 0.024024661630392075, 1.385097861289978, -1.1522231101989746, 0.005956869572401047, 7000.0, 7000.0, 7000.0, 7000.0, 0.10393957048654556, -0.10102253407239914
21750, 6.458680152893066, -5.574418544769287, 0.02290683425962925, 1.3923038244247437, -1.1585134267807007, -0.0008028312586247921, 7000.0, 7000.0, 7000.0, 7000.0, 0.10389509797096252, -0.09934169054031372
21770, 6.486557483673096, -5.5976104736328125, 0.02289511449635029, 1.3952600955963135, -1.1610338687896729, -0.0004231081693433225, 7000.0, 7000.0, 7000.0, 7000.0, 0.10437413305044174, -0.10816525667905807
21790, 6.513576984405518, -5.620028495788574, 0.02293184958398342, 1.3981043100357056, -1.1631708145141602, 1.7859149011201225e-05, 7000.0, 7000.0, 7000.0, 7000.0, 0.10383062809705734, -0.1076347827911377
21810, 6.541572570800781, -5.643311500549316, 0.022942176088690758, 1.4012513160705566, -1.1656525135040283, 0.0008389366557821631, 7000.0, 7000.0, 7000.0, 7000.0, 0.10533637553453445, -0.10887300223112106
21830, 6.569629669189453, -5.66664457321167, 0.022963838651776314, 1.4042712450027466, -1.1680619716644287, 0.0012941363966092467, 7000.0, 7000.0, 7000.0, 7000.0, 0.10488135367631912, -0.1102241650223732
21850, 6.574946403503418, -5.669548511505127, 0.02383885160088539, 1.4022598266601562, -1.1656882762908936, 0.005926399026066065, 7000.0, 7000.0, 7000.0, 7000.0, 0.10700030624866486, -0.1010039746761322
21870, 6.603024005889893, -5.692882061004639, 0.023963574320077896, 1.4052159786224365, -1.1681402921676636, 0.006534202490001917, 7000.0, 7000.0, 7000.0, 7000.0, 0.10767188668251038, -0.09929125010967255
21890, 6.6411871910095215, -5.7255425453186035, 0.023670537397265434, 1.4109137058258057, -1.172536015510559, 0.004488635342568159, 7000.0, 7000.0, 7000.0, 7000.0, 0.10893254727125168, -0.09967225044965744
21910, 6.669440746307373, -5.749015808105469, 0.023765450343489647, 1.414188027381897, -1.1751655340194702, 0.004788749851286411, 7000.0, 7000.0, 7000.0, 7000.0, 0.10771921277046204, -0.09849698841571808
21930, 6.676614761352539, -5.752847194671631, 0.024744363501667976, 1.4118211269378662, -1.1730810403823853, 0.009960750117897987, 7000.0, 7000.0, 7000.0, 7000.0, 0.10845857113599777, -0.09812744706869125
21950, 6.704882621765137, -5.776327133178711, 0.02494603954255581, 1.4150182008743286, -1.1752400398254395, 0.00996948592364788, 7000.0, 7000.0, 7000.0, 7000.0, 0.10933540761470795, -0.09047674387693405
21970, 6.745647430419922, -5.812183380126953, 0.02434275858104229, 1.422075867652893, -1.1807656288146973, 0.00575995584949851, 7000.0, 7000.0, 7000.0, 7000.0, 0.1093839630484581, -0.09527213871479034
21990, 6.774122714996338, -5.835820198059082, 0.024463465437293053, 1.4253751039505005, -1.1832643747329712, 0.006201041396707296, 7000.0, 7000.0, 7000.0, 7000.0, 0.10741772502660751, -0.10423897206783295
22010, 6.825616836547852, -5.881343364715576, 0.02356860227882862, 1.43403959274292, -1.1908704042434692, 0.0006717926589772105, 7000.0, 7000.0, 7000.0, 7000.0, 0.10868135839700699, -0.10290711373090744
22030, 6.854325294494629, -5.905178070068359, 0.02358611859381199, 1.4369274377822876, -1.1930729150772095, 0.0009407383622601628, 7000.0, 7000.0, 7000.0, 7000.0, 0.10937482863664627, -0.10906340181827545
22050, 6.892457962036133, -5.937656402587891, 0.023377835750579834, 1.4422422647476196, -1.1978920698165894, 0.00014635031402576715, 7000.0, 7000.0, 7000.0, 7000.0, 0.10972294211387634, -0.1075584813952446
22070, 6.921334743499756, -5.961634635925293, 0.023391669616103172, 1.445572018623352, -1.200227975845337, 0.001224985928274691, 7000.0, 7000.0, 7000.0, 7000.0, 0.10911621898412704, -0.10955490916967392
22090, 6.999610424041748, -6.030578136444092, 0.02252247929573059, 1.4601407051086426, -1.2126656770706177, -0.0030411474872380495, 7000.0, 7000.0, 7000.0, 7000.0, 0.10719684511423111, -0.10502106696367264
22110, 7.028842926025391, -6.054855823516846, 0.022466015070676804, 1.4632905721664429, -1.2155147790908813, -0.0027473277878016233, 7000.0, 7000.0, 7000.0, 7000.0, 0.10693773627281189, -0.11451561003923416
22130, 7.058141708374023, -6.079188823699951, 0.022411812096834183, 1.4668116569519043, -1.2179687023162842, -0.0027216917369514704, 7000.0, 7000.0, 7000.0, 7000.0, 0.1088748499751091, -0.11904178559780121
22150, 6.996507167816162, -6.021817207336426, 0.023447148501873016, 1.4496132135391235, -1.202026128768921, 0.0029567936435341835, 7000.0, 7000.0, 7000.0, 7000.0, 0.1081133633852005, -0.10153819620609283
22170, 7.0255351066589355, -6.045881271362305, 0.023511270061135292, 1.4532703161239624, -1.2046701908111572, 0.0033766995184123516, 7000.0, 7000.0, 7000.0, 7000.0, 0.10816128551959991, -0.10375272482633591
22190, 7.0429182052612305, -6.059474945068359, 0.023766348138451576, 1.4540024995803833, -1.2052011489868164, 0.004751146305352449, 7000.0, 7000.0, 7000.0, 7000.0, 0.10947147756814957, -0.10776740312576294
22210, 7.072027683258057, -6.083603858947754, 0.02386360429227352, 1.4572001695632935, -1.2079321146011353, 0.004831683821976185, 7000.0, 7000.0, 7000.0, 7000.0, 0.11153840273618698, -0.11245282739400864
22230, 7.041806221008301, -6.05418586730957, 0.025180410593748093, 1.4470393657684326, -1.1985212564468384, 0.011721624061465263, 7000.0, 7000.0, 7000.0, 7000.0, 0.11131302267313004, -0.1129235252737999
22250, 7.070775985717773, -6.078177452087402, 0.025416094809770584, 1.4499452114105225, -1.200868844985962, 0.011755362153053284, 7000.0, 7000.0, 7000.0, 7000.0, 0.11144722998142242, -0.09581927955150604
22270, 7.098596096038818, -6.10093879699707, 0.025791747495532036, 1.452818512916565, -1.203338861465454, 0.012803354300558567, 7000.0, 7000.0, 7000.0, 7000.0, 0.11241171509027481, -0.09827296435832977
22290, 7.127682209014893, -6.125030040740967, 0.026056312024593353, 1.4559072256088257, -1.2058589458465576, 0.013390829786658287, 7000.0, 7000.0, 7000.0, 7000.0, 0.11110558360815048, -0.10002300143241882
22310, 7.1488871574401855, -6.144051551818848, 0.025441082194447517, 1.4577487707138062, -1.2070200443267822, 0.008862802758812904, 7000.0, 7000.0, 7000.0, 7000.0, 0.11278519034385681, -0.09977128356695175
22330, 7.178075790405273, -6.168214797973633, 0.025619667023420334, 1.461274266242981, -1.209477424621582, 0.008876107633113861, 7000.0, 7000.0, 7000.0, 7000.0, 0.11538577079772949, -0.09750035405158997
22350, 7.227801322937012, -6.207635402679443, 0.027003994211554527, 1.4676727056503296, -1.214660406112671, 0.016082849353551865, 7000.0, 7000.0, 7000.0, 7000.0, 0.11522560566663742, -0.09560729563236237
22370, 7.257181167602539, -6.231951713562012, 0.02732839807868004, 1.4706075191497803, -1.2170356512069702, 0.016206907108426094, 7000.0, 7000.0, 7000.0, 7000.0, 0.11519009619951248, -0.09647330641746521
22390, 7.286623954772949, -6.256315231323242, 0.02765624038875103, 1.4738463163375854, -1.2195155620574951, 0.016367310658097267, 7000.0, 7000.0, 7000.0, 7000.0, 0.11538076400756836, -0.09467384964227676
22410, 7.290798187255859, -6.2624640464782715, 0.026013150811195374, 1.4725924730300903, -1.2188302278518677, 0.005634529050439596, 7000.0, 7000.0, 7000.0, 7000.0, 0.11716460436582565, -0.10437755286693573
22430, 7.320276737213135, -6.286865711212158, 0.026127440854907036, 1.4755147695541382, -1.2213810682296753, 0.005764619447290897, 7000.0, 7000.0, 7000.0, 7000.0, 0.11668495833873749, -0.10296380519866943
22450, 7.349384307861328, -6.313210487365723, 0.025296922773122787, 1.4795305728912354, -1.224377989768982, 0.0006010900833643973, 7000.0, 7000.0, 7000.0, 7000.0, 0.11681551486253738, -0.10127232223749161
22470, 7.3790059089660645, -6.337721347808838, 0.02531571500003338, 1.4827265739440918, -1.2269130945205688, 0.0010849629761651158, 7000.0, 7000.0, 7000.0, 7000.0, 0.11745849996805191, -0.10363137722015381
22490, 7.41005802154541, -6.3638386726379395, 0.025202155113220215, 1.4859565496444702, -1.2300819158554077, 0.0003986365918535739, 7000.0, 7000.0, 7000.0, 7000.0, 0.11751072853803635, -0.10561615228652954
22510, 7.439804553985596, -6.388468265533447, 0.025210391730070114, 1.4889118671417236, -1.2328323125839233, 0.0002754524175543338, 7000.0, 7000.0, 7000.0, 7000.0, 0.11630707234144211, -0.10387171059846878
22530, 7.47945499420166, -6.423318386077881, 0.024724464863538742, 1.4945871829986572, -1.2370104789733887, -0.001919190282933414, 7000.0, 7000.0, 7000.0, 7000.0, 0.11615025252103806, -0.10631018131971359
22550, 7.509377956390381, -6.448082447052002, 0.024685319513082504, 1.4978998899459839, -1.2396345138549805, -0.002098821336403489, 7000.0, 7000.0, 7000.0, 7000.0, 0.11636234819889069, -0.10079267621040344
22570, 7.561485767364502, -6.494647026062012, 0.02397182583808899, 1.5060133934020996, -1.2471128702163696, -0.0060794176533818245, 7000.0, 7000.0, 7000.0, 7000.0, 0.11713606864213943, -0.09853576123714447
22590, 7.5916337966918945, -6.519611358642578, 0.023852258920669556, 1.5088967084884644, -1.2494454383850098, -0.006168724037706852, 7000.0, 7000.0, 7000.0, 7000.0, 0.11479047685861588, -0.10517477989196777
22610, 7.596309185028076, -6.520235538482666, 0.024229412898421288, 1.5065717697143555, -1.2468936443328857, -0.003166584065183997, 7000.0, 7000.0, 7000.0, 7000.0, 0.11568253487348557, -0.10571309179067612
22630, 7.626471042633057, -6.545206546783447, 0.024170013144612312, 1.509587287902832, -1.2501500844955444, -0.0029351450502872467, 7000.0, 7000.0, 7000.0, 7000.0, 0.11605996638536453, -0.09823144227266312
22650, 7.679042339324951, -6.5917253494262695, 0.02369128167629242, 1.517419457435608, -1.2574026584625244, -0.00449795089662075, 7000.0, 7000.0, 7000.0, 7000.0, 0.11579175293445587, -0.10129955410957336
22670, 7.709420680999756, -6.616898536682129, 0.023608606308698654, 1.5204200744628906, -1.2599077224731445, -0.003995307721197605, 7000.0, 7000.0, 7000.0, 7000.0, 0.11444403976202011, -0.10224927216768265
22690, 7.739856719970703, -6.642119407653809, 0.023533493280410767, 1.5233739614486694, -1.262279987335205, -0.0037710736505687237, 7000.0, 7000.0, 7000.0, 7000.0, 0.11507586389780045, -0.1003245860338211
22710, 7.717926502227783, -6.616466999053955, 0.02449253387749195, 1.5149000883102417, -1.2541180849075317, 0.0013840260216966271, 7000.0, 7000.0, 7000.0, 7000.0, 0.1155511885881424, -0.08723749220371246
22730, 7.748255729675293, -6.64157247543335, 0.02452174387872219, 1.5180354118347168, -1.2565146684646606, 0.0012868354097008705, 7000.0, 7000.0, 7000.0, 7000.0, 0.11630094796419144, -0.08709877729415894
22750, 7.821234226226807, -6.710556507110596, 0.023051859810948372, 1.5307129621505737, -1.2689518928527832, -0.006765337660908699, 7000.0, 7000.0, 7000.0, 7000.0, 0.1147831380367279, -0.10067001730203629
22770, 7.851878643035889, -6.735961437225342, 0.022918429225683212, 1.5337707996368408, -1.2716469764709473, -0.006762953009456396, 7000.0, 7000.0, 7000.0, 7000.0, 0.11457593739032745, -0.09906595200300217
22790, 7.846485614776611, -6.724935531616211, 0.02366252802312374, 1.529005527496338, -1.2661411762237549, -0.002094423631206155, 7000.0, 7000.0, 7000.0, 7000.0, 0.11487086117267609, -0.09717173874378204
22810, 7.877097129821777, -6.750281810760498, 0.023623846471309662, 1.532306432723999, -1.2685511112213135, -0.002068494213744998, 7000.0, 7000.0, 7000.0, 7000.0, 0.11461073160171509, -0.08454686403274536
22830, 7.915745735168457, -6.783844470977783, 0.02334369160234928, 1.5377496480941772, -1.2731359004974365, -0.003301137126982212, 7000.0, 7000.0, 7000.0, 7000.0, 0.11501383036375046, -0.08707160502672195
22850, 7.946529388427734, -6.809330940246582, 0.02328326925635338, 1.5406110286712646, -1.2756977081298828, -0.002911083400249481, 7000.0, 7000.0, 7000.0, 7000.0, 0.11537264287471771, -0.08382655680179596
22870, 7.967392921447754, -6.824764728546143, 0.023533334955573082, 1.541351079940796, -1.2761129140853882, -0.001635921886190772, 7000.0, 7000.0, 7000.0, 7000.0, 0.11654848605394363, -0.08502519875764847
22890, 7.9982523918151855, -6.850315570831299, 0.02349858358502388, 1.544516682624817, -1.2789697647094727, -0.0019843268673866987, 7000.0, 7000.0, 7000.0, 7000.0, 0.11872041970491409, -0.08640726655721664
22910, 8.034723281860352, -6.881546497344971, 0.02328668348491192, 1.5483629703521729, -1.2827746868133545, -0.002563720801845193, 7000.0, 7000.0, 7000.0, 7000.0, 0.1202467828989029, -0.08634059131145477
22930, 8.065717697143555, -6.907226085662842, 0.02324032038450241, 1.5511313676834106, -1.2852246761322021, -0.002129303989931941, 7000.0, 7000.0, 7000.0, 7000.0, 0.12065838277339935, -0.08774777501821518
22950, 8.07457160949707, -6.910215377807617, 0.023873960599303246, 1.5494234561920166, -1.2824721336364746, 0.0017051760805770755, 7000.0, 7000.0, 7000.0, 7000.0, 0.11962836980819702, -0.08940351009368896
22970, 8.105589866638184, -6.935885429382324, 0.02391320839524269, 1.5522990226745605, -1.2846825122833252, 0.002317730337381363, 7000.0, 7000.0, 7000.0, 7000.0, 0.12122686207294464, -0.08470764756202698
22990, 8.136663436889648, -6.961601257324219, 0.023966925218701363, 1.5551388263702393, -1.286953330039978, 0.002842552261427045, 7000.0, 7000.0, 7000.0, 7000.0, 0.12071682512760162, -0.08572203665971756
23010, 8.15129280090332, -6.969851016998291, 0.02486499398946762, 1.5538326501846313, -1.2855803966522217, 0.0077522131614387035, 7000.0, 7000.0, 7000.0, 7000.0, 0.12039267271757126, -0.07575774192810059
23030, 8.182393074035645, -6.9955878257751465, 0.02502323128283024, 1.5563526153564453, -1.2880347967147827, 0.00801989808678627, 7000.0, 7000.0, 7000.0, 7000.0, 0.11931110173463821, -0.07982749491930008
23050, 8.213743209838867, -7.02166748046875, 0.02514386549592018, 1.5599288940429688, -1.2905842065811157, 0.007907306775450706, 7000.0, 7000.0, 7000.0, 7000.0, 0.11801605671644211, -0.07683049887418747
23070, 8.24497127532959, -7.047499656677246, 0.025301720947027206, 1.562799334526062, -1.2926839590072632, 0.007774694822728634, 7000.0, 7000.0, 7000.0, 7000.0, 0.11854443699121475, -0.07988159358501434
23090, 8.276700973510742, -7.073117256164551, 0.02570088393986225, 1.5656239986419678, -1.2948966026306152, 0.00899294950067997, 7000.0, 7000.0, 7000.0, 7000.0, 0.11760568618774414, -0.08043668419122696
23110, 8.3080415725708, -7.099036693572998, 0.02588258869946003, 1.5684114694595337, -1.2970941066741943, 0.00927880872040987, 7000.0, 7000.0, 7000.0, 7000.0, 0.11977291107177734, -0.08161429315805435
23130, 8.33889389038086, -7.125532627105713, 0.02564622275531292, 1.5715410709381104, -1.3000482320785522, 0.006963397841900587, 7000.0, 7000.0, 7000.0, 7000.0, 0.11861146986484528, -0.0788322240114212
23150, 8.370353698730469, -7.151561260223389, 0.025788215920329094, 1.5745338201522827, -1.3026894330978394, 0.00728236511349678, 7000.0, 7000.0, 7000.0, 7000.0, 0.11945127695798874, -0.08035609126091003
23170, 8.407875061035156, -7.187071323394775, 0.02443530037999153, 1.579992413520813, -1.3079030513763428, -0.0010380885796621442, 7000.0, 7000.0, 7000.0, 7000.0, 0.12041554600000381, -0.07503435015678406
23190, 8.439505577087402, -7.213256359100342, 0.024418719112873077, 1.583236575126648, -1.3105007410049438, -0.0004994624760001898, 7000.0, 7000.0, 7000.0, 7000.0, 0.11999165266752243, -0.08564071357250214
23210, 8.454244613647461, -7.222435474395752, 0.025003930553793907, 1.5828635692596436, -1.3091254234313965, 0.003307399107143283, 7000.0, 7000.0, 7000.0, 7000.0, 0.12283764779567719, -0.08332856744527817
23230, 8.485928535461426, -7.248642921447754, 0.025074468925595284, 1.5857256650924683, -1.3114968538284302, 0.003673240076750517, 7000.0, 7000.0, 7000.0, 7000.0, 0.12383756786584854, -0.07573384046554565
23250, 8.51767635345459, -7.274896621704102, 0.02514972910284996, 1.5892449617385864, -1.3138595819473267, 0.003977885004132986, 7000.0, 7000.0, 7000.0, 7000.0, 0.12113536894321442, -0.07555390149354935
23270, 8.60440731048584, -7.354739189147949, 0.023531535640358925, 1.6041213274002075, -1.3275344371795654, -0.004147318657487631, 7000.0, 7000.0, 7000.0, 7000.0, 0.12174119055271149, -0.09016896039247513
23290, 8.636523246765137, -7.38131856918335, 0.02345115877687931, 1.6074647903442383, -1.3302792310714722, -0.003754692617803812, 7000.0, 7000.0, 7000.0, 7000.0, 0.12206881493330002, -0.08891793340444565
23310, 8.682165145874023, -7.420385837554932, 0.023201996460556984, 1.6129275560379028, -1.3352742195129395, -0.004845018498599529, 7000.0, 7000.0, 7000.0, 7000.0, 0.12104307115077972, -0.08867191523313522
23330, 8.71445369720459, -7.447118282318115, 0.02310044877231121, 1.6159392595291138, -1.3377573490142822, -0.005040733143687248, 7000.0, 7000.0, 7000.0, 7000.0, 0.122430719435215, -0.09126817435026169
23350, 8.708370208740234, -7.438626766204834, 0.02337898313999176, 1.6110271215438843, -1.3332315683364868, -0.003185148583725095, 7000.0, 7000.0, 7000.0, 7000.0, 0.12042803317308426, -0.09247654676437378
23370, 8.740618705749512, -7.4653215408325195, 0.023315628990530968, 1.6138628721237183, -1.3360166549682617, -0.0028153033927083015, 7000.0, 7000.0, 7000.0, 7000.0, 0.11907773464918137, -0.08336105197668076
23390, 8.633191108703613, -7.362978458404541, 0.024723801761865616, 1.5883089303970337, -1.3125959634780884, 0.005292115733027458, 7000.0, 7000.0, 7000.0, 7000.0, 0.12010309100151062, -0.08000955730676651
23410, 8.664984703063965, -7.389255523681641, 0.02483193390071392, 1.5910588502883911, -1.3148167133331299, 0.005655126180499792, 7000.0, 7000.0, 7000.0, 7000.0, 0.1196763813495636, -0.05505428835749626
23430, 8.710725784301758, -7.4307146072387695, 0.024175748229026794, 1.5967297554016113, -1.3203697204589844, 0.001443452201783657, 7000.0, 7000.0, 7000.0, 7000.0, 0.11763759702444077, -0.05550208315253258
23450, 8.742687225341797, -7.457151889801025, 0.024202750995755196, 1.5995086431503296, -1.3229173421859741, 0.0015249243006110191, 7000.0, 7000.0, 7000.0, 7000.0, 0.12001828849315643, -0.06109152361750603
23470, 8.782452583312988, -7.485773086547852, 0.025287112221121788, 1.6034409999847412, -1.3251750469207764, 0.007321592886000872, 7000.0, 7000.0, 7000.0, 7000.0, 0.11972516775131226, -0.05951043963432312
23490, 8.814546585083008, -7.512306213378906, 0.02543073333799839, 1.6059778928756714, -1.3278225660324097, 0.007301775272935629, 7000.0, 7000.0, 7000.0, 7000.0, 0.12075996398925781, -0.06036821007728577
23510, 8.835716247558594, -7.531863212585449, 0.024989625439047813, 1.6069036722183228, -1.3289849758148193, 0.004496509674936533, 7000.0, 7000.0, 7000.0, 7000.0, 0.1233452707529068, -0.061834998428821564
23530, 8.867883682250977, -7.558466911315918, 0.025079378858208656, 1.6098995208740234, -1.3310648202896118, 0.004745551384985447, 7000.0, 7000.0, 7000.0, 7000.0, 0.12347561866044998, -0.061352577060461044
23550, 8.900113105773926, -7.585113048553467, 0.025172336027026176, 1.6131025552749634, -1.3332232236862183, 0.004891745280474424, 7000.0, 7000.0, 7000.0, 7000.0, 0.12188689410686493, -0.06285803020000458
23570, 8.889272689819336, -7.583730697631836, 0.02309209667146206, 1.6091738939285278, -1.331277847290039, -0.006502943579107523, 7000.0, 7000.0, 7000.0, 7000.0, 0.12202198803424835, -0.07081285119056702
23590, 8.921490669250488, -7.610384941101074, 0.0229622982442379, 1.6125332117080688, -1.3337770700454712, -0.0062997713685035706, 7000.0, 7000.0, 7000.0, 7000.0, 0.12086568772792816, -0.06998477876186371
23610, 8.954148292541504, -7.637159824371338, 0.02287299558520317, 1.6156352758407593, -1.3358325958251953, -0.00635853037238121, 7000.0, 7000.0, 7000.0, 7000.0, 0.1207830160856247, -0.06732862442731857
23630, 8.986486434936523, -7.663905620574951, 0.022744018584489822, 1.6180940866470337, -1.3383733034133911, -0.006162465550005436, 7000.0, 7000.0, 7000.0, 7000.0, 0.12108051776885986, -0.06778699159622192
23650, 9.021292686462402, -7.697315216064453, 0.021964572370052338, 1.6221100091934204, -1.342292070388794, -0.008893443271517754, 7000.0, 7000.0, 7000.0, 7000.0, 0.1223435252904892, -0.06505893915891647
23670, 9.0537691116333, -7.724189758300781, 0.021788064390420914, 1.6252323389053345, -1.344812035560608, -0.008433466777205467, 7000.0, 7000.0, 7000.0, 7000.0, 0.12083349376916885, -0.0636904165148735
23690, 9.075128555297852, -7.736812591552734, 0.022165093570947647, 1.6259881258010864, -1.3442078828811646, -0.00539863808080554, 7000.0, 7000.0, 7000.0, 7000.0, 0.11981059610843658, -0.06645891070365906
23710, 9.1093111038208, -7.765072822570801, 0.022053701803088188, 1.629367709159851, -1.3470416069030762, -0.005000703036785126, 7000.0, 7000.0, 7000.0, 7000.0, 0.12006411701440811, -0.06659414619207382
23730, 9.12954044342041, -7.778263092041016, 0.02235647290945053, 1.6299307346343994, -1.3467555046081543, -0.002720295451581478, 7000.0, 7000.0, 7000.0, 7000.0, 0.12149142473936081, -0.06761238723993301
23750, 9.162168502807617, -7.805224895477295, 0.022298289462924004, 1.6327763795852661, -1.349186658859253, -0.0031019956804811954, 7000.0, 7000.0, 7000.0, 7000.0, 0.12141022086143494, -0.06802834570407867
23770, 9.141261100769043, -7.776977062225342, 0.023659883067011833, 1.6249940395355225, -1.340400218963623, 0.005450742319226265, 7000.0, 7000.0, 7000.0, 7000.0, 0.1224931925535202, -0.06846167147159576
23790, 9.173796653747559, -7.803809642791748, 0.023776747286319733, 1.6284204721450806, -1.342660665512085, 0.006302052177488804, 7000.0, 7000.0, 7000.0, 7000.0, 0.1226964071393013, -0.0527799054980278
23810, 9.206395149230957, -7.830683708190918, 0.023902421817183495, 1.6314008235931396, -1.3446049690246582, 0.006403644103556871, 7000.0, 7000.0, 7000.0, 7000.0, 0.12337268888950348, -0.05357201024889946
23830, 9.231992721557617, -7.849912166595459, 0.0249239020049572, 1.6323370933532715, -1.3453317880630493, 0.011514520272612572, 7000.0, 7000.0, 7000.0, 7000.0, 0.12080608308315277, -0.047414980828762054
23850, 9.264668464660645, -7.876842975616455, 0.025154758244752884, 1.6351780891418457, -1.347622036933899, 0.011649169027805328, 7000.0, 7000.0, 7000.0, 7000.0, 0.1194494217634201, -0.05106525123119354
23870, 9.302978515625, -7.909050941467285, 0.025705572217702866, 1.6387969255447388, -1.3508180379867554, 0.01357374805957079, 7000.0, 7000.0, 7000.0, 7000.0, 0.11918776482343674, -0.05255158245563507
23890, 9.335784912109375, -7.93609094619751, 0.0259824488312006, 1.6417908668518066, -1.3531773090362549, 0.014073371887207031, 7000.0, 7000.0, 7000.0, 7000.0, 0.11878986656665802, -0.053462278097867966
23910, 9.357972145080566, -7.952966213226318, 0.025790570303797722, 1.643059492111206, -1.3540581464767456, 0.011568425223231316, 7000.0, 7000.0, 7000.0, 7000.0, 0.11838311702013016, -0.05372684448957443
23930, 9.390863418579102, -7.9800705909729, 0.026025686413049698, 1.6458266973495483, -1.356274962425232, 0.011943652294576168, 7000.0, 7000.0, 7000.0, 7000.0, 0.11650778353214264, -0.05239192768931389
23950, 9.379538536071777, -7.964126110076904, 0.024149514734745026, 1.6415770053863525, -1.3515185117721558, 0.0004743198514916003, 7000.0, 7000.0, 7000.0, 7000.0, 0.11710584163665771, -0.05153442546725273
23970, 9.412396430969238, -7.991180419921875, 0.02415894716978073, 1.6440298557281494, -1.3539928197860718, 0.0004909800481982529, 7000.0, 7000.0, 7000.0, 7000.0, 0.11782462894916534, -0.05312560498714447
23990, 9.446794509887695, -8.021465301513672, 0.024510584771633148, 1.6468737125396729, -1.3569114208221436, 0.002551243407651782, 7000.0, 7000.0, 7000.0, 7000.0, 0.11724434047937393, -0.05577196180820465
24010, 9.479759216308594, -8.048624038696289, 0.024563608691096306, 1.649500846862793, -1.3591244220733643, 0.0027082227170467377, 7000.0, 7000.0, 7000.0, 7000.0, 0.11688193678855896, -0.05907818675041199
24030, 9.50760269165039, -8.074249267578125, 0.02516138181090355, 1.650580644607544, -1.3611623048782349, 0.005676464177668095, 7000.0, 7000.0, 7000.0, 7000.0, 0.11801043897867203, -0.0599529892206192
24050, 9.540641784667969, -8.101496696472168, 0.025276821106672287, 1.6533812284469604, -1.3636975288391113, 0.005778432358056307, 7000.0, 7000.0, 7000.0, 7000.0, 0.11734747141599655, -0.05953724682331085
24070, 9.577007293701172, -8.131159782409668, 0.025247523561120033, 1.6569769382476807, -1.36612069606781, 0.005812670569866896, 7000.0, 7000.0, 7000.0, 7000.0, 0.11815668642520905, -0.05957099795341492
24090, 9.610174179077148, -8.158504486083984, 0.025372445583343506, 1.659700632095337, -1.3685826063156128, 0.0064745754934847355, 7000.0, 7000.0, 7000.0, 7000.0, 0.11914601176977158, -0.05975978448987007
24110, 9.643397331237793, -8.185901641845703, 0.02550630085170269, 1.662523627281189, -1.3712698221206665, 0.006657192949205637, 7000.0, 7000.0, 7000.0, 7000.0, 0.12040874361991882, -0.06446374952793121
24130, 9.708063125610352, -8.239582061767578, 0.02458999864757061, 1.6716526746749878, -1.3787436485290527, 0.0014633587561547756, 7000.0, 7000.0, 7000.0, 7000.0, 0.11938706785440445, -0.07062193751335144
24150, 9.741524696350098, -8.26717758178711, 0.024617064744234085, 1.674601674079895, -1.3809505701065063, 0.0010137329809367657, 7000.0, 7000.0, 7000.0, 7000.0, 0.11872004717588425, -0.07329484820365906
24170, 9.764543533325195, -8.285652160644531, 0.024795914068818092, 1.6757973432540894, -1.381440281867981, 0.0018138305749744177, 7000.0, 7000.0, 7000.0, 7000.0, 0.1204615980386734, -0.07207566499710083
24190, 9.798089981079102, -8.313302993774414, 0.02483477257192135, 1.678893804550171, -1.3838013410568237, 0.0020802351646125317, 7000.0, 7000.0, 7000.0, 7000.0, 0.12172994762659073, -0.06836708635091782
24210, 9.860309600830078, -8.36611270904541, 0.024531381204724312, 1.6874361038208008, -1.3909027576446533, 0.0006515841814689338, 7000.0, 7000.0, 7000.0, 7000.0, 0.1219591572880745, -0.06749018281698227
24230, 9.89409065246582, -8.393954277038574, 0.024548500776290894, 1.6906541585922241, -1.3932048082351685, 0.001113798702135682, 7000.0, 7000.0, 7000.0, 7000.0, 0.12136423587799072, -0.06471960246562958
24250, 9.949501991271973, -8.44080924987793, 0.024353530257940292, 1.698058843612671, -1.3988677263259888, 0.0004643363645300269, 7000.0, 7000.0, 7000.0, 7000.0, 0.12038358300924301, -0.0636981725692749
24270, 9.98349380493164, -8.468810081481934, 0.024366796016693115, 1.7010670900344849, -1.4012665748596191, 0.0007980256923474371, 7000.0, 7000.0, 7000.0, 7000.0, 0.11947111785411835, -0.06363186985254288
24290, 10.171384811401367, -8.631452560424805, 0.023032296448946, 1.732956886291504, -1.4288781881332397, -0.006360895000398159, 7000.0, 7000.0, 7000.0, 7000.0, 0.12087196856737137, -0.06203683838248253
24310, 10.20607852935791, -8.660053253173828, 0.022907385602593422, 1.7365509271621704, -1.4312063455581665, -0.00619089649990201, 7000.0, 7000.0, 7000.0, 7000.0, 0.12012600898742676, -0.0833624005317688
24330, 10.077096939086914, -8.546820640563965, 0.023638030514121056, 1.708916425704956, -1.4072105884552002, -0.0014146415051072836, 7000.0, 7000.0, 7000.0, 7000.0, 0.11973084509372711, -0.08234673738479614
24350, 10.11130142211914, -8.574989318847656, 0.02361205965280533, 1.7117129564285278, -1.4096696376800537, -0.0012436633696779609, 7000.0, 7000.0, 7000.0, 7000.0, 0.11885716766119003, -0.05850870534777641
24370, 10.145563125610352, -8.603203773498535, 0.023592019453644753, 1.7147107124328613, -1.4116523265838623, -0.0007670966442674398, 7000.0, 7000.0, 7000.0, 7000.0, 0.11893198639154434, -0.060775358229875565
24390, 10.335679054260254, -8.766950607299805, 0.022495752200484276, 1.7472134828567505, -1.4389246702194214, -0.005912177264690399, 7000.0, 7000.0, 7000.0, 7000.0, 0.11945996433496475, -0.08377109467983246
24410, 10.370655059814453, -8.795757293701172, 0.022377859801054, 1.7504137754440308, -1.441765308380127, -0.005710828583687544, 7000.0, 7000.0, 7000.0, 7000.0, 0.11923334002494812, -0.08230707049369812
24430, 10.432804107666016, -8.8480224609375, 0.02213463932275772, 1.7584975957870483, -1.4485758543014526, -0.005811842158436775, 7000.0, 7000.0, 7000.0, 7000.0, 0.11893422156572342, -0.08325738459825516
24450, 10.468008995056152, -8.877017974853516, 0.022023256868124008, 1.7621040344238281, -1.4508291482925415, -0.005215743090957403, 7000.0, 7000.0, 7000.0, 7000.0, 0.1178758516907692, -0.0871153175830841
24470, 10.500743865966797, -8.9038724899292, 0.021930916234850883, 1.7650197744369507, -1.4528752565383911, -0.005148986354470253, 7000.0, 7000.0, 7000.0, 7000.0, 0.11627263575792313, -0.08616276830434799
24490, 10.536072731018066, -8.932953834533691, 0.021829674020409584, 1.767935872077942, -1.455107569694519, -0.004651096649467945, 7000.0, 7000.0, 7000.0, 7000.0, 0.1152535229921341, -0.08394353836774826
24510, 10.552603721618652, -8.945914268493652, 0.021824892610311508, 1.76746666431427, -1.454850673675537, -0.0037863373290747404, 7000.0, 7000.0, 7000.0, 7000.0, 0.11542173475027084, -0.08820828050374985
24530, 10.587982177734375, -8.975035667419434, 0.02175125479698181, 1.7703748941421509, -1.4570906162261963, -0.003512014402076602, 7000.0, 7000.0, 7000.0, 7000.0, 0.11418566852807999, -0.0895053893327713
24550, 10.346367835998535, -8.76639461517334, 0.022999854758381844, 1.722719669342041, -1.41631281375885, 0.003992305137217045, 7000.0, 7000.0, 7000.0, 7000.0, 0.11328490823507309, -0.08960788697004318
24570, 10.380849838256836, -8.794747352600098, 0.023075658828020096, 1.7256505489349365, -1.4187504053115845, 0.0038886654656380415, 7000.0, 7000.0, 7000.0, 7000.0, 0.11278413236141205, -0.05307675525546074
24590, 10.350024223327637, -8.764608383178711, 0.024238983169198036, 1.7160990238189697, -1.4101316928863525, 0.01003834418952465, 7000.0, 7000.0, 7000.0, 7000.0, 0.11340519785881042, -0.056370675563812256
24610, 10.38437271118164, -8.792838096618652, 0.024432919919490814, 1.7189335823059082, -1.4124730825424194, 0.009561823680996895, 7000.0, 7000.0, 7000.0, 7000.0, 0.11348294466733932, -0.04345272108912468
24630, 10.418780326843262, -8.821118354797363, 0.024625299498438835, 1.7218536138534546, -1.41507887840271, 0.01006517093628645, 7000.0, 7000.0, 7000.0, 7000.0, 0.11246834695339203, -0.042554955929517746
24650, 10.496132850646973, -8.883974075317383, 0.025401649996638298, 1.7324280738830566, -1.42314612865448, 0.013442653231322765, 7000.0, 7000.0, 7000.0, 7000.0, 0.11300783604383469, -0.04226585850119591
24670, 10.53080940246582, -8.912463188171387, 0.025672946125268936, 1.735260248184204, -1.4252768754959106, 0.014094589278101921, 7000.0, 7000.0, 7000.0, 7000.0, 0.11303834617137909, -0.04058702662587166
24690, 10.448128700256348, -8.84410285949707, 0.025201333686709404, 1.718152403831482, -1.411159634590149, 0.010726077482104301, 7000.0, 7000.0, 7000.0, 7000.0, 0.11188971996307373, -0.03790722414851189
24710, 10.482521057128906, -8.872355461120605, 0.02541256695985794, 1.7210149765014648, -1.4136855602264404, 0.01072666235268116, 7000.0, 7000.0, 7000.0, 7000.0, 0.11349432915449142, -0.03827584162354469
24730, 10.057690620422363, -8.520931243896484, 0.023397138342261314, 1.6446223258972168, -1.3501431941986084, -0.0008214455447159708, 7000.0, 7000.0, 7000.0, 7000.0, 0.11223286390304565, -0.04092090204358101
24750, 10.090608596801758, -8.547957420349121, 0.023379284888505936, 1.6470799446105957, -1.3522207736968994, -0.0008904755231924355, 7000.0, 7000.0, 7000.0, 7000.0, 0.11255659908056259, -0.009317436255514622
24770, 9.343568801879883, -7.9299211502075195, 0.021217143163084984, 1.5136348009109497, -1.2415581941604614, -0.012963858433067799, 7000.0, 7000.0, 7000.0, 7000.0, 0.11511670798063278, -0.012001956813037395
24790, 9.373872756958008, -7.954777240753174, 0.020958375185728073, 1.5166523456573486, -1.24361252784729, -0.012666870839893818, 7000.0, 7000.0, 7000.0, 7000.0, 0.11425872147083282, 0.055521219968795776
24810, 11.354119300842285, -9.590137481689453, 0.02328886091709137, 1.861771821975708, -1.5294301509857178, 0.0009338351082988083, 7000.0, 7000.0, 7000.0, 7000.0, 0.11556117981672287, 0.056655094027519226
24830, 11.391390800476074, -9.620752334594727, 0.023303546011447906, 1.8651288747787476, -1.531805396080017, 0.0007455770974047482, 7000.0, 7000.0, 7000.0, 7000.0, 0.11392446607351303, -0.12985467910766602
24850, 11.347900390625, -9.58415699005127, 0.022815028205513954, 1.8545832633972168, -1.5228090286254883, -0.0019817152060568333, 7000.0, 7000.0, 7000.0, 7000.0, 0.11289656162261963, -0.1278783231973648
24870, 11.385024070739746, -9.614641189575195, 0.022774431854486465, 1.8574694395065308, -1.5253409147262573, -0.001864784979261458, 7000.0, 7000.0, 7000.0, 7000.0, 0.1143064796924591, -0.12502068281173706
24890, 11.30001163482666, -9.544771194458008, 0.023211872205138206, 1.838977336883545, -1.5102273225784302, 0.0010154522024095058, 7000.0, 7000.0, 7000.0, 7000.0, 0.11473923176527023, -0.12575888633728027
24910, 11.336825370788574, -9.575003623962402, 0.023232966661453247, 1.8420783281326294, -1.5126359462738037, 0.0012439275160431862, 7000.0, 7000.0, 7000.0, 7000.0, 0.11379469186067581, -0.11366589367389679
24930, 11.373703002929688, -9.605284690856934, 0.023258063942193985, 1.845466136932373, -1.5152734518051147, 0.001385434647090733, 7000.0, 7000.0, 7000.0, 7000.0, 0.1133858859539032, -0.11134539544582367
24950, 11.62492561340332, -9.812872886657715, 0.022766171023249626, 1.8861567974090576, -1.5488773584365845, -0.0006818263791501522, 7000.0, 7000.0, 7000.0, 7000.0, 0.11353736370801926, -0.13373491168022156
24970, 11.66268539428711, -9.843878746032715, 0.02275223843753338, 1.889340877532959, -1.5519121885299683, -0.0006214306922629476, 7000.0, 7000.0, 7000.0, 7000.0, 0.11285272985696793, -0.13028596341609955
24990, 12.414592742919922, -10.466856002807617, 0.0215633362531662, 2.0174810886383057, -1.6584668159484863, -0.006946620065718889, 7000.0, 7000.0, 7000.0, 7000.0, 0.11413218826055527, -0.2096732258796692
25010, 12.454981803894043, -10.500055313110352, 0.021426407620310783, 2.0211257934570312, -1.661518931388855, -0.006667768117040396, 7000.0, 7000.0, 7000.0, 7000.0, 0.11462286859750748, -0.20790040493011475
25030, 11.52310848236084, -9.727043151855469, 0.022431839257478714, 1.8553379774093628, -1.5239654779434204, 0.00010428311361465603, 7000.0, 7000.0, 7000.0, 7000.0, 0.11558085680007935, -0.20455363392829895
25050, 11.560247421264648, -9.757549285888672, 0.022441009059548378, 1.858225703239441, -1.5266472101211548, 0.0007753439713269472, 7000.0, 7000.0, 7000.0, 7000.0, 0.11646488308906555, -0.10337134450674057
25070, 10.917677879333496, -9.221292495727539, 0.023496247828006744, 1.7434741258621216, -1.4308407306671143, 0.006079769227653742, 7000.0, 7000.0, 7000.0, 7000.0, 0.11853411048650742, -0.1017947643995285
25090, 10.952579498291016, -9.249931335449219, 0.02362142503261566, 1.746260404586792, -1.4330891370773315, 0.006308394018560648, 7000.0, 7000.0, 7000.0, 7000.0, 0.11809597909450531, -0.029366863891482353
25110, 10.849067687988281, -9.15772819519043, 0.024641605094075203, 1.7248188257217407, -1.414141297340393, 0.011232745833694935, 7000.0, 7000.0, 7000.0, 7000.0, 0.11917340010404587, -0.03352478891611099
25130, 10.883593559265137, -9.186030387878418, 0.02486962452530861, 1.7273491621017456, -1.4162849187850952, 0.01148858480155468, 7000.0, 7000.0, 7000.0, 7000.0, 0.1193283349275589, -0.013759584166109562
25150, 10.83687973022461, -9.149825096130371, 0.02468636818230152, 1.7164407968521118, -1.4074335098266602, 0.009091083891689777, 7000.0, 7000.0, 7000.0, 7000.0, 0.11793449521064758, -0.013300648890435696
25170, 10.871236801147461, -9.17799186706543, 0.024872727692127228, 1.7190136909484863, -1.4096660614013672, 0.009293523617088795, 7000.0, 7000.0, 7000.0, 7000.0, 0.1173500046133995, -0.01853061281144619
25190, 10.741938591003418, -9.073385238647461, 0.024657124653458595, 1.694343090057373, -1.3894180059432983, 0.00712236575782299, 7000.0, 7000.0, 7000.0, 7000.0, 0.11693459004163742, -0.018769020214676857
25210, 10.775857925415039, -9.10119342803955, 0.02480531670153141, 1.6971861124038696, -1.3918782472610474, 0.007295155432075262, 7000.0, 7000.0, 7000.0, 7000.0, 0.116791732609272, -0.00851933378726244
25230, 10.809829711914062, -9.129047393798828, 0.02496226876974106, 1.6998398303985596, -1.3939547538757324, 0.008033301681280136, 7000.0, 7000.0, 7000.0, 7000.0, 0.11610907316207886, -0.011504667811095715
25250, 10.643645286560059, -8.994243621826172, 0.02470971643924713, 1.6687307357788086, -1.3685054779052734, 0.005883091129362583, 7000.0, 7000.0, 7000.0, 7000.0, 0.11709713190793991, 0.004917793441563845
25270, 10.677050590515137, -9.021631240844727, 0.02483188919723034, 1.6714262962341309, -1.3707234859466553, 0.005949388258159161, 7000.0, 7000.0, 7000.0, 7000.0, 0.1162797212600708, 0.007631202694028616
25290, 9.440621376037598, -8.019832611083984, 0.02276182919740677, 1.4592584371566772, -1.1978689432144165, -0.007175310514867306, 7000.0, 7000.0, 7000.0, 7000.0, 0.11643418669700623, 0.11703457683324814
25310, 9.46983528137207, -8.043798446655273, 0.022627953439950943, 1.4618104696273804, -1.1994705200195312, -0.006699847523123026, 7000.0, 7000.0, 7000.0, 7000.0, 0.11757610738277435, 0.11789097636938095
25330, 10.447870254516602, -8.833227157592773, 0.023594632744789124, 1.6246144771575928, -1.3311216831207275, 1.0711564755183645e-06, 7000.0, 7000.0, 7000.0, 7000.0, 0.11642294377088547, 0.1182108223438263
25350, 10.480395317077637, -8.859864234924316, 0.023600980639457703, 1.6277889013290405, -1.333130121231079, 0.0001911739818751812, 7000.0, 7000.0, 7000.0, 7000.0, 0.11723987013101578, 0.030500398948788643
25370, 10.636104583740234, -8.986006736755371, 0.023782353848218918, 1.6518124341964722, -1.3521229028701782, 0.0013842943590134382, 7000.0, 7000.0, 7000.0, 7000.0, 0.11914720386266708, 0.023948516696691513
25390, 10.669171333312988, -9.013062477111816, 0.023813121020793915, 1.654679536819458, -1.354203224182129, 0.001294792047701776, 7000.0, 7000.0, 7000.0, 7000.0, 0.11871805787086487, 0.010751727968454361
25410, 11.410027503967285, -9.613546371459961, 0.02516142465174198, 1.7762635946273804, -1.452958583831787, 0.00843777135014534, 7000.0, 7000.0, 7000.0, 7000.0, 0.1193564310669899, 0.011461128480732441
25430, 11.445579528808594, -9.642618179321289, 0.025338189676404, 1.779109001159668, -1.4549390077590942, 0.008711203932762146, 7000.0, 7000.0, 7000.0, 7000.0, 0.12135147303342819, -0.048371829092502594
25450, 11.387712478637695, -9.595206260681152, 0.024924110621213913, 1.7664047479629517, -1.4443848133087158, 0.005621917080134153, 7000.0, 7000.0, 7000.0, 7000.0, 0.12034236639738083, -0.04861607030034065
25470, 11.423069953918457, -9.624112129211426, 0.025045035406947136, 1.769281029701233, -1.4469635486602783, 0.006066169589757919, 7000.0, 7000.0, 7000.0, 7000.0, 0.1221204549074173, -0.05137467384338379
25490, 11.458481788635254, -9.65306282043457, 0.02517150156199932, 1.7720392942428589, -1.448645830154419, 0.0061643896624445915, 7000.0, 7000.0, 7000.0, 7000.0, 0.12519709765911102, -0.049748167395591736
25510, 11.5834321975708, -9.753665924072266, 0.024379659444093704, 1.7904201745986938, -1.4632847309112549, 0.0020356341265141964, 7000.0, 7000.0, 7000.0, 7000.0, 0.12484940886497498, -0.06326860189437866
25530, 11.619275093078613, -9.782949447631836, 0.024431586265563965, 1.793984293937683, -1.4655802249908447, 0.0027121566236019135, 7000.0, 7000.0, 7000.0, 7000.0, 0.1232668086886406, -0.06543156504631042
25550, 11.827781677246094, -9.951292037963867, 0.023886270821094513, 1.8261798620224, -1.4913541078567505, -0.00014596064283978194, 7000.0, 7000.0, 7000.0, 7000.0, 0.12342961132526398, -0.0870472714304924
25570, 11.864334106445312, -9.981138229370117, 0.02388550341129303, 1.8292242288589478, -1.4937809705734253, -0.0003368925245013088, 7000.0, 7000.0, 7000.0, 7000.0, 0.12291598320007324, -0.09083178639411926
25590, 11.877074241638184, -9.991814613342285, 0.023932816460728645, 1.8282382488250732, -1.4932353496551514, 4.3672822357621044e-05, 7000.0, 7000.0, 7000.0, 7000.0, 0.12387062609195709, -0.09040424227714539
25610, 11.913666725158691, -10.021702766418457, 0.02393895387649536, 1.8312551975250244, -1.4958816766738892, 0.00037088594399392605, 7000.0, 7000.0, 7000.0, 7000.0, 0.1218901202082634, -0.09197056293487549
25630, 11.938573837280273, -10.042149543762207, 0.023976735770702362, 1.8319878578186035, -1.496523141860962, 0.0008708690875209868, 7000.0, 7000.0, 7000.0, 7000.0, 0.12294347584247589, -0.09201756864786148
25650, 11.975241661071777, -10.072101593017578, 0.023997865617275238, 1.8351094722747803, -1.4990748167037964, 0.0011628859210759401, 7000.0, 7000.0, 7000.0, 7000.0, 0.12354613840579987, -0.08999499678611755
25670, 11.806962013244629, -9.935428619384766, 0.024430684745311737, 1.8036563396453857, -1.4738924503326416, 0.003697696141898632, 7000.0, 7000.0, 7000.0, 7000.0, 0.12471073865890503, -0.09221501648426056
25690, 11.843061447143555, -9.964926719665527, 0.024508927017450333, 1.8068327903747559, -1.476286768913269, 0.003861582139506936, 7000.0, 7000.0, 7000.0, 7000.0, 0.12210872769355774, -0.06871141493320465
25710, 11.652043342590332, -9.806680679321289, 0.02515614591538906, 1.7719517946243286, -1.4474809169769287, 0.006803964264690876, 7000.0, 7000.0, 7000.0, 7000.0, 0.12365630269050598, -0.07139503210783005
25730, 11.687503814697266, -9.835647583007812, 0.02529575116932392, 1.7744120359420776, -1.449416160583496, 0.007047482766211033, 7000.0, 7000.0, 7000.0, 7000.0, 0.12340423464775085, -0.04406014457345009
25750, 11.723015785217285, -9.864652633666992, 0.025442996993660927, 1.7772855758666992, -1.451346755027771, 0.007688676007091999, 7000.0, 7000.0, 7000.0, 7000.0, 0.12243233621120453, -0.043545376509428024
25770, 11.711241722106934, -9.853337287902832, 0.02583780512213707, 1.7724661827087402, -1.446757197380066, 0.009334446862339973, 7000.0, 7000.0, 7000.0, 7000.0, 0.12274908274412155, -0.043402548879384995
25790, 11.746718406677246, -9.882293701171875, 0.026022566482424736, 1.7755160331726074, -1.448907732963562, 0.00905186403542757, 7000.0, 7000.0, 7000.0, 7000.0, 0.12328017503023148, -0.045003850013017654
25810, 11.934073448181152, -10.054476737976074, 0.02411404624581337, 1.8044508695602417, -1.4755048751831055, -0.0012896433472633362, 7000.0, 7000.0, 7000.0, 7000.0, 0.12305120378732681, -0.0704977959394455
25830, 11.970189094543457, -10.084007263183594, 0.024090847000479698, 1.8074748516082764, -1.4776214361190796, -0.0010843033669516444, 7000.0, 7000.0, 7000.0, 7000.0, 0.12444461137056351, -0.07505037635564804
25850, 12.008362770080566, -10.11588191986084, 0.0240417942404747, 1.8104721307754517, -1.4804763793945312, -0.0004969200817868114, 7000.0, 7000.0, 7000.0, 7000.0, 0.12266045063734055, -0.07273982465267181
25870, 12.044601440429688, -10.145513534545898, 0.024031732231378555, 1.8137860298156738, -1.4824832677841187, -0.0004632950876839459, 7000.0, 7000.0, 7000.0, 7000.0, 0.12276402860879898, -0.07432374358177185
25890, 12.040907859802246, -10.123333930969238, 0.024820541962981224, 1.8098504543304443, -1.4760143756866455, 0.0039224037900567055, 7000.0, 7000.0, 7000.0, 7000.0, 0.12200495600700378, -0.07892567664384842
25910, 12.077130317687988, -10.15287971496582, 0.024900779128074646, 1.8127942085266113, -1.4783282279968262, 0.003980303183197975, 7000.0, 7000.0, 7000.0, 7000.0, 0.1234319731593132, -0.07226848602294922
25930, 12.122396469116211, -10.196239471435547, 0.024608343839645386, 1.8177595138549805, -1.4826363325119019, 0.0019773945678025484, 7000.0, 7000.0, 7000.0, 7000.0, 0.12406184524297714, -0.07497436553239822
25950, 12.158782958984375, -10.225918769836426, 0.02464495226740837, 1.8209344148635864, -1.4850997924804688, 0.0018633200088515878, 7000.0, 7000.0, 7000.0, 7000.0, 0.1247343197464943, -0.0763147696852684
25970, 12.193889617919922, -10.252873420715332, 0.02480907365679741, 1.8238000869750977, -1.4872642755508423, 0.002801051829010248, 7000.0, 7000.0, 7000.0, 7000.0, 0.12327557057142258, -0.07558964937925339
25990, 12.230391502380371, -10.282647132873535, 0.024865856394171715, 1.826567530632019, -1.4899449348449707, 0.0029451174195855856, 7000.0, 7000.0, 7000.0, 7000.0, 0.12235619872808456, -0.07354122400283813
26010, 12.275733947753906, -10.332338333129883, 0.023807311430573463, 1.8321300745010376, -1.4957352876663208, -0.0033465458545833826, 7000.0, 7000.0, 7000.0, 7000.0, 0.12298014760017395, -0.07060784846544266
26030, 12.312405586242676, -10.36227798461914, 0.023741554468870163, 1.8352893590927124, -1.4981355667114258, -0.0031333996448665857, 7000.0, 7000.0, 7000.0, 7000.0, 0.12503355741500854, -0.08300097286701202
26050, 12.349139213562012, -10.392268180847168, 0.023680305108428, 1.8381884098052979, -1.5005722045898438, -0.0029647487681359053, 7000.0, 7000.0, 7000.0, 7000.0, 0.12504762411117554, -0.08598951250314713
26070, 12.405157089233398, -10.44761848449707, 0.02292475663125515, 1.8448268175125122, -1.5069102048873901, -0.006158455740660429, 7000.0, 7000.0, 7000.0, 7000.0, 0.12542253732681274, -0.09079258888959885
26090, 12.442086219787598, -10.477781295776367, 0.02280603162944317, 1.848325490951538, -1.5091416835784912, -0.005815836600959301, 7000.0, 7000.0, 7000.0, 7000.0, 0.12601742148399353, -0.0901472344994545
26110, 12.499424934387207, -10.531267166137695, 0.02237713150680065, 1.8550041913986206, -1.5157872438430786, -0.0072127580642700195, 7000.0, 7000.0, 7000.0, 7000.0, 0.12518279254436493, -0.09137042611837387
26130, 12.536554336547852, -10.561606407165527, 0.022236134856939316, 1.8579490184783936, -1.5179431438446045, -0.006944647524505854, 7000.0, 7000.0, 7000.0, 7000.0, 0.12477048486471176, -0.09400403499603271
26150, 12.510163307189941, -10.521444320678711, 0.02283620275557041, 1.8501704931259155, -1.5083094835281372, -0.0030172269325703382, 7000.0, 7000.0, 7000.0, 7000.0, 0.1255953311920166, -0.09567542374134064
26170, 12.547198295593262, -10.55163860321045, 0.02277885191142559, 1.8534975051879883, -1.510804533958435, -0.0026983136776834726, 7000.0, 7000.0, 7000.0, 7000.0, 0.1267542839050293, -0.08429544419050217
26190, 12.471369743347168, -10.458849906921387, 0.024402279406785965, 1.8376257419586182, -1.492934226989746, 0.006235423497855663, 7000.0, 7000.0, 7000.0, 7000.0, 0.1274396777153015, -0.08748883754014969
26210, 12.508147239685059, -10.48873519897461, 0.02452504076063633, 1.8402202129364014, -1.495374321937561, 0.006249297875910997, 7000.0, 7000.0, 7000.0, 7000.0, 0.12656106054782867, -0.0706048533320427
26230, 12.552247047424316, -10.524763107299805, 0.025591235607862473, 1.8435124158859253, -1.497949481010437, 0.011437212117016315, 7000.0, 7000.0, 7000.0, 7000.0, 0.12637732923030853, -0.06923966854810715
26250, 12.589155197143555, -10.554747581481934, 0.025823913514614105, 1.8472082614898682, -1.500412106513977, 0.011935476213693619, 7000.0, 7000.0, 7000.0, 7000.0, 0.12624405324459076, -0.06564267724752426
26270, 12.595011711120605, -10.554635047912598, 0.025648420676589012, 1.8459759950637817, -1.4985761642456055, 0.010268590413033962, 7000.0, 7000.0, 7000.0, 7000.0, 0.126019686460495, -0.06652967631816864
26290, 12.631959915161133, -10.584635734558105, 0.02584967575967312, 1.848923921585083, -1.5012354850769043, 0.009904001839458942, 7000.0, 7000.0, 7000.0, 7000.0, 0.12560006976127625, -0.06742409616708755
26310, 12.555747032165527, -10.504861831665039, 0.02488657459616661, 1.8355517387390137, -1.4870730638504028, 0.003765743924304843, 7000.0, 7000.0, 7000.0, 7000.0, 0.1270696222782135, -0.06910592317581177
26330, 12.592484474182129, -10.534623146057129, 0.024968178942799568, 1.8381489515304565, -1.4890940189361572, 0.004464372061192989, 7000.0, 7000.0, 7000.0, 7000.0, 0.12853652238845825, -0.0726519376039505
26350, 12.62927532196045, -10.564428329467773, 0.025061504915356636, 1.8409422636032104, -1.4912363290786743, 0.004904037807136774, 7000.0, 7000.0, 7000.0, 7000.0, 0.12739844620227814, -0.07146887481212616
26370, 12.575766563415527, -10.505624771118164, 0.0243033766746521, 1.830652117729187, -1.4797673225402832, 0.0007257783436216414, 7000.0, 7000.0, 7000.0, 7000.0, 0.1276957243680954, -0.07397045940160751
26390, 12.612410545349121, -10.53524398803711, 0.024318009614944458, 1.8336247205734253, -1.4821088314056396, 0.0008358662016689777, 7000.0, 7000.0, 7000.0, 7000.0, 0.12692266702651978, -0.07389359921216965
26410, 12.532148361206055, -10.448009490966797, 0.023359574377536774, 1.8189005851745605, -1.4663567543029785, -0.004539127461612225, 7000.0, 7000.0, 7000.0, 7000.0, 0.12609373033046722, -0.0734570175409317
26430, 12.568556785583496, -10.477360725402832, 0.023269355297088623, 1.8218932151794434, -1.4688163995742798, -0.004374626092612743, 7000.0, 7000.0, 7000.0, 7000.0, 0.12600702047348022, -0.07186531275510788
26450, 12.543225288391113, -10.443747520446777, 0.02268461510539055, 1.8157011270523071, -1.4614217281341553, -0.007192343473434448, 7000.0, 7000.0, 7000.0, 7000.0, 0.12758378684520721, -0.07614801079034805
26470, 12.579572677612305, -10.47299575805664, 0.022542588412761688, 1.8188945055007935, -1.463505506515503, -0.006928393617272377, 7000.0, 7000.0, 7000.0, 7000.0, 0.12819528579711914, -0.07931631803512573
26490, 12.835125923156738, -10.730341911315918, 0.024191398173570633, 1.8554277420043945, -1.5016019344329834, 0.0026169302873313427, 7000.0, 7000.0, 7000.0, 7000.0, 0.12813250720500946, -0.07788535207509995
26510, 12.872262001037598, -10.760398864746094, 0.02424829639494419, 1.8584377765655518, -1.5041522979736328, 0.0031106157694011927, 7000.0, 7000.0, 7000.0, 7000.0, 0.1274639219045639, -0.0852179080247879
26530, 12.96105670928955, -10.820219039916992, 0.02537611685693264, 1.8692528009414673, -1.510991096496582, 0.00920422375202179, 7000.0, 7000.0, 7000.0, 7000.0, 0.12786641716957092, -0.08502180874347687
26550, 13.002216339111328, -10.853486061096191, 0.025579581037163734, 1.872501254081726, -1.5135080814361572, 0.009420065209269524, 7000.0, 7000.0, 7000.0, 7000.0, 0.1285477727651596, -0.08618861436843872
26570, 13.056572914123535, -10.941128730773926, 0.024310600012540817, 1.8790725469589233, -1.5251020193099976, 0.002177776535972953, 7000.0, 7000.0, 7000.0, 7000.0, 0.12754102051258087, -0.08666403591632843
26590, 13.094185829162598, -10.971651077270508, 0.024354655295610428, 1.8821567296981812, -1.5272849798202515, 0.0022450259421020746, 7000.0, 7000.0, 7000.0, 7000.0, 0.12765762209892273, -0.09888884425163269
26610, 13.144242286682129, -11.021169662475586, 0.02424754947423935, 1.8867994546890259, -1.5325071811676025, 0.0014955190708860755, 7000.0, 7000.0, 7000.0, 7000.0, 0.12806740403175354, -0.09972900152206421
26630, 13.182011604309082, -11.05184268951416, 0.0242737028747797, 1.8898762464523315, -1.5349705219268799, 0.0012677650665864348, 7000.0, 7000.0, 7000.0, 7000.0, 0.12803897261619568, -0.10106883943080902
26650, 13.219840049743652, -11.082559585571289, 0.02430080436170101, 1.892838478088379, -1.5369645357131958, 0.001423348905518651, 7000.0, 7000.0, 7000.0, 7000.0, 0.12793096899986267, -0.09908794611692429
26670, 13.224653244018555, -11.066551208496094, 0.024627339094877243, 1.8904935121536255, -1.531985878944397, 0.0031908205710351467, 7000.0, 7000.0, 7000.0, 7000.0, 0.1269289255142212, -0.09664899855852127
26690, 13.262490272521973, -11.097211837768555, 0.02469269372522831, 1.8931102752685547, -1.5341849327087402, 0.0033133334945887327, 7000.0, 7000.0, 7000.0, 7000.0, 0.12765102088451385, -0.09876488149166107
26710, 13.284008979797363, -11.105878829956055, 0.024887125939130783, 1.8937557935714722, -1.533125877380371, 0.0038074376061558723, 7000.0, 7000.0, 7000.0, 7000.0, 0.12646301090717316, -0.09707752615213394
26730, 13.321913719177246, -11.136566162109375, 0.024962836876511574, 1.8964582681655884, -1.5358723402023315, 0.0037760429549962282, 7000.0, 7000.0, 7000.0, 7000.0, 0.12710361182689667, -0.09920337051153183
26750, 13.304153442382812, -11.095353126525879, 0.025472115725278854, 1.8908613920211792, -1.5274206399917603, 0.005837506148964167, 7000.0, 7000.0, 7000.0, 7000.0, 0.1266990751028061, -0.09743111580610275
26770, 13.342000961303711, -11.125924110412598, 0.0255846306681633, 1.893915057182312, -1.5298247337341309, 0.005605920217931271, 7000.0, 7000.0, 7000.0, 7000.0, 0.1263093650341034, -0.08994893729686737
26790, 13.528557777404785, -11.342406272888184, 0.024176500737667084, 1.9206953048706055, -1.5610787868499756, -0.002113697351887822, 7000.0, 7000.0, 7000.0, 7000.0, 0.1261482536792755, -0.09327345341444016
26810, 13.567008018493652, -11.373651504516602, 0.024140434339642525, 1.9242335557937622, -1.5635192394256592, -0.0015497829299420118, 7000.0, 7000.0, 7000.0, 7000.0, 0.12733031809329987, -0.11304789781570435
26830, 13.791422843933105, -11.629695892333984, 0.022837072610855103, 1.956857681274414, -1.6006501913070679, -0.007877372205257416, 7000.0, 7000.0, 7000.0, 7000.0, 0.12605465948581696, -0.1165260523557663
26850, 13.83059024810791, -11.661730766296387, 0.022678619250655174, 1.9599345922470093, -1.6029809713363647, -0.007975073531270027, 7000.0, 7000.0, 7000.0, 7000.0, 0.12512801587581635, -0.14007896184921265
26870, 13.9281644821167, -11.76423168182373, 0.022307585924863815, 1.9720375537872314, -1.6164214611053467, -0.008859345689415932, 7000.0, 7000.0, 7000.0, 7000.0, 0.12588882446289062, -0.1423615962266922
26890, 13.967638969421387, -11.796579360961914, 0.022134773433208466, 1.975455641746521, -1.6184250116348267, -0.008439172059297562, 7000.0, 7000.0, 7000.0, 7000.0, 0.12571683526039124, -0.147812619805336
26910, 14.007184982299805, -11.828968048095703, 0.021971343085169792, 1.979132056236267, -1.620625615119934, -0.007994693703949451, 7000.0, 7000.0, 7000.0, 7000.0, 0.12620019912719727, -0.14852625131607056
26930, 13.515048027038574, -11.216885566711426, 0.023580914363265038, 1.8998830318450928, -1.524116039276123, 0.001052181702107191, 7000.0, 7000.0, 7000.0, 7000.0, 0.1272244155406952, -0.0964776873588562
26950, 13.553075790405273, -11.247387886047363, 0.023605110123753548, 1.9030076265335083, -1.5261270999908447, 0.0014317304594442248, 7000.0, 7000.0, 7000.0, 7000.0, 0.1272735893726349, -0.09632197767496109
26970, 13.393168449401855, -11.078107833862305, 0.025084007531404495, 1.8758758306503296, -1.4970457553863525, 0.009231850504875183, 7000.0, 7000.0, 7000.0, 7000.0, 0.126823291182518, -0.07560744136571884
26990, 13.430715560913086, -11.108071327209473, 0.02527257241308689, 1.8788728713989258, -1.499197244644165, 0.009703741408884525, 7000.0, 7000.0, 7000.0, 7000.0, 0.12882958352565765, -0.08133784681558609
27010, 13.453414916992188, -11.115520477294922, 0.025308582931756973, 1.880036473274231, -1.4977308511734009, 0.008886960335075855, 7000.0, 7000.0, 7000.0, 7000.0, 0.13197650015354156, -0.08237198740243912
27030, 13.491044044494629, -11.14549446105957, 0.025491202250123024, 1.8828716278076172, -1.4997296333312988, 0.009414304979145527, 7000.0, 7000.0, 7000.0, 7000.0, 0.13219241797924042, -0.08303229510784149
27050, 13.31820011138916, -10.889366149902344, 0.024622000753879547, 1.8549020290374756, -1.4589829444885254, 0.004118644166737795, 7000.0, 7000.0, 7000.0, 7000.0, 0.13159619271755219, -0.08146925270557404
27070, 13.355328559875488, -10.918570518493652, 0.024709008634090424, 1.8580776453018188, -1.4615002870559692, 0.00467819906771183, 7000.0, 7000.0, 7000.0, 7000.0, 0.13036921620368958, -0.07110126316547394
27090, 13.303760528564453, -10.817843437194824, 0.02450593374669552, 1.8485207557678223, -1.4443137645721436, 0.003849566215649247, 7000.0, 7000.0, 7000.0, 7000.0, 0.130738765001297, -0.07238717377185822
27110, 13.340764045715332, -10.84675121307373, 0.024585332721471786, 1.8517240285873413, -1.4461848735809326, 0.004083924926817417, 7000.0, 7000.0, 7000.0, 7000.0, 0.12991410493850708, -0.06987923383712769
27130, 13.134930610656738, -10.492227554321289, 0.023997528478503227, 1.8187992572784424, -1.390337586402893, 0.000804171955678612, 7000.0, 7000.0, 7000.0, 7000.0, 0.1320086270570755, -0.07080301642417908
27150, 13.171331405639648, -10.520059585571289, 0.02401520125567913, 1.821359634399414, -1.3927537202835083, 0.0010329157812520862, 7000.0, 7000.0, 7000.0, 7000.0, 0.1325225979089737, -0.054941002279520035
27170, 13.201906204223633, -10.53750991821289, 0.024022774770855904, 1.8231827020645142, -1.3930927515029907, 0.0011556093813851476, 7000.0, 7000.0, 7000.0, 7000.0, 0.1323990523815155, -0.05367344245314598
27190, 13.238398551940918, -10.565394401550293, 0.024046875536441803, 1.8261382579803467, -1.3951544761657715, 0.0012037224369123578, 7000.0, 7000.0, 7000.0, 7000.0, 0.1318751871585846, -0.051031894981861115
27210, 13.27495288848877, -10.59332275390625, 0.02407151833176613, 1.8292032480239868, -1.3975677490234375, 0.0013207801384851336, 7000.0, 7000.0, 7000.0, 7000.0, 0.13127905130386353, -0.04760295897722244
27230, 12.844080924987793, -9.733782768249512, 0.02278958633542061, 1.7626397609710693, -1.2663036584854126, -0.0055694724433124065, 7000.0, 7000.0, 7000.0, 7000.0, 0.13093532621860504, -0.01781383343040943
27250, 12.879364967346191, -9.75912857055664, 0.02267865650355816, 1.7657850980758667, -1.2681490182876587, -0.005358335096389055, 7000.0, 7000.0, 7000.0, 7000.0, 0.13236525654792786, -0.01709965243935585
27270, 13.165687561035156, -10.395256042480469, 0.023171093314886093, 1.8060914278030396, -1.3616241216659546, -0.0017069275490939617, 7000.0, 7000.0, 7000.0, 7000.0, 0.13316276669502258, -0.02046521008014679
27290, 13.201839447021484, -10.422508239746094, 0.023144429549574852, 1.8089404106140137, -1.363521695137024, -0.0011358540505170822, 7000.0, 7000.0, 7000.0, 7000.0, 0.13486723601818085, -0.037065912038087845
27310, 13.673712730407715, -11.461868286132812, 0.024305779486894608, 1.8761318922042847, -1.5170795917510986, 0.005148596130311489, 7000.0, 7000.0, 7000.0, 7000.0, 0.13624301552772522, -0.03888620436191559
27330, 13.71126651763916, -11.49223518371582, 0.024414481595158577, 1.8791093826293945, -1.5194470882415771, 0.005725707858800888, 7000.0, 7000.0, 7000.0, 7000.0, 0.13490775227546692, -0.06271331012248993
27350, 13.61119270324707, -11.364901542663574, 0.02395116537809372, 1.8615710735321045, -1.4985456466674805, 0.0030920300632715225, 7000.0, 7000.0, 7000.0, 7000.0, 0.13460612297058105, -0.059573445469141006
27370, 13.648453712463379, -11.39489459991455, 0.02401133067905903, 1.8644940853118896, -1.5005642175674438, 0.0029186164028942585, 7000.0, 7000.0, 7000.0, 7000.0, 0.13475355505943298, -0.0512533001601696
27390, 13.799324989318848, -11.303298950195312, 0.02483774907886982, 1.8834973573684692, -1.484299898147583, 0.007754672784358263, 7000.0, 7000.0, 7000.0, 7000.0, 0.1356593817472458, -0.04971984028816223
27410, 13.837019920349121, -11.333011627197266, 0.024995572865009308, 1.8861559629440308, -1.4869015216827393, 0.008058310486376286, 7000.0, 7000.0, 7000.0, 7000.0, 0.13610567152500153, -0.053131550550460815
27430, 13.874772071838379, -11.362777709960938, 0.025159422308206558, 1.8888483047485352, -1.4895199537277222, 0.008378729224205017, 7000.0, 7000.0, 7000.0, 7000.0, 0.13563041388988495, -0.052017100155353546
27450, 13.88720989227295, -11.63263988494873, 0.024413539096713066, 1.8887410163879395, -1.5278024673461914, 0.004191264975816011, 7000.0, 7000.0, 7000.0, 7000.0, 0.1356850415468216, -0.05921684950590134
27470, 13.925016403198242, -11.663220405578613, 0.02449621446430683, 1.891922950744629, -1.5301131010055542, 0.00413879007101059, 7000.0, 7000.0, 7000.0, 7000.0, 0.13645769655704498, -0.06175851449370384
27490, 13.99602222442627, -12.158134460449219, 0.023537857457995415, 1.9007878303527832, -1.6014925241470337, -0.0007508794078603387, 7000.0, 7000.0, 7000.0, 7000.0, 0.13763828575611115, -0.07009740173816681
27510, 14.03406810760498, -12.190186500549316, 0.02352667786180973, 1.903829574584961, -1.6035679578781128, -0.0005552493967115879, 7000.0, 7000.0, 7000.0, 7000.0, 0.1370488852262497, -0.06925061345100403
27530, 13.975341796875, -11.027658462524414, 0.024994924664497375, 1.891746997833252, -1.4289376735687256, 0.007350190542638302, 7000.0, 7000.0, 7000.0, 7000.0, 0.1372317373752594, -0.0708761140704155
27550, 14.01320743560791, -11.056259155273438, 0.025150010362267494, 1.8947439193725586, -1.4310905933380127, 0.008074662648141384, 7000.0, 7000.0, 7000.0, 7000.0, 0.13849666714668274, -0.05883469805121422
27570, 14.064043998718262, -11.120291709899902, 0.02522174082696438, 1.8994190692901611, -1.4387983083724976, 0.00781989749521017, 7000.0, 7000.0, 7000.0, 7000.0, 0.1393120288848877, -0.057502564042806625
27590, 14.102063179016113, -11.149091720581055, 0.02538033202290535, 1.9024659395217896, -1.4410306215286255, 0.008065431378781796, 7000.0, 7000.0, 7000.0, 7000.0, 0.14074498414993286, -0.061632733792066574
27610, 14.245291709899902, -11.21719741821289, 0.0249648317694664, 1.921286940574646, -1.449157953262329, 0.005050454754382372, 7000.0, 7000.0, 7000.0, 7000.0, 0.1406111717224121, -0.06610148400068283
27630, 14.283742904663086, -11.24620246887207, 0.025071337819099426, 1.9237662553787231, -1.4513319730758667, 0.005574983078986406, 7000.0, 7000.0, 7000.0, 7000.0, 0.14118187129497528, -0.07770472019910812
27650, 14.843610763549805, -11.033677101135254, 0.023181859403848648, 2.0049476623535156, -1.4191107749938965, -0.004771748557686806, 7000.0, 7000.0, 7000.0, 7000.0, 0.14245644211769104, -0.08054454624652863
27670, 14.883743286132812, -11.062079429626465, 0.023091459646821022, 2.008371114730835, -1.4210749864578247, -0.00441602012142539, 7000.0, 7000.0, 7000.0, 7000.0, 0.14145363867282867, -0.12932802736759186
27690, 14.383138656616211, -11.4248685836792, 0.023796821013092995, 1.931976318359375, -1.471647024154663, -0.00030876274104230106, 7000.0, 7000.0, 7000.0, 7000.0, 0.14057210087776184, -0.12927226722240448
27710, 14.421804428100586, -11.454324722290039, 0.023792317137122154, 1.934705138206482, -1.47396719455719, -0.00018142269982490689, 7000.0, 7000.0, 7000.0, 7000.0, 0.14068590104579926, -0.08007270842790604
27730, 14.460531234741211, -11.483821868896484, 0.0237943846732378, 1.9378929138183594, -1.4758713245391846, 0.0004814583226107061, 7000.0, 7000.0, 7000.0, 7000.0, 0.14060015976428986, -0.08301948755979538
27750, 14.656877517700195, -11.419048309326172, 0.023473316803574562, 1.9636918306350708, -1.4643428325653076, -0.0005026910803280771, 7000.0, 7000.0, 7000.0, 7000.0, 0.14228826761245728, -0.09455172717571259
27770, 14.69618034362793, -11.44835090637207, 0.023463567718863487, 1.966796636581421, -1.4660001993179321, -0.00046337267849594355, 7000.0, 7000.0, 7000.0, 7000.0, 0.14180020987987518, -0.09250151365995407
27790, 14.465389251708984, -11.63138484954834, 0.02409587800502777, 1.9303256273269653, -1.4899873733520508, 0.0027099514845758677, 7000.0, 7000.0, 7000.0, 7000.0, 0.14360718429088593, -0.07258105278015137
27810, 14.504027366638184, -11.661205291748047, 0.02414853125810623, 1.9335095882415771, -1.4921222925186157, 0.0025749248452484608, 7000.0, 7000.0, 7000.0, 7000.0, 0.1413499265909195, -0.06943859905004501
27830, 14.476402282714844, -11.718371391296387, 0.024546639993786812, 1.926801323890686, -1.4979976415634155, 0.0045059919357299805, 7000.0, 7000.0, 7000.0, 7000.0, 0.1407201737165451, -0.06534262746572495
27850, 14.514963150024414, -11.748353004455566, 0.024637147784233093, 1.929452657699585, -1.5001901388168335, 0.004463899880647659, 7000.0, 7000.0, 7000.0, 7000.0, 0.1386958360671997, -0.057029347866773605
27870, 14.551185607910156, -11.773938179016113, 0.02485569939017296, 1.9323889017105103, -1.5016429424285889, 0.0052306074649095535, 7000.0, 7000.0, 7000.0, 7000.0, 0.13720951974391937, -0.05600852891802788
27890, 14.589856147766113, -11.803993225097656, 0.02496584691107273, 1.934908151626587, -1.5037269592285156, 0.005941479932516813, 7000.0, 7000.0, 7000.0, 7000.0, 0.1385747790336609, -0.05393161624670029
27910, 14.44308090209961, -12.059575080871582, 0.023106426000595093, 1.9126901626586914, -1.5395492315292358, -0.003691368270665407, 7000.0, 7000.0, 7000.0, 7000.0, 0.13831818103790283, -0.05683276057243347
27930, 14.481362342834473, -12.090389251708984, 0.023033762350678444, 1.9155333042144775, -1.5416508913040161, -0.003602162469178438, 7000.0, 7000.0, 7000.0, 7000.0, 0.13983717560768127, -0.061178188771009445
27950, 14.424670219421387, -12.260659217834473, 0.02258172444999218, 1.9050947427749634, -1.5640220642089844, -0.005322298500686884, 7000.0, 7000.0, 7000.0, 7000.0, 0.1415625959634781, -0.061965327709913254
27970, 14.462800979614258, -12.291962623596191, 0.022477122023701668, 1.9080326557159424, -1.5662633180618286, -0.005087463650852442, 7000.0, 7000.0, 7000.0, 7000.0, 0.14050748944282532, -0.05732157826423645
27990, 14.978510856628418, -11.572903633117676, 0.023774830624461174, 1.9793267250061035, -1.4602502584457397, 0.002854414051398635, 7000.0, 7000.0, 7000.0, 7000.0, 0.14263996481895447, -0.05974651500582695
28010, 15.018125534057617, -11.602128982543945, 0.023832987993955612, 1.9822285175323486, -1.4620858430862427, 0.0031309204641729593, 7000.0, 7000.0, 7000.0, 7000.0, 0.14278271794319153, -0.08177938312292099
28030, 15.05780029296875, -11.631396293640137, 0.023893963545560837, 1.9852867126464844, -1.464532732963562, 0.0032248597126454115, 7000.0, 7000.0, 7000.0, 7000.0, 0.14242468774318695, -0.0779082328081131
28050, 15.161957740783691, -11.531471252441406, 0.024853350594639778, 1.9969419240951538, -1.4477512836456299, 0.007957443594932556, 7000.0, 7000.0, 7000.0, 7000.0, 0.14248917996883392, -0.07463832944631577
28070, 15.201922416687012, -11.560449600219727, 0.02501687966287136, 1.9996010065078735, -1.4497965574264526, 0.008525094948709011, 7000.0, 7000.0, 7000.0, 7000.0, 0.14226214587688446, -0.0760197639465332
28090, 15.337879180908203, -11.459113121032715, 0.02432185970246792, 2.0176806449890137, -1.4332526922225952, 0.004136094823479652, 7000.0, 7000.0, 7000.0, 7000.0, 0.14271236956119537, -0.08688035607337952
28110, 15.378266334533691, -11.487801551818848, 0.024406788870692253, 2.021064519882202, -1.4354172945022583, 0.004601538181304932, 7000.0, 7000.0, 7000.0, 7000.0, 0.14188891649246216, -0.08671574294567108
28130, 16.055347442626953, -10.717584609985352, 0.022543366998434067, 2.1166775226593018, -1.3246012926101685, -0.006357359234243631, 7000.0, 7000.0, 7000.0, 7000.0, 0.14091525971889496, -0.08183597773313522
28150, 16.097715377807617, -10.744099617004395, 0.022418338805437088, 2.1201229095458984, -1.326746940612793, -0.006068262737244368, 7000.0, 7000.0, 7000.0, 7000.0, 0.14146871864795685, -0.14307361841201782
28170, 15.926077842712402, -11.004762649536133, 0.022577539086341858, 2.0926554203033447, -1.3624621629714966, -0.003789225360378623, 7000.0, 7000.0, 7000.0, 7000.0, 0.14196477830410004, -0.1429922878742218
28190, 15.967960357666016, -11.032037734985352, 0.02250250242650509, 2.0955862998962402, -1.3646457195281982, -0.0036019068211317062, 7000.0, 7000.0, 7000.0, 7000.0, 0.14236149191856384, -0.12556089460849762
28210, 15.06967830657959, -12.05046272277832, 0.023496152833104134, 1.9646592140197754, -1.506679892539978, 0.0022577119525521994, 7000.0, 7000.0, 7000.0, 7000.0, 0.1445443034172058, -0.12554560601711273
28230, 15.109000205993652, -12.080621719360352, 0.023542622104287148, 1.9673595428466797, -1.5088614225387573, 0.0025258625391870737, 7000.0, 7000.0, 7000.0, 7000.0, 0.143307626247406, -0.054846230894327164
28250, 14.853192329406738, -12.425294876098633, 0.02457788959145546, 1.9277706146240234, -1.5550825595855713, 0.007919777184724808, 7000.0, 7000.0, 7000.0, 7000.0, 0.14606916904449463, -0.05409329757094383
28270, 14.891773223876953, -12.456421852111816, 0.024736911058425903, 1.9301925897598267, -1.5572971105575562, 0.008215070702135563, 7000.0, 7000.0, 7000.0, 7000.0, 0.1471794843673706, -0.02658608928322792
28290, 14.849078178405762, -12.563305854797363, 0.024545734748244286, 1.9220268726348877, -1.5703047513961792, 0.006217960733920336, 7000.0, 7000.0, 7000.0, 7000.0, 0.14734822511672974, -0.028151804581284523
28310, 14.887547492980957, -12.594735145568848, 0.02466946467757225, 1.9246175289154053, -1.5722371339797974, 0.006396375130861998, 7000.0, 7000.0, 7000.0, 7000.0, 0.1467820554971695, -0.0271554384380579
28330, 14.926067352294922, -12.626206398010254, 0.024795925244688988, 1.9273488521575928, -1.574607491493225, 0.006497790105640888, 7000.0, 7000.0, 7000.0, 7000.0, 0.14759792387485504, -0.023928597569465637
28350, 15.467743873596191, -12.142931938171387, 0.025877047330141068, 2.000641345977783, -1.5038782358169556, 0.011719458736479282, 7000.0, 7000.0, 7000.0, 7000.0, 0.14997515082359314, -0.0510668084025383
28370, 15.50778579711914, -12.1730318069458, 0.02611003816127777, 2.0032122135162354, -1.505832552909851, 0.011801189742982388, 7000.0, 7000.0, 7000.0, 7000.0, 0.14898937940597534, -0.04906603693962097
28390, 14.773748397827148, -12.973007202148438, 0.024602284654974937, 1.899049997329712, -1.6168802976608276, 0.002903599524870515, 7000.0, 7000.0, 7000.0, 7000.0, 0.14754334092140198, -0.011161629110574722
28410, 14.81175708770752, -13.005367279052734, 0.02465950883924961, 1.9015685319900513, -1.6190719604492188, 0.002911276649683714, 7000.0, 7000.0, 7000.0, 7000.0, 0.14725351333618164, -0.010523110628128052
28430, 15.614023208618164, -12.187588691711426, 0.02572234906256199, 2.0099380016326904, -1.501758098602295, 0.008577828295528889, 7000.0, 7000.0, 7000.0, 7000.0, 0.14758507907390594, -0.01033458299934864
28450, 15.654251098632812, -12.217644691467285, 0.025898538529872894, 2.012608528137207, -1.5036808252334595, 0.008965575136244297, 7000.0, 7000.0, 7000.0, 7000.0, 0.15006105601787567, -0.05442597717046738
28470, 15.322333335876465, -12.668110847473145, 0.02525852434337139, 1.9642088413238525, -1.5649038553237915, 0.0048063755966722965, 7000.0, 7000.0, 7000.0, 7000.0, 0.1495203971862793, -0.054803624749183655
28490, 15.361648559570312, -12.699431419372559, 0.025355203077197075, 1.9669830799102783, -1.5671623945236206, 0.004906780086457729, 7000.0, 7000.0, 7000.0, 7000.0, 0.15085938572883606, -0.038157619535923004
28510, 15.019554138183594, -13.211816787719727, 0.024492407217621803, 1.9175643920898438, -1.6372194290161133, 0.0004237936227582395, 7000.0, 7000.0, 7000.0, 7000.0, 0.1505127102136612, -0.03439708426594734
28530, 15.05793571472168, -13.244585990905762, 0.0245044007897377, 1.9203218221664429, -1.6397024393081665, 0.0006900262087583542, 7000.0, 7000.0, 7000.0, 7000.0, 0.15006467700004578, -0.014415889047086239
28550, 15.644250869750977, -12.486326217651367, 0.025523439049720764, 1.9988309144973755, -1.5317096710205078, 0.006203293334692717, 7000.0, 7000.0, 7000.0, 7000.0, 0.15032993257045746, -0.013113193213939667
28570, 15.68425464630127, -12.516983032226562, 0.0256484467536211, 2.0012521743774414, -1.5340495109558105, 0.0061820391565561295, 7000.0, 7000.0, 7000.0, 7000.0, 0.15140381455421448, -0.042757391929626465
28590, 15.724312782287598, -12.547683715820312, 0.025779547169804573, 2.0042288303375244, -1.5362417697906494, 0.006852004677057266, 7000.0, 7000.0, 7000.0, 7000.0, 0.15202024579048157, -0.043506085872650146
28610, 15.591630935668945, -12.864510536193848, 0.025160061195492744, 1.983775019645691, -1.5784480571746826, 0.003565523074939847, 7000.0, 7000.0, 7000.0, 7000.0, 0.1514965295791626, -0.03982529789209366
28630, 15.631340980529785, -12.896100044250488, 0.025242535397410393, 1.9866687059402466, -1.5807119607925415, 0.004324859008193016, 7000.0, 7000.0, 7000.0, 7000.0, 0.15305395424365997, -0.040887296199798584
28650, 15.432609558105469, -13.544790267944336, 0.023140141740441322, 1.9580868482589722, -1.6692699193954468, -0.006581639405339956, 7000.0, 7000.0, 7000.0, 7000.0, 0.15265868604183197, -0.04162014275789261
28670, 15.471806526184082, -13.578200340270996, 0.023013295605778694, 1.961370825767517, -1.6721713542938232, -0.006357231643050909, 7000.0, 7000.0, 7000.0, 7000.0, 0.15166570246219635, -0.041755422949790955
28690, 15.456514358520508, -13.85076904296875, 0.022485876455903053, 1.9568274021148682, -1.7078865766525269, -0.008659916929900646, 7000.0, 7000.0, 7000.0, 7000.0, 0.15076944231987, -0.03917895257472992
28710, 15.49567985534668, -13.8849458694458, 0.022314758971333504, 1.959578275680542, -1.7103772163391113, -0.008618907071650028, 7000.0, 7000.0, 7000.0, 7000.0, 0.1515294909477234, -0.0360204242169857
28730, 15.853947639465332, -12.334147453308105, 0.024093521758913994, 2.0062522888183594, -1.493998646736145, 0.0015523835318163037, 7000.0, 7000.0, 7000.0, 7000.0, 0.14984862506389618, -0.035540465265512466
28750, 15.89410400390625, -12.364041328430176, 0.02412608079612255, 2.0091423988342285, -1.4959317445755005, 0.0014248625375330448, 7000.0, 7000.0, 7000.0, 7000.0, 0.15022291243076324, -0.04371987283229828
28770, 15.829386711120605, -12.289668083190918, 0.025290358811616898, 1.9971774816513062, -1.4833859205245972, 0.0076887826435267925, 7000.0, 7000.0, 7000.0, 7000.0, 0.14998513460159302, -0.04454033821821213
28790, 15.869359970092773, -12.319352149963379, 0.02544982172548771, 2.0000314712524414, -1.4856764078140259, 0.0078106592409312725, 7000.0, 7000.0, 7000.0, 7000.0, 0.15041466057300568, -0.027827223762869835
28810, 16.046998977661133, -12.00403881072998, 0.02496974915266037, 2.022409200668335, -1.4405957460403442, 0.004470854997634888, 7000.0, 7000.0, 7000.0, 7000.0, 0.15039947628974915, -0.028334204107522964
28830, 16.087474822998047, -12.032865524291992, 0.025062622502446175, 2.0250327587127686, -1.4427108764648438, 0.004596558399498463, 7000.0, 7000.0, 7000.0, 7000.0, 0.1501384675502777, -0.04197194427251816
28850, 16.128000259399414, -12.061731338500977, 0.025163527578115463, 2.027637243270874, -1.4445335865020752, 0.005114592611789703, 7000.0, 7000.0, 7000.0, 7000.0, 0.15140876173973083, -0.04240364208817482
28870, 16.915348052978516, -10.18532657623291, 0.023029476404190063, 2.1345882415771484, -1.1873295307159424, -0.006388847716152668, 7000.0, 7000.0, 7000.0, 7000.0, 0.1523616909980774, -0.10121846199035645
28890, 16.958078384399414, -10.209086418151855, 0.022905739024281502, 2.1382851600646973, -1.1892573833465576, -0.006335380952805281, 7000.0, 7000.0, 7000.0, 7000.0, 0.14923310279846191, -0.10323045402765274
28910, 16.963987350463867, -10.306594848632812, 0.022827114909887314, 2.136624813079834, -1.2007966041564941, -0.005809937138110399, 7000.0, 7000.0, 7000.0, 7000.0, 0.14939667284488678, -0.10165785253047943
28930, 17.00675392150879, -10.330618858337402, 0.02271660789847374, 2.139955520629883, -1.2023509740829468, -0.005710058845579624, 7000.0, 7000.0, 7000.0, 7000.0, 0.15085622668266296, -0.10043417662382126
28950, 17.395761489868164, -9.7063570022583, 0.022294269874691963, 2.1904451847076416, -1.1159662008285522, -0.007613764144480228, 7000.0, 7000.0, 7000.0, 7000.0, 0.14997021853923798, -0.10164615511894226
28970, 17.439599990844727, -9.728686332702637, 0.022141888737678528, 2.1934256553649902, -1.1174705028533936, -0.00784291885793209, 7000.0, 7000.0, 7000.0, 7000.0, 0.15099957585334778, -0.12180287390947342
28990, 18.08232307434082, -8.699230194091797, 0.021491337567567825, 2.2778072357177734, -0.9760316014289856, -0.011141348630189896, 7000.0, 7000.0, 7000.0, 7000.0, 0.15010935068130493, -0.1188674047589302
29010, 18.127914428710938, -8.71876049041748, 0.0212740246206522, 2.2813780307769775, -0.9773820042610168, -0.0108769740909338, 7000.0, 7000.0, 7000.0, 7000.0, 0.1485922485589981, -0.15753625333309174
29030, 15.727776527404785, -12.682705879211426, 0.022838959470391273, 1.9531666040420532, -1.5130703449249268, -0.0015822891145944595, 7000.0, 7000.0, 7000.0, 7000.0, 0.1497049629688263, -0.15669947862625122
29050, 15.766868591308594, -12.712982177734375, 0.022810079157352448, 1.9561299085617065, -1.5150576829910278, -0.0015253516612574458, 7000.0, 7000.0, 7000.0, 7000.0, 0.14691820740699768, -0.0018724374240264297
29070, 15.217215538024902, -14.117134094238281, 0.024055393412709236, 1.8789401054382324, -1.7030407190322876, 0.004013085272163153, 7000.0, 7000.0, 7000.0, 7000.0, 0.14814502000808716, 0.0022361688315868378
29090, 15.2548246383667, -14.151220321655273, 0.02413959987461567, 1.8819794654846191, -1.705858826637268, 0.004258421249687672, 7000.0, 7000.0, 7000.0, 7000.0, 0.14933857321739197, 0.04247891157865524
29110, 14.903620719909668, -14.529877662658691, 0.023737480863928795, 1.8325287103652954, -1.7550495862960815, 0.001641821232624352, 7000.0, 7000.0, 7000.0, 7000.0, 0.1505853235721588, 0.04365096241235733
29130, 14.94029426574707, -14.565006256103516, 0.023776892572641373, 1.8348886966705322, -1.7579874992370605, 0.0018729348666965961, 7000.0, 7000.0, 7000.0, 7000.0, 0.15037930011749268, 0.06639871001243591
29150, 14.977020263671875, -14.600188255310059, 0.023815453052520752, 1.837934970855713, -1.7604855298995972, 0.0017156910616904497, 7000.0, 7000.0, 7000.0, 7000.0, 0.15149955451488495, 0.06258565932512283
29170, 15.666812896728516, -13.902790069580078, 0.02440500073134899, 1.9276423454284668, -1.6643537282943726, 0.0048353299498558044, 7000.0, 7000.0, 7000.0, 7000.0, 0.1508992314338684, 0.02123839035630226
29190, 15.705392837524414, -13.93609619140625, 0.024506118148565292, 1.9302453994750977, -1.6666065454483032, 0.0051265074871480465, 7000.0, 7000.0, 7000.0, 7000.0, 0.15094797313213348, 0.02262357622385025
29210, 16.525182723999023, -12.99317455291748, 0.025294285267591476, 2.0368993282318115, -1.5374363660812378, 0.008985394611954689, 7000.0, 7000.0, 7000.0, 7000.0, 0.1513613909482956, -0.021402686834335327
29230, 16.565950393676758, -13.02393913269043, 0.025477105751633644, 2.0399627685546875, -1.5391290187835693, 0.009148172102868557, 7000.0, 7000.0, 7000.0, 7000.0, 0.15376877784729004, -0.021724827587604523
29250, 16.418869018554688, -13.339607238769531, 0.025415265932679176, 2.017665147781372, -1.5793216228485107, 0.008025091141462326, 7000.0, 7000.0, 7000.0, 7000.0, 0.1523253470659256, -0.019988782703876495
29270, 16.45924949645996, -13.3712158203125, 0.025578375905752182, 2.020443916320801, -1.5817397832870483, 0.008201980032026768, 7000.0, 7000.0, 7000.0, 7000.0, 0.1521909236907959, -0.010011276230216026
29290, 15.508016586303711, -15.242703437805176, 0.02381037175655365, 1.8935258388519287, -1.831916332244873, -0.0019860840402543545, 7000.0, 7000.0, 7000.0, 7000.0, 0.15202896296977997, -0.004704677499830723
29310, 15.545909881591797, -15.279362678527832, 0.02377237379550934, 1.8958793878555298, -1.8342468738555908, -0.0019780502188950777, 7000.0, 7000.0, 7000.0, 7000.0, 0.15049712359905243, 0.037474483251571655
29330, 15.901314735412598, -14.636360168457031, 0.024256298318505287, 1.9405786991119385, -1.7462018728256226, 0.001013436121866107, 7000.0, 7000.0, 7000.0, 7000.0, 0.1508421003818512, 0.03873075544834137
29350, 15.940153121948242, -14.671307563781738, 0.024277765303850174, 1.943151593208313, -1.7487620115280151, 0.0009058602154254913, 7000.0, 7000.0, 7000.0, 7000.0, 0.150862455368042, 0.02216036058962345
29370, 15.487689018249512, -15.918915748596191, 0.023341413587331772, 1.880845308303833, -1.9132678508758545, -0.004559410270303488, 7000.0, 7000.0, 7000.0, 7000.0, 0.14986006915569305, 0.025448640808463097
29390, 15.5253324508667, -15.95720386505127, 0.0232558473944664, 1.883743405342102, -1.9154881238937378, -0.0042423405684530735, 7000.0, 7000.0, 7000.0, 7000.0, 0.147323876619339, 0.04775090143084526
29410, 15.308337211608887, -16.671159744262695, 0.022691644728183746, 1.852998971939087, -2.008263349533081, -0.007467743940651417, 7000.0, 7000.0, 7000.0, 7000.0, 0.14934051036834717, 0.04728155955672264
29430, 15.34542179107666, -16.711355209350586, 0.0225436482578516, 1.85568368434906, -2.0110583305358887, -0.007222857791930437, 7000.0, 7000.0, 7000.0, 7000.0, 0.14976699650287628, 0.05429241806268692
29450, 15.382562637329102, -16.75160789489746, 0.022403409704566002, 1.8585361242294312, -2.0141427516937256, -0.006991933565586805, 7000.0, 7000.0, 7000.0, 7000.0, 0.14975391328334808, 0.05662526562809944
29470, 15.554633140563965, -16.415023803710938, 0.022543219849467278, 1.8789585828781128, -1.966866374015808, -0.005167775321751833, 7000.0, 7000.0, 7000.0, 7000.0, 0.1470780372619629, 0.050391048192977905
29490, 15.592240333557129, -16.454389572143555, 0.022444957867264748, 1.8819009065628052, -1.9696052074432373, -0.00475273234769702, 7000.0, 7000.0, 7000.0, 7000.0, 0.14632494747638702, 0.0510537251830101
29510, 16.111026763916016, -15.062965393066406, 0.023513147607445717, 1.9478274583816528, -1.7828783988952637, 0.0016953443409875035, 7000.0, 7000.0, 7000.0, 7000.0, 0.14811260998249054, 0.02845163084566593
29530, 16.150009155273438, -15.098650932312012, 0.023551076650619507, 1.9505856037139893, -1.7857009172439575, 0.0019848807714879513, 7000.0, 7000.0, 7000.0, 7000.0, 0.14792770147323608, 0.028554344549775124
29550, 16.223350524902344, -15.009868621826172, 0.023781489580869675, 1.958056092262268, -1.7715717554092407, 0.0030391369946300983, 7000.0, 7000.0, 7000.0, 7000.0, 0.14782078564167023, 0.02879304811358452
29570, 16.262535095214844, -15.045324325561523, 0.02384369634091854, 1.9604257345199585, -1.7738183736801147, 0.0029769667889922857, 7000.0, 7000.0, 7000.0, 7000.0, 0.14819307625293732, 0.028863387182354927
29590, 16.276145935058594, -15.37916088104248, 0.022689439356327057, 1.9607881307601929, -1.8167914152145386, -0.0038364501670002937, 7000.0, 7000.0, 7000.0, 7000.0, 0.1472802311182022, 0.029277320951223373
29610, 16.315385818481445, -15.415525436401367, 0.022618956863880157, 1.963395118713379, -1.8196187019348145, -0.0032956423237919807, 7000.0, 7000.0, 7000.0, 7000.0, 0.14568723738193512, 0.02206898108124733
29630, 16.175697326660156, -15.366059303283691, 0.023960011079907417, 1.9415854215621948, -1.8099167346954346, 0.00475007900968194, 7000.0, 7000.0, 7000.0, 7000.0, 0.1463039666414261, 0.021243330091238022
29650, 16.214557647705078, -15.402280807495117, 0.02405591867864132, 1.9443824291229248, -1.8122308254241943, 0.004771818872541189, 7000.0, 7000.0, 7000.0, 7000.0, 0.1453174352645874, 0.04281023144721985
29670, 16.301652908325195, -15.370601654052734, 0.0236821286380291, 1.9536101818084717, -1.806231141090393, 0.0024376006331294775, 7000.0, 7000.0, 7000.0, 7000.0, 0.14683017134666443, 0.041713468730449677
29690, 16.34075355529785, -15.406750679016113, 0.023730570450425148, 1.9564343690872192, -1.8086318969726562, 0.002276285085827112, 7000.0, 7000.0, 7000.0, 7000.0, 0.1496536284685135, 0.037047989666461945
29710, 16.37990379333496, -15.442947387695312, 0.023780005052685738, 1.958693265914917, -1.811071753501892, 0.0026383097283542156, 7000.0, 7000.0, 7000.0, 7000.0, 0.1488185077905655, 0.03394061699509621
29730, 16.456640243530273, -15.40721607208252, 0.023496389389038086, 1.9667644500732422, -1.80454421043396, 0.0011912131449207664, 7000.0, 7000.0, 7000.0, 7000.0, 0.14925532042980194, 0.03545409440994263
29750, 16.496002197265625, -15.443333625793457, 0.023522762581706047, 1.9694721698760986, -1.807314157485962, 0.0013926121173426509, 7000.0, 7000.0, 7000.0, 7000.0, 0.14900419116020203, 0.03335863724350929
29770, 16.56399154663086, -15.423494338989258, 0.02333121746778488, 1.9759544134140015, -1.8031362295150757, 0.000619546219240874, 7000.0, 7000.0, 7000.0, 7000.0, 0.14770850539207458, 0.03253432363271713
29790, 16.603538513183594, -15.459583282470703, 0.023342030122876167, 1.9788185358047485, -1.805708885192871, 0.00045987337944097817, 7000.0, 7000.0, 7000.0, 7000.0, 0.146616593003273, 0.036683931946754456
29810, 16.60346221923828, -15.566883087158203, 0.023628922179341316, 1.9761906862258911, -1.817623496055603, 0.0019523410592228174, 7000.0, 7000.0, 7000.0, 7000.0, 0.14689210057258606, 0.033411260694265366
29830, 16.64301109313965, -15.603261947631836, 0.02366509847342968, 1.9787583351135254, -1.820188283920288, 0.0016854559071362019, 7000.0, 7000.0, 7000.0, 7000.0, 0.14373593032360077, 0.030457425862550735
29850, 16.59901237487793, -15.76722526550293, 0.024260863661766052, 1.9697864055633545, -1.8386496305465698, 0.004790798760950565, 7000.0, 7000.0, 7000.0, 7000.0, 0.14538468420505524, 0.028908604755997658
29870, 16.638439178466797, -15.804022789001465, 0.02435372583568096, 1.9729365110397339, -1.8410823345184326, 0.004625036381185055, 7000.0, 7000.0, 7000.0, 7000.0, 0.1469499170780182, 0.03569145128130913
29890, 16.73222541809082, -15.749139785766602, 0.023879151791334152, 1.9832489490509033, -1.832324504852295, 0.002276201033964753, 7000.0, 7000.0, 7000.0, 7000.0, 0.14792586863040924, 0.03538987785577774
29910, 16.771913528442383, -15.785813331604004, 0.02393079549074173, 1.985643744468689, -1.835105299949646, 0.00282888556830585, 7000.0, 7000.0, 7000.0, 7000.0, 0.14786556363105774, 0.027789738029241562
29930, 16.8099365234375, -15.824366569519043, 0.02400367334485054, 1.9879262447357178, -1.8379766941070557, 0.003124184673652053, 7000.0, 7000.0, 7000.0, 7000.0, 0.14692407846450806, 0.02624649740755558
29950, 16.84971809387207, -15.861152648925781, 0.024071499705314636, 1.99038565158844, -1.840577244758606, 0.003668006509542465, 7000.0, 7000.0, 7000.0, 7000.0, 0.14581306278705597, 0.02628767490386963
29970, 17.03373146057129, -15.827323913574219, 0.02288972958922386, 2.0124974250793457, -1.8353697061538696, -0.00306001421995461, 7000.0, 7000.0, 7000.0, 7000.0, 0.14677074551582336, 0.025141652673482895
29990, 17.073999404907227, -15.864056587219238, 0.02282620407640934, 2.0146915912628174, -1.837854027748108, -0.0031731254421174526, 7000.0, 7000.0, 7000.0, 7000.0, 0.14912784099578857, 0.006422283593565226
30010, 17.11431884765625, -15.900836944580078, 0.02276119962334633, 2.017592191696167, -1.8400152921676636, -0.0032441853545606136, 7000.0, 7000.0, 7000.0, 7000.0, 0.14973212778568268, 0.001417471212334931
30030, 17.13348960876465, -15.937849998474121, 0.02279592864215374, 2.017896890640259, -1.8424549102783203, -0.002691916422918439, 7000.0, 7000.0, 7000.0, 7000.0, 0.15048831701278687, -0.000348141067661345
30050, 17.17386817932129, -15.97472858428955, 0.022746004164218903, 2.020275354385376, -1.8450912237167358, -0.0022346496116369963, 7000.0, 7000.0, 7000.0, 7000.0, 0.1529845893383026, -0.001138959196396172
30070, 17.520721435546875, -16.052574157714844, 0.02154652029275894, 2.0629470348358154, -1.8537812232971191, -0.008362422697246075, 7000.0, 7000.0, 7000.0, 7000.0, 0.15281207859516144, -0.0007540190126746893
30090, 17.5620059967041, -16.089675903320312, 0.021381132304668427, 2.0657460689544678, -1.8562637567520142, -0.007844101637601852, 7000.0, 7000.0, 7000.0, 7000.0, 0.15383970737457275, -0.02838628739118576
30110, 17.02557945251465, -15.991233825683594, 0.02236483246088028, 1.993540644645691, -1.8403626680374146, -0.0011887641157954931, 7000.0, 7000.0, 7000.0, 7000.0, 0.15317106246948242, -0.027675511315464973
30130, 17.06546974182129, -16.02806854248047, 0.022344032302498817, 1.9957259893417358, -1.842818021774292, -0.0006882746238261461, 7000.0, 7000.0, 7000.0, 7000.0, 0.15347106754779816, 0.011944547295570374
30150, 17.260826110839844, -16.106929779052734, 0.021781709045171738, 2.0188724994659424, -1.850908637046814, -0.0038899362552911043, 7000.0, 7000.0, 7000.0, 7000.0, 0.15412397682666779, 0.008793854154646397
30170, 17.301231384277344, -16.14397430419922, 0.021704770624637604, 2.0217649936676025, -1.8532226085662842, -0.0035570769105106592, 7000.0, 7000.0, 7000.0, 7000.0, 0.15362891554832458, -0.002038798527792096
30190, 16.967281341552734, -16.0481014251709, 0.023345941677689552, 1.9763306379318237, -1.8377554416656494, 0.005342927761375904, 7000.0, 7000.0, 7000.0, 7000.0, 0.15197981894016266, 0.002127825515344739
30210, 17.006834030151367, -16.084884643554688, 0.023449812084436417, 1.9790890216827393, -1.8402162790298462, 0.005457939114421606, 7000.0, 7000.0, 7000.0, 7000.0, 0.1526753455400467, 0.034935418516397476
30230, 17.206470489501953, -16.154390335083008, 0.024922862648963928, 2.0007529258728027, -1.8457022905349731, 0.012997382320463657, 7000.0, 7000.0, 7000.0, 7000.0, 0.15312427282333374, 0.03235110267996788
30250, 17.246511459350586, -16.191329956054688, 0.025180896744132042, 2.0035109519958496, -1.847800374031067, 0.013261647894978523, 7000.0, 7000.0, 7000.0, 7000.0, 0.1512373685836792, 0.03584497794508934
30270, 17.286603927612305, -16.228313446044922, 0.025444181635975838, 2.0058109760284424, -1.8502118587493896, 0.013424132950603962, 7000.0, 7000.0, 7000.0, 7000.0, 0.14977335929870605, 0.03780576214194298
30290, 17.286447525024414, -16.25083351135254, 0.025520600378513336, 2.003312826156616, -1.8508718013763428, 0.012706262990832329, 7000.0, 7000.0, 7000.0, 7000.0, 0.1498282551765442, 0.039155613631010056
30310, 17.326536178588867, -16.287878036499023, 0.02577485516667366, 2.005523204803467, -1.8530352115631104, 0.012963542714715004, 7000.0, 7000.0, 7000.0, 7000.0, 0.1493304967880249, 0.04112275317311287
30330, 16.945466995239258, -16.160676956176758, 0.02445913851261139, 1.956934928894043, -1.8367085456848145, 0.005417095962911844, 7000.0, 7000.0, 7000.0, 7000.0, 0.14916056394577026, 0.046233974397182465
30350, 16.98463249206543, -16.197439193725586, 0.024564387276768684, 1.9597018957138062, -1.8391464948654175, 0.005498633254319429, 7000.0, 7000.0, 7000.0, 7000.0, 0.1493755728006363, 0.04745200648903847
30370, 16.722566604614258, -16.141456604003906, 0.02399481274187565, 1.9244986772537231, -1.8305697441101074, 0.002342287451028824, 7000.0, 7000.0, 7000.0, 7000.0, 0.15060345828533173, 0.044023547321558
30390, 16.761079788208008, -16.178096771240234, 0.02404377982020378, 1.9267208576202393, -1.832930326461792, 0.002953052520751953, 7000.0, 7000.0, 7000.0, 7000.0, 0.15158940851688385, 0.05708392336964607
30410, 16.54364013671875, -16.1494140625, 0.023667024448513985, 1.8973097801208496, -1.8279191255569458, 0.0009496490238234401, 7000.0, 7000.0, 7000.0, 7000.0, 0.15188857913017273, 0.05587705969810486
30430, 16.581613540649414, -16.186002731323242, 0.02368842624127865, 1.8998888731002808, -1.830448031425476, 0.001404422684572637, 7000.0, 7000.0, 7000.0, 7000.0, 0.15163502097129822, 0.06719096750020981
30450, 17.58797264099121, -16.4310302734375, 0.025030467659235, 2.023897171020508, -1.8589307069778442, 0.008609762415289879, 7000.0, 7000.0, 7000.0, 7000.0, 0.15059733390808105, 0.06529275327920914
30470, 17.62847900390625, -16.468236923217773, 0.02520098350942135, 2.0266406536102295, -1.861475944519043, 0.008690871298313141, 7000.0, 7000.0, 7000.0, 7000.0, 0.15134461224079132, 0.018406571820378304
30490, 17.500625610351562, -16.464923858642578, 0.02486908808350563, 2.008587598800659, -1.8594470024108887, 0.006134823430329561, 7000.0, 7000.0, 7000.0, 7000.0, 0.15278063714504242, 0.016759468242526054
30510, 17.54082679748535, -16.502138137817383, 0.024992685765028, 2.0113446712493896, -1.8616752624511719, 0.006485715042799711, 7000.0, 7000.0, 7000.0, 7000.0, 0.1531337946653366, 0.024259300902485847
30530, 17.603717803955078, -16.544029235839844, 0.025470633059740067, 2.016650676727295, -1.8639928102493286, 0.008694110438227654, 7000.0, 7000.0, 7000.0, 7000.0, 0.15304666757583618, 0.0176356453448534
30550, 17.644084930419922, -16.581335067749023, 0.02564050815999508, 2.019698143005371, -1.86650812625885, 0.008470206521451473, 7000.0, 7000.0, 7000.0, 7000.0, 0.15420861542224884, 0.018483757972717285
30570, 17.684505462646484, -16.61869239807129, 0.025809774175286293, 2.022115468978882, -1.8690117597579956, 0.008733351714909077, 7000.0, 7000.0, 7000.0, 7000.0, 0.15302430093288422, 0.01811167597770691
30590, 17.791505813598633, -16.676652908325195, 0.025216320529580116, 2.0338046550750732, -1.874524474143982, 0.004940880928188562, 7000.0, 7000.0, 7000.0, 7000.0, 0.15316413342952728, 0.01042127050459385
30610, 17.83221435546875, -16.714168548583984, 0.025312047451734543, 2.0365872383117676, -1.877105712890625, 0.004938239231705666, 7000.0, 7000.0, 7000.0, 7000.0, 0.15378037095069885, 0.009831279516220093
30630, 18.41187286376953, -16.931087493896484, 0.023198626935482025, 2.108614444732666, -1.9043282270431519, -0.0056830826215445995, 7000.0, 7000.0, 7000.0, 7000.0, 0.15316466987133026, -0.031679168343544006
30650, 18.454072952270508, -16.96919822692871, 0.023083604872226715, 2.1113193035125732, -1.9069008827209473, -0.005678316578269005, 7000.0, 7000.0, 7000.0, 7000.0, 0.15380126237869263, -0.033654164522886276
30670, 18.504987716674805, -17.01040267944336, 0.022961463779211044, 2.115321159362793, -1.9096382856369019, -0.00541851669549942, 7000.0, 7000.0, 7000.0, 7000.0, 0.15448661148548126, -0.03740512952208519
30690, 18.547319412231445, -17.04861831665039, 0.022854231297969818, 2.1176137924194336, -1.9121191501617432, -0.005312041379511356, 7000.0, 7000.0, 7000.0, 7000.0, 0.15621085464954376, -0.038156140595674515
30710, 17.383230209350586, -16.656225204467773, 0.024059060961008072, 1.9688524007797241, -1.859887957572937, 0.001500977436080575, 7000.0, 7000.0, 7000.0, 7000.0, 0.1548227071762085, -0.04072314873337746
30730, 17.42263412475586, -16.693445205688477, 0.024088257923722267, 1.9713481664657593, -1.8623496294021606, 0.0014097613748162985, 7000.0, 7000.0, 7000.0, 7000.0, 0.1566656231880188, 0.03145570680499077
30750, 17.053848266601562, -16.542762756347656, 0.025265339761972427, 1.9224554300308228, -1.8408989906311035, 0.007361674681305885, 7000.0, 7000.0, 7000.0, 7000.0, 0.16033241152763367, 0.031268779188394547
30770, 17.094249725341797, -16.58144760131836, 0.02542046830058098, 1.9250247478485107, -1.8435630798339844, 0.007403036579489708, 7000.0, 7000.0, 7000.0, 7000.0, 0.1591208279132843, 0.06243808940052986
30790, 16.959033966064453, -16.586864471435547, 0.024980448186397552, 1.9060022830963135, -1.8420847654342651, 0.004501490853726864, 7000.0, 7000.0, 7000.0, 7000.0, 0.1583033949136734, 0.06069469079375267
30810, 16.997182846069336, -16.623729705810547, 0.02507726103067398, 1.9087309837341309, -1.8447376489639282, 0.00504396902397275, 7000.0, 7000.0, 7000.0, 7000.0, 0.15850608050823212, 0.06125003844499588
30830, 16.052940368652344, -16.399044036865234, 0.02389843761920929, 1.7897001504898071, -1.8150112628936768, -0.00232565775513649, 7000.0, 7000.0, 7000.0, 7000.0, 0.15666115283966064, 0.06101842597126961
30850, 16.088756561279297, -16.43536376953125, 0.023858163505792618, 1.7919021844863892, -1.8171979188919067, -0.001789960078895092, 7000.0, 7000.0, 7000.0, 7000.0, 0.15641039609909058, 0.10684895515441895
30870, 16.124618530273438, -16.471729278564453, 0.023828772827982903, 1.794032335281372, -1.8196043968200684, -0.0014222946483641863, 7000.0, 7000.0, 7000.0, 7000.0, 0.15661920607089996, 0.10884250700473785
30890, 17.78899574279785, -16.904260635375977, 0.02522568218410015, 1.9976507425308228, -1.8708531856536865, 0.006443580146878958, 7000.0, 7000.0, 7000.0, 7000.0, 0.1579272747039795, 0.028498375788331032
30910, 17.828977584838867, -16.94169807434082, 0.025360897183418274, 2.000622034072876, -1.8731542825698853, 0.006880657281726599, 7000.0, 7000.0, 7000.0, 7000.0, 0.15866561233997345, 0.02848372422158718
30930, 17.761362075805664, -16.94880485534668, 0.025339072570204735, 1.9900413751602173, -1.8717892169952393, 0.005936085246503353, 7000.0, 7000.0, 7000.0, 7000.0, 0.15959882736206055, 0.026893241330981255
30950, 17.801185607910156, -16.986257553100586, 0.02546163648366928, 1.9922794103622437, -1.8739409446716309, 0.006245838012546301, 7000.0, 7000.0, 7000.0, 7000.0, 0.15825943648815155, 0.028405314311385155
30970, 17.516437530517578, -16.900487899780273, 0.024482669308781624, 1.9551764726638794, -1.8613529205322266, 0.000395418843254447, 7000.0, 7000.0, 7000.0, 7000.0, 0.15862269699573517, 0.02687220461666584
30990, 17.555566787719727, -16.937734603881836, 0.024494193494319916, 1.9578527212142944, -1.863731861114502, 0.0005753603763878345, 7000.0, 7000.0, 7000.0, 7000.0, 0.15924124419689178, 0.03396273031830788
31010, 17.352264404296875, -16.872787475585938, 0.023033587262034416, 1.9310187101364136, -1.8544038534164429, -0.007694176398217678, 7000.0, 7000.0, 7000.0, 7000.0, 0.1607150286436081, 0.031923383474349976
31030, 17.390914916992188, -16.909896850585938, 0.02288469858467579, 1.9341269731521606, -1.8567588329315186, -0.00728360703215003, 7000.0, 7000.0, 7000.0, 7000.0, 0.1619560867547989, 0.03132990002632141
31050, 17.524616241455078, -16.987262725830078, 0.023638872429728508, 1.948561429977417, -1.8637447357177734, -0.0019430301617830992, 7000.0, 7000.0, 7000.0, 7000.0, 0.16051293909549713, 0.030330970883369446
31070, 17.563610076904297, -17.024555206298828, 0.023608863353729248, 1.950899600982666, -1.8658009767532349, -0.0012342544505372643, 7000.0, 7000.0, 7000.0, 7000.0, 0.16013400256633759, 0.029674401506781578
31090, 17.61882972717285, -17.06940460205078, 0.02415686473250389, 1.9554609060287476, -1.868714451789856, 0.002541343681514263, 7000.0, 7000.0, 7000.0, 7000.0, 0.16034118831157684, 0.028442779555916786
31110, 17.657958984375, -17.106800079345703, 0.024212907999753952, 1.957597255706787, -1.8708879947662354, 0.0029014907777309418, 7000.0, 7000.0, 7000.0, 7000.0, 0.1601880043745041, 0.0246207807213068
31130, 17.69713592529297, -17.144243240356445, 0.024271775037050247, 1.9601001739501953, -1.8734748363494873, 0.0028957920148968697, 7000.0, 7000.0, 7000.0, 7000.0, 0.16046912968158722, 0.024019278585910797
31150, 17.662696838378906, -17.150753021240234, 0.02601475827395916, 1.9542540311813354, -1.8713266849517822, 0.011890484020113945, 7000.0, 7000.0, 7000.0, 7000.0, 0.16161657869815826, 0.035399049520492554
31170, 17.701807022094727, -17.188207626342773, 0.02625914476811886, 1.956773281097412, -1.8739817142486572, 0.012467988766729832, 7000.0, 7000.0, 7000.0, 7000.0, 0.16264691948890686, 0.03556031361222267
31190, 17.742122650146484, -17.225130081176758, 0.02639835700392723, 1.9589943885803223, -1.876186490058899, 0.012155328877270222, 7000.0, 7000.0, 7000.0, 7000.0, 0.16531985998153687, 0.03288549929857254
31210, 17.781322479248047, -17.262680053710938, 0.026650801301002502, 1.9612576961517334, -1.878780722618103, 0.012875945307314396, 7000.0, 7000.0, 7000.0, 7000.0, 0.1670563519001007, 0.03129315376281738
31230, 17.818235397338867, -17.290414810180664, 0.02621261030435562, 1.9642186164855957, -1.8810052871704102, 0.009525042027235031, 7000.0, 7000.0, 7000.0, 7000.0, 0.16786466538906097, 0.033783383667469025
31250, 17.8575439453125, -17.328060150146484, 0.026403527706861496, 1.9666866064071655, -1.8834978342056274, 0.009553441777825356, 7000.0, 7000.0, 7000.0, 7000.0, 0.16845197975635529, 0.03133852407336235
31270, 17.8963680267334, -17.35821533203125, 0.025956956669688225, 1.9698446989059448, -1.8858420848846436, 0.006240905728191137, 7000.0, 7000.0, 7000.0, 7000.0, 0.16718128323554993, 0.03257106617093086
31290, 17.935789108276367, -17.395959854125977, 0.026083314791321754, 1.9723035097122192, -1.8884836435317993, 0.006435800809413195, 7000.0, 7000.0, 7000.0, 7000.0, 0.16753603518009186, 0.030419867485761642
31310, 18.001920700073242, -17.42997169494629, 0.024106387048959732, 1.9801459312438965, -1.8928804397583008, -0.004193601664155722, 7000.0, 7000.0, 7000.0, 7000.0, 0.16835251450538635, 0.03582407906651497
31330, 18.041547775268555, -17.46785545349121, 0.024025361984968185, 1.9826475381851196, -1.8952804803848267, -0.0038696108385920525, 7000.0, 7000.0, 7000.0, 7000.0, 0.16721653938293457, 0.021122276782989502
31350, 18.13292121887207, -17.53463363647461, 0.02355923131108284, 1.9923079013824463, -1.9015939235687256, -0.005402344278991222, 7000.0, 7000.0, 7000.0, 7000.0, 0.16908544301986694, 0.018796321004629135
31370, 18.172794342041016, -17.572694778442383, 0.023453935980796814, 1.9948982000350952, -1.904210090637207, -0.00510665588080883, 7000.0, 7000.0, 7000.0, 7000.0, 0.16828012466430664, 0.01783548668026924
31390, 18.247312545776367, -17.630895614624023, 0.0232130978256464, 2.0018796920776367, -1.9091792106628418, -0.0053222766146063805, 7000.0, 7000.0, 7000.0, 7000.0, 0.1674736887216568, 0.019682858139276505
31410, 18.287376403808594, -17.66910743713379, 0.02311003766953945, 2.0044424533843994, -1.9116352796554565, -0.005101738031953573, 7000.0, 7000.0, 7000.0, 7000.0, 0.16748689115047455, 0.019555440172553062
31430, 18.32748794555664, -17.707366943359375, 0.023006070405244827, 2.006761074066162, -1.914031744003296, -0.0052564796060323715, 7000.0, 7000.0, 7000.0, 7000.0, 0.16700153052806854, 0.019864685833454132
31450, 18.254703521728516, -17.679807662963867, 0.023326845839619637, 1.9953525066375732, -1.9082266092300415, -0.0029605841264128685, 7000.0, 7000.0, 7000.0, 7000.0, 0.16839899122714996, 0.024575216695666313
31470, 18.29463768005371, -17.718002319335938, 0.023268911987543106, 1.9978359937667847, -1.9108788967132568, -0.0027838184032589197, 7000.0, 7000.0, 7000.0, 7000.0, 0.16606783866882324, 0.021473942324519157
31490, 18.268766403198242, -17.715234756469727, 0.02351297251880169, 1.9925158023834229, -1.9077743291854858, -0.0015344899147748947, 7000.0, 7000.0, 7000.0, 7000.0, 0.1659749150276184, 0.02326877973973751
31510, 18.308645248413086, -17.753416061401367, 0.023480914533138275, 1.9953782558441162, -1.9100123643875122, -0.001649008714593947, 7000.0, 7000.0, 7000.0, 7000.0, 0.1661539375782013, 0.02438017725944519
31530, 18.380558013916016, -17.81348991394043, 0.023254385218024254, 2.0023345947265625, -1.9150410890579224, -0.0022614586632698774, 7000.0, 7000.0, 7000.0, 7000.0, 0.16592451930046082, 0.022827891632914543
31550, 18.420631408691406, -17.851818084716797, 0.023213762789964676, 2.0046842098236084, -1.917373538017273, -0.001830486231483519, 7000.0, 7000.0, 7000.0, 7000.0, 0.16485556960105896, 0.02448159269988537
31570, 18.63715171813965, -18.0189208984375, 0.02184809185564518, 2.0297651290893555, -1.9361000061035156, -0.008284570649266243, 7000.0, 7000.0, 7000.0, 7000.0, 0.16351598501205444, 0.022976212203502655
31590, 18.677776336669922, -18.05766487121582, 0.021683234721422195, 2.0324065685272217, -1.9380826950073242, -0.008290976285934448, 7000.0, 7000.0, 7000.0, 7000.0, 0.16342654824256897, 0.005372591316699982
31610, 18.67660903930664, -18.0692138671875, 0.021676693111658096, 2.0299296379089355, -1.937077283859253, -0.00768198212608695, 7000.0, 7000.0, 7000.0, 7000.0, 0.16423571109771729, 0.0071742902509868145
31630, 18.717233657836914, -18.10797691345215, 0.02152458392083645, 2.032344102859497, -1.9390710592269897, -0.007557185832411051, 7000.0, 7000.0, 7000.0, 7000.0, 0.1621742844581604, 0.004375031683593988
31650, 18.430225372314453, -17.939130783081055, 0.02238519862294197, 1.994730830192566, -1.916059970855713, -0.0021895691752433777, 7000.0, 7000.0, 7000.0, 7000.0, 0.16237115859985352, 0.00497087650001049
31670, 18.47014617919922, -17.97747802734375, 0.022343838587403297, 1.997262954711914, -1.9186627864837646, -0.0021571761462837458, 7000.0, 7000.0, 7000.0, 7000.0, 0.1624809056520462, 0.025387080386281013
31690, 18.51011848449707, -18.015871047973633, 0.022303501144051552, 1.9997961521148682, -1.920485019683838, -0.00176835001911968, 7000.0, 7000.0, 7000.0, 7000.0, 0.1598922461271286, 0.02673998847603798
31710, 18.60784912109375, -18.107276916503906, 0.021700328215956688, 2.0096144676208496, -1.9293742179870605, -0.003938888665288687, 7000.0, 7000.0, 7000.0, 7000.0, 0.1589965671300888, 0.020218277350068092
31730, 18.648069381713867, -18.145891189575195, 0.02162766642868519, 2.0121679306030273, -1.9321163892745972, -0.0032957931980490685, 7000.0, 7000.0, 7000.0, 7000.0, 0.15844105184078217, 0.018512634560465813
31750, 18.595422744750977, -18.05061912536621, 0.02343064919114113, 2.0023441314697266, -1.9171240329742432, 0.006560943089425564, 7000.0, 7000.0, 7000.0, 7000.0, 0.15720297396183014, 0.03467022255063057
31770, 18.635498046875, -18.0889835357666, 0.023565322160720825, 2.005204916000366, -1.919258713722229, 0.006880550179630518, 7000.0, 7000.0, 7000.0, 7000.0, 0.15897279977798462, 0.033347394317388535
31790, 18.613994598388672, -18.106355667114258, 0.023058099672198296, 2.001394271850586, -1.9203050136566162, 0.004249239806085825, 7000.0, 7000.0, 7000.0, 7000.0, 0.15959173440933228, 0.03423943370580673
31810, 18.654050827026367, -18.144786834716797, 0.023153021931648254, 2.004058361053467, -1.9227404594421387, 0.005146642215549946, 7000.0, 7000.0, 7000.0, 7000.0, 0.16172344982624054, 0.03217605873942375
31830, 18.843841552734375, -18.261734008789062, 0.024012943729758263, 2.0234854221343994, -1.9336389303207397, 0.009398696012794971, 7000.0, 7000.0, 7000.0, 7000.0, 0.16347402334213257, 0.03287579491734505
31850, 18.884336471557617, -18.30042839050293, 0.024205349385738373, 2.0261025428771973, -1.9358012676239014, 0.009813948534429073, 7000.0, 7000.0, 7000.0, 7000.0, 0.16221855580806732, 0.03440706431865692
31870, 18.52622413635254, -18.103240966796875, 0.02225634641945362, 1.9855788946151733, -1.9127459526062012, -0.0012173437280580401, 7000.0, 7000.0, 7000.0, 7000.0, 0.1644013524055481, 0.03146668151021004
31890, 18.565963745117188, -18.14151954650879, 0.02224174328148365, 1.9883263111114502, -1.915166974067688, -0.00038533436600118876, 7000.0, 7000.0, 7000.0, 7000.0, 0.16545498371124268, 0.03373418375849724
31910, 18.771039962768555, -18.2724609375, 0.022935615852475166, 2.0096380710601807, -1.9280991554260254, 0.003745074151083827, 7000.0, 7000.0, 7000.0, 7000.0, 0.1667224019765854, 0.03491147235035896
31930, 18.811262130737305, -18.31104850769043, 0.02301538735628128, 2.0124402046203613, -1.9307399988174438, 0.004151798319071531, 7000.0, 7000.0, 7000.0, 7000.0, 0.16659963130950928, 0.03287232294678688
31950, 19.002769470214844, -18.43575668334961, 0.02385641075670719, 2.0315277576446533, -1.942720651626587, 0.008748523890972137, 7000.0, 7000.0, 7000.0, 7000.0, 0.16505607962608337, 0.03295643627643585
31970, 19.043428421020508, -18.474637985229492, 0.024035336449742317, 2.03444766998291, -1.9451237916946411, 0.009230033494532108, 7000.0, 7000.0, 7000.0, 7000.0, 0.16563303768634796, 0.034214988350868225
31990, 19.084150314331055, -18.513561248779297, 0.02421683631837368, 2.0376651287078857, -1.9471982717514038, 0.008955593220889568, 7000.0