timeTick, stateX, stateY, stateZ, stateVX, stateVY, stateVZ, motor1, motor2, motor3, motor4, yaw, pitch
43445, 10.625945091247559, 0.03238656744360924, 0.027989627793431282, 2.998716115951538, 0.29253023862838745, -0.00293644773773849, 0, 0, 0, 0, 0, 0
43465, 10.685449600219727, 0.038286272436380386, 0.027950063347816467, 3.0058023929595947, 0.295863538980484, -0.0029470128938555717, 0.0, 0.0, 0.0, 0.0, 0.4891869127750397, 1.6765916347503662
43485, 10.745634078979492, 0.04423877224326134, 0.02788921631872654, 3.012666940689087, 0.2993084490299225, -0.00324607128277421, 7000.0, 7000.0, 7000.0, 7000.0, 0.4907192289829254, 1.6792093515396118
43505, 10.79005241394043, 0.05060388520359993, 0.02831011451780796, 3.0141403675079346, 0.30248573422431946, -0.0009700908558443189, 7000.0, 7000.0, 7000.0, 7000.0, 0.4894765615463257, 1.6846400499343872
43525, 10.8504056930542, 0.056687239557504654, 0.028286846354603767, 3.0211384296417236, 0.3058772683143616, -0.0014165391912683845, 7000.0, 7000.0, 7000.0, 7000.0, 0.4906141757965088, 1.7010233402252197
43545, 10.91392707824707, 0.06314902752637863, 0.028256170451641083, 3.028545379638672, 0.30951520800590515, -0.0015171567210927606, 7000.0, 7000.0, 7000.0, 7000.0, 0.4920036196708679, 1.703490972518921
43565, 10.993642807006836, 0.06898519396781921, 0.02764657326042652, 3.0420591831207275, 0.3124539852142334, -0.004742910154163837, 7000.0, 7000.0, 7000.0, 7000.0, 0.49168843030929565, 1.7063552141189575
43585, 11.054555892944336, 0.07526615262031555, 0.027545511722564697, 3.0493316650390625, 0.315559983253479, -0.005466754548251629, 7000.0, 7000.0, 7000.0, 7000.0, 0.4925258159637451, 1.695425033569336
43605, 11.090444564819336, 0.08181695640087128, 0.028086144477128983, 3.048002243041992, 0.31878507137298584, -0.0022117076441645622, 7000.0, 7000.0, 7000.0, 7000.0, 0.495845228433609, 1.6947619915008545
43625, 11.151474952697754, 0.0882255882024765, 0.028041988611221313, 3.0550851821899414, 0.32171228528022766, -0.0023327316157519817, 7000.0, 7000.0, 7000.0, 7000.0, 0.4971311688423157, 1.7092597484588623
43645, 11.21264934539795, 0.09470005333423615, 0.027989158406853676, 3.0622193813323975, 0.3252760171890259, -0.002728330437093973, 7000.0, 7000.0, 7000.0, 7000.0, 0.49310773611068726, 1.7100337743759155
43665, 11.254927635192871, 0.10150536894798279, 0.028421228751540184, 3.0627248287200928, 0.3287971317768097, -0.0002709443215280771, 7000.0, 7000.0, 7000.0, 7000.0, 0.4990122616291046, 1.7091758251190186
43685, 11.316252708435059, 0.10811440646648407, 0.028413619846105576, 3.0695834159851074, 0.3318136930465698, -0.00026581817655824125, 7000.0, 7000.0, 7000.0, 7000.0, 0.497243732213974, 1.7220951318740845
43705, 11.400508880615234, 0.11428815126419067, 0.02779559977352619, 3.0841214656829834, 0.335072785615921, -0.003542710328474641, 7000.0, 7000.0, 7000.0, 7000.0, 0.495210200548172, 1.7258429527282715
43725, 11.462259292602539, 0.12102879583835602, 0.027721239253878593, 3.090885877609253, 0.33819779753685, -0.003628417383879423, 7000.0, 7000.0, 7000.0, 7000.0, 0.501207172870636, 1.7112081050872803
43745, 11.524145126342773, 0.12784148752689362, 0.02763758972287178, 3.097583532333374, 0.3424138128757477, -0.004462985321879387, 7000.0, 7000.0, 7000.0, 7000.0, 0.5004188418388367, 1.714990258216858
43765, 11.55724048614502, 0.13512969017028809, 0.028201518580317497, 3.0954954624176025, 0.3462633192539215, -0.0014418013161048293, 7000.0, 7000.0, 7000.0, 7000.0, 0.5032064914703369, 1.7185003757476807
43785, 11.619220733642578, 0.14208504557609558, 0.028169045224785805, 3.1021549701690674, 0.3495899736881256, -0.0021385010331869125, 7000.0, 7000.0, 7000.0, 7000.0, 0.5085421800613403, 1.734825611114502
43805, 11.647146224975586, 0.14971405267715454, 0.028923220932483673, 3.0978105068206787, 0.35294803977012634, 0.0016022642375901341, 7000.0, 7000.0, 7000.0, 7000.0, 0.5109179019927979, 1.7350616455078125
43825, 11.709165573120117, 0.15680469572544098, 0.028959011659026146, 3.104419231414795, 0.35587263107299805, 0.0010645349975675344, 7000.0, 7000.0, 7000.0, 7000.0, 0.5074485540390015, 1.7535512447357178
43845, 11.771318435668945, 0.16395559906959534, 0.02898615226149559, 3.1110119819641113, 0.35907602310180664, 0.0010881285415962338, 7000.0, 7000.0, 7000.0, 7000.0, 0.5071129202842712, 1.7532778978347778
43865, 11.85007381439209, 0.17048032581806183, 0.028546471148729324, 3.12294602394104, 0.36248335242271423, -0.0012683402746915817, 7000.0, 7000.0, 7000.0, 7000.0, 0.5098372101783752, 1.7610572576522827
43885, 11.91260051727295, 0.1777636706829071, 0.028516754508018494, 3.129348039627075, 0.3660106360912323, -0.0014746921369805932, 7000.0, 7000.0, 7000.0, 7000.0, 0.510112464427948, 1.7570847272872925
43905, 11.950650215148926, 0.18612362444400787, 0.02912318706512451, 3.1284515857696533, 0.36953845620155334, 0.0013737693661823869, 7000.0, 7000.0, 7000.0, 7000.0, 0.5108389258384705, 1.75367271900177
43925, 12.013285636901855, 0.1935490220785141, 0.029156962409615517, 3.1351826190948486, 0.37309491634368896, 0.0011432081228122115, 7000.0, 7000.0, 7000.0, 7000.0, 0.5106021165847778, 1.7633105516433716
43945, 12.079193115234375, 0.20142480731010437, 0.02918734773993492, 3.14223313331604, 0.3767455220222473, 0.0009329419699497521, 7000.0, 7000.0, 7000.0, 7000.0, 0.5107723474502563, 1.7646183967590332
43965, 12.145519256591797, 0.20882001519203186, 0.029120394960045815, 3.149928331375122, 0.3801249563694, 0.0008718552417121828, 7000.0, 7000.0, 7000.0, 7000.0, 0.5108555555343628, 1.7676695585250854
43985, 12.208589553833008, 0.21645380556583405, 0.029138529673218727, 3.1567373275756836, 0.38348454236984253, 0.001071631908416748, 7000.0, 7000.0, 7000.0, 7000.0, 0.5139071345329285, 1.7753435373306274
44005, 12.307573318481445, 0.2224193811416626, 0.02822980470955372, 3.174208641052246, 0.38635000586509705, -0.004174031317234039, 7000.0, 7000.0, 7000.0, 7000.0, 0.512540876865387, 1.7780225276947021
44025, 12.371123313903809, 0.23017583787441254, 0.028146879747509956, 3.180931806564331, 0.3894975185394287, -0.004795735701918602, 7000.0, 7000.0, 7000.0, 7000.0, 0.5143821239471436, 1.754309058189392
44045, 12.434803009033203, 0.2380027174949646, 0.02805829606950283, 3.1875314712524414, 0.39294445514678955, -0.004873035475611687, 7000.0, 7000.0, 7000.0, 7000.0, 0.513911783695221, 1.7566092014312744
44065, 12.450278282165527, 0.24715036153793335, 0.028904777020215988, 3.1789894104003906, 0.3969128429889679, 0.0004943000385537744, 7000.0, 7000.0, 7000.0, 7000.0, 0.5151090025901794, 1.7644144296646118
44085, 12.513924598693848, 0.2551192045211792, 0.028912773355841637, 3.1853742599487305, 0.4003599286079407, 0.00040937907760962844, 7000.0, 7000.0, 7000.0, 7000.0, 0.5163106918334961, 1.7879668474197388
44105, 12.57590389251709, 0.2632162868976593, 0.02895219251513481, 3.191338539123535, 0.40382421016693115, 9.27384098758921e-05, 7000.0, 7000.0, 7000.0, 7000.0, 0.5188352465629578, 1.7843260765075684
44125, 12.639795303344727, 0.27132076025009155, 0.028955040499567986, 3.198082208633423, 0.40692636370658875, -0.0003918593574780971, 7000.0, 7000.0, 7000.0, 7000.0, 0.5184064507484436, 1.7857081890106201
44145, 12.703818321228027, 0.279493510723114, 0.028956152498722076, 3.2047476768493652, 0.41027483344078064, -0.00026842535589821637, 7000.0, 7000.0, 7000.0, 7000.0, 0.5204044580459595, 1.7910676002502441
44165, 12.812217712402344, 0.2858647406101227, 0.028039902448654175, 3.2246921062469482, 0.4136436879634857, -0.004915344994515181, 7000.0, 7000.0, 7000.0, 7000.0, 0.5215213298797607, 1.7987985610961914
44185, 12.876775741577148, 0.2941688001155853, 0.02793980948626995, 3.2311484813690186, 0.4174017906188965, -0.004904630593955517, 7000.0, 7000.0, 7000.0, 7000.0, 0.5264453291893005, 1.7843765020370483
44205, 12.888129234313965, 0.30414658784866333, 0.028742963448166847, 3.2216391563415527, 0.42112278938293457, -0.0006796209490858018, 7000.0, 7000.0, 7000.0, 7000.0, 0.5313619375228882, 1.7839422225952148
44225, 12.95262622833252, 0.3125983774662018, 0.028729267418384552, 3.2284300327301025, 0.4246547520160675, -0.0013773100217804313, 7000.0, 7000.0, 7000.0, 7000.0, 0.5299995541572571, 1.805546522140503
44245, 13.017254829406738, 0.32112690806388855, 0.028708364814519882, 3.2349796295166016, 0.4282420873641968, -0.001648648059926927, 7000.0, 7000.0, 7000.0, 7000.0, 0.5311449766159058, 1.81022310256958
44265, 13.099452018737793, 0.3290235698223114, 0.02835659869015217, 3.246274709701538, 0.4319591522216797, -0.0029606036841869354, 7000.0, 7000.0, 7000.0, 7000.0, 0.5327633619308472, 1.813279151916504
44285, 13.164438247680664, 0.3376938998699188, 0.028295107185840607, 3.2525854110717773, 0.4355016350746155, -0.0030507678166031837, 7000.0, 7000.0, 7000.0, 7000.0, 0.536259114742279, 1.8164950609207153
44305, 13.236465454101562, 0.34617459774017334, 0.02811206877231598, 3.261284828186035, 0.4392639398574829, -0.0038413468282669783, 7000.0, 7000.0, 7000.0, 7000.0, 0.5354004502296448, 1.8154997825622559
44325, 13.30501937866211, 0.3554234206676483, 0.028026200830936432, 3.26792049407959, 0.44233134388923645, -0.004811423830688, 7000.0, 7000.0, 7000.0, 7000.0, 0.5378537178039551, 1.8155794143676758
44345, 13.370433807373047, 0.36429816484451294, 0.027932781726121902, 3.27413010597229, 0.44548287987709045, -0.005267762579023838, 7000.0, 7000.0, 7000.0, 7000.0, 0.5347009897232056, 1.8139079809188843
44365, 13.377334594726562, 0.3753933906555176, 0.02880735509097576, 3.26314640045166, 0.449264794588089, -0.0004467654798645526, 7000.0, 7000.0, 7000.0, 7000.0, 0.532423198223114, 1.8185439109802246
44385, 13.442657470703125, 0.384412556886673, 0.02879674918949604, 3.269319534301758, 0.453061044216156, -0.0004567020514514297, 7000.0, 7000.0, 7000.0, 7000.0, 0.535748302936554, 1.8488082885742188
44405, 13.4798583984375, 0.3952208161354065, 0.029326017946004868, 3.2672202587127686, 0.45701244473457336, 0.002197691472247243, 7000.0, 7000.0, 7000.0, 7000.0, 0.536545991897583, 1.8495231866836548
44425, 13.54526138305664, 0.4043937921524048, 0.02936392091214657, 3.273334503173828, 0.4610544443130493, 0.0014725098153576255, 7000.0, 7000.0, 7000.0, 7000.0, 0.5382357835769653, 1.8632217645645142
44445, 13.610783576965332, 0.4136427640914917, 0.029394950717687607, 3.2795817852020264, 0.46423810720443726, 0.000902668631169945, 7000.0, 7000.0, 7000.0, 7000.0, 0.5386461615562439, 1.8618137836456299
44465, 13.683581352233887, 0.4222552180290222, 0.029234694316983223, 3.28796648979187, 0.46746107935905457, 0.00020209852664265782, 7000.0, 7000.0, 7000.0, 7000.0, 0.538837194442749, 1.8657102584838867
44485, 13.749401092529297, 0.43164053559303284, 0.029240339994430542, 3.29424786567688, 0.47142210602760315, 0.0003627035766839981, 7000.0, 7000.0, 7000.0, 7000.0, 0.5371801257133484, 1.8650895357131958
44505, 13.802694320678711, 0.44258660078048706, 0.029581749811768532, 3.2968223094940186, 0.4753184914588928, 0.001809386652894318, 7000.0, 7000.0, 7000.0, 7000.0, 0.5413610339164734, 1.8698374032974243
44525, 13.868695259094238, 0.4521206021308899, 0.029611751437187195, 3.303417682647705, 0.4788573980331421, 0.0012503165053203702, 7000.0, 7000.0, 7000.0, 7000.0, 0.5429940223693848, 1.8751323223114014
44545, 13.934825897216797, 0.461728572845459, 0.029636863619089127, 3.310112953186035, 0.48207759857177734, 0.000727267237380147, 7000.0, 7000.0, 7000.0, 7000.0, 0.5425501465797424, 1.8787418603897095
44565, 14.043591499328613, 0.4658004939556122, 0.028411179780960083, 3.3289036750793457, 0.4846162497997284, -0.005061736796051264, 7000.0, 7000.0, 7000.0, 7000.0, 0.5416251420974731, 1.880630612373352
44585, 14.110228538513184, 0.4755336344242096, 0.028309853747487068, 3.3349609375, 0.4886704385280609, -0.004859982989728451, 7000.0, 7000.0, 7000.0, 7000.0, 0.5420899987220764, 1.8662346601486206
44605, 14.159899711608887, 0.4867931008338928, 0.028534909710288048, 3.336104393005371, 0.49294373393058777, -0.0035846165847033262, 7000.0, 7000.0, 7000.0, 7000.0, 0.5449380874633789, 1.8694764375686646
44625, 14.2266845703125, 0.49668264389038086, 0.028453204780817032, 3.3422744274139404, 0.496565043926239, -0.0042310915887355804, 7000.0, 7000.0, 7000.0, 7000.0, 0.5483500361442566, 1.8754137754440308
44645, 14.29358959197998, 0.5066488981246948, 0.028363842517137527, 3.34849214553833, 0.5001838207244873, -0.004967578686773777, 7000.0, 7000.0, 7000.0, 7000.0, 0.5493399500846863, 1.8764383792877197
44665, 14.396685600280762, 0.5141453146934509, 0.02762870118021965, 3.3648743629455566, 0.5032632946968079, -0.008207648992538452, 7000.0, 7000.0, 7000.0, 7000.0, 0.5499212145805359, 1.8765853643417358
44685, 14.464041709899902, 0.5242505669593811, 0.027466190978884697, 3.3710148334503174, 0.5069290995597839, -0.008203997276723385, 7000.0, 7000.0, 7000.0, 7000.0, 0.5496516823768616, 1.8673738241195679
44705, 14.444806098937988, 0.5386947989463806, 0.028465140610933304, 3.352616548538208, 0.5117290616035461, -0.002194153843447566, 7000.0, 7000.0, 7000.0, 7000.0, 0.5514598488807678, 1.8699500560760498
44725, 14.515280723571777, 0.5494834780693054, 0.028408149257302284, 3.358759641647339, 0.5158781409263611, -0.002535037463530898, 7000.0, 7000.0, 7000.0, 7000.0, 0.5523823499679565, 1.9054971933364868
44745, 14.582520484924316, 0.5598376393318176, 0.02834876999258995, 3.3649990558624268, 0.5194957256317139, -0.0034158634953200817, 7000.0, 7000.0, 7000.0, 7000.0, 0.5543088316917419, 1.9020415544509888
44765, 14.631462097167969, 0.571494996547699, 0.028586668893694878, 3.366260528564453, 0.5229299664497375, -0.0025781767908483744, 7000.0, 7000.0, 7000.0, 7000.0, 0.5537829995155334, 1.8988932371139526
44785, 14.698847770690918, 0.5819998979568481, 0.028537342324852943, 3.372436761856079, 0.5267789959907532, -0.002641071332618594, 7000.0, 7000.0, 7000.0, 7000.0, 0.5550734400749207, 1.9083150625228882
44805, 14.802061080932617, 0.5894365310668945, 0.027795495465397835, 3.3883678913116455, 0.5302200317382812, -0.00626221252605319, 7000.0, 7000.0, 7000.0, 7000.0, 0.5568189024925232, 1.9178411960601807
44825, 14.869895935058594, 0.6000873446464539, 0.02765851654112339, 3.3945493698120117, 0.5345539450645447, -0.006542118266224861, 7000.0, 7000.0, 7000.0, 7000.0, 0.557743489742279, 1.9058634042739868
44845, 14.937857627868652, 0.6108201146125793, 0.027518149465322495, 3.4010751247406006, 0.5384734869003296, -0.007098461501300335, 7000.0, 7000.0, 7000.0, 7000.0, 0.5573194026947021, 1.9049776792526245
44865, 15.019590377807617, 0.6206340789794922, 0.02713070623576641, 3.4111013412475586, 0.5418744087219238, -0.008626670576632023, 7000.0, 7000.0, 7000.0, 7000.0, 0.558510959148407, 1.9005708694458008
44885, 15.087871551513672, 0.631519079208374, 0.026961680501699448, 3.417114496231079, 0.5458137392997742, -0.008842418901622295, 7000.0, 7000.0, 7000.0, 7000.0, 0.558241069316864, 1.9082565307617188
44905, 15.035578727722168, 0.6499727368354797, 0.028660301119089127, 3.3895018100738525, 0.5513001680374146, 0.0009811101481318474, 7000.0, 7000.0, 7000.0, 7000.0, 0.5623379349708557, 1.9105513095855713
44925, 15.103433609008789, 0.6610464453697205, 0.02867361716926098, 3.395423650741577, 0.5554651618003845, 0.000890722090844065, 7000.0, 7000.0, 7000.0, 7000.0, 0.5650562047958374, 1.9609297513961792
44945, 15.171412467956543, 0.6721974015235901, 0.02867916040122509, 3.4017698764801025, 0.5593369603157043, 0.0002187754143960774, 7000.0, 7000.0, 7000.0, 7000.0, 0.5614410042762756, 1.9623587131500244
44965, 15.270344734191895, 0.6793621778488159, 0.027883337810635567, 3.416816234588623, 0.5623582005500793, -0.004256842657923698, 7000.0, 7000.0, 7000.0, 7000.0, 0.5609490275382996, 1.961361050605774
44985, 15.338744163513184, 0.6906511783599854, 0.02780274674296379, 3.4233219623565674, 0.5661697387695312, -0.004852711223065853, 7000.0, 7000.0, 7000.0, 7000.0, 0.5634083151817322, 1.9452317953109741
45005, 15.366774559020996, 0.7077943682670593, 0.028717631474137306, 3.4178576469421387, 0.5715305209159851, 4.140720920986496e-05, 7000.0, 7000.0, 7000.0, 7000.0, 0.5659487247467041, 1.9522632360458374
45025, 3.796873352257535e-05, -2.173868097088416e-06, -5.497440724866465e-08, 0.006847786251455545, -0.0004521982918959111, -4.365056156530045e-05, 7000.0, 7000.0, 7000.0, 7000.0, 0.5638803243637085, 1.9704153537750244
45045, 0.00030299293575808406, -3.335185465402901e-05, -3.429854587011505e-06, 0.019342344254255295, -0.002332982374355197, -0.00017299572937190533, 7000.0, 7000.0, 7000.0, 7000.0, 0.008062581531703472, 0.009521694853901863
45065, 0.0008222712785936892, -0.00010047919931821525, 0.0299903005361557, 0.03212305158376694, -0.00453547015786171, -0.0006605557282455266, 7000.0, 7000.0, 7000.0, 7000.0, 0.006294695194810629, 0.01831154339015484
45085, 0.0015943198231980205, -0.0002075965458061546, 0.029974590986967087, 0.0450652576982975, -0.007079611998051405, -0.0011696057626977563, 7000.0, 7000.0, 7000.0, 7000.0, 0.012541450560092926, 0.02442733570933342
45105, 0.0026228383649140596, -0.0003571417764760554, 0.02944808080792427, 0.05785258114337921, -0.00854713935405016, -0.0021493921522051096, 7000.0, 7000.0, 7000.0, 7000.0, 0.010232475586235523, 0.029079321771860123
45125, 0.003975040279328823, -0.000560171261895448, 0.029403051361441612, 0.07134469598531723, -0.01007530465722084, -0.0022778038401156664, 7000.0, 7000.0, 7000.0, 7000.0, 0.02333638444542885, 0.03442564234137535
45145, 0.0055295685306191444, -0.00078644382301718, 0.02935268171131611, 0.08409809321165085, -0.011655836366117, -0.002550343982875347, 7000.0, 7000.0, 7000.0, 7000.0, 0.024738812819123268, 0.04640214145183563
45165, 0.0073426649905741215, -0.0010516548063606024, 0.028721146285533905, 0.09677682816982269, -0.013757012784481049, -0.0049635544419288635, 7000.0, 7000.0, 7000.0, 7000.0, 0.024634949862957, 0.04713442549109459
45185, 0.009397599846124649, -0.0013559359358623624, 0.028623085469007492, 0.10916172713041306, -0.016308797523379326, -0.005838792305439711, 7000.0, 7000.0, 7000.0, 7000.0, 0.030601216480135918, 0.04946408420801163
45205, 0.011710382997989655, -0.0017047188011929393, 0.028282521292567253, 0.12208123505115509, -0.018511995673179626, -0.006718848366290331, 7000.0, 7000.0, 7000.0, 7000.0, 0.02809014916419983, 0.05921868234872818
45225, 0.014271965250372887, -0.0020887774880975485, 0.028151510283350945, 0.13433723151683807, -0.01956568844616413, -0.006764755584299564, 7000.0, 7000.0, 7000.0, 7000.0, 0.02964496985077858, 0.06660226732492447
45245, 0.01708115078508854, -0.0025052905548363924, 0.028011657297611237, 0.14677919447422028, -0.02059118263423443, -0.0072469403967261314, 7000.0, 7000.0, 7000.0, 7000.0, 0.038231175392866135, 0.07087887823581696
45265, 0.02008526585996151, -0.0029410559218376875, 0.02879139594733715, 0.15876774489879608, -0.022605158388614655, -0.0023928717710077763, 7000.0, 7000.0, 7000.0, 7000.0, 0.038315191864967346, 0.07192689925432205
45285, 0.023382309824228287, -0.0034223683178424835, 0.02874123491346836, 0.17149212956428528, -0.024765297770500183, -0.0033993844408541918, 7000.0, 7000.0, 7000.0, 7000.0, 0.036771148443222046, 0.08107447624206543
45305, 0.026960017159581184, -0.00394345773383975, 0.028347281739115715, 0.18423904478549957, -0.026502545922994614, -0.005822503473609686, 7000.0, 7000.0, 7000.0, 7000.0, 0.037991248071193695, 0.0837528258562088
45325, 0.030762141570448875, -0.004494231194257736, 0.028229573741555214, 0.19667375087738037, -0.02855619601905346, -0.00598126370459795, 7000.0, 7000.0, 7000.0, 7000.0, 0.036284416913986206, 0.09650612622499466
45345, 0.03481372818350792, -0.0050797914154827595, 0.028094911947846413, 0.20869767665863037, -0.030275782570242882, -0.006502623204141855, 7000.0, 7000.0, 7000.0, 7000.0, 0.03985494375228882, 0.11279045790433884
45365, 0.039180874824523926, -0.005712481215596199, 0.027414677664637566, 0.22102636098861694, -0.03182302042841911, -0.00989818386733532, 7000.0, 7000.0, 7000.0, 7000.0, 0.0420982800424099, 0.11841994524002075
45385, 0.04372997209429741, -0.006370326969772577, 0.027207976207137108, 0.23384495079517365, -0.033536214381456375, -0.010378907434642315, 7000.0, 7000.0, 7000.0, 7000.0, 0.04558251053094864, 0.11714866012334824
45405, 0.04844934865832329, -0.0070548951625823975, 0.027405576780438423, 0.2455630749464035, -0.03551948815584183, -0.009090002626180649, 7000.0, 7000.0, 7000.0, 7000.0, 0.04626614972949028, 0.12013103067874908
45425, 0.05347472429275513, -0.007788126356899738, 0.027230795472860336, 0.2576376795768738, -0.03737327829003334, -0.009210983291268349, 7000.0, 7000.0, 7000.0, 7000.0, 0.047600436955690384, 0.12900018692016602
45445, 0.05874361842870712, -0.008553000167012215, 0.027052244171500206, 0.26973915100097656, -0.03902890905737877, -0.009062196128070354, 7000.0, 7000.0, 7000.0, 7000.0, 0.04818149283528328, 0.13513672351837158
45465, 0.0642613098025322, -0.009351793676614761, 0.026839351281523705, 0.2814830541610718, -0.04061756655573845, -0.00932919792830944, 7000.0, 7000.0, 7000.0, 7000.0, 0.05201149359345436, 0.14571402966976166
45485, 0.0700097531080246, -0.010177964344620705, 0.02664063312113285, 0.2933289110660553, -0.04187491163611412, -0.009550309740006924, 7000.0, 7000.0, 7000.0, 7000.0, 0.054531585425138474, 0.15020751953125
45505, 0.07578133791685104, -0.010999184101819992, 0.027086475864052773, 0.30432114005088806, -0.04316376894712448, -0.006749970372766256, 7000.0, 7000.0, 7000.0, 7000.0, 0.056417617946863174, 0.15085385739803314
45525, 0.08230354636907578, -0.01192186027765274, 0.026934616267681122, 0.3171018064022064, -0.044893454760313034, -0.0075983284041285515, 7000.0, 7000.0, 7000.0, 7000.0, 0.0592460110783577, 0.1656579226255417
45545, 0.08876098692417145, -0.012829744257032871, 0.02678198181092739, 0.32917705178260803, -0.04608244076371193, -0.008037096820771694, 7000.0, 7000.0, 7000.0, 7000.0, 0.062042418867349625, 0.1738073229789734
45565, 0.0952325090765953, -0.013733621686697006, 0.027194151654839516, 0.34048107266426086, -0.04744954779744148, -0.00521291745826602, 7000.0, 7000.0, 7000.0, 7000.0, 0.0656130313873291, 0.18049916625022888
45585, 0.10216192156076431, -0.014697538688778877, 0.027090709656476974, 0.3523486852645874, -0.048509567975997925, -0.004890741780400276, 7000.0, 7000.0, 7000.0, 7000.0, 0.06854558736085892, 0.19674278795719147
45605, 0.1086893156170845, -0.01559702679514885, 0.028301537036895752, 0.3622192144393921, -0.049479831010103226, 0.0015236105537042022, 7000.0, 7000.0, 7000.0, 7000.0, 0.06975557655096054, 0.20466797053813934
45625, 0.11605440825223923, -0.016603555530309677, 0.028325293213129044, 0.37408408522605896, -0.050899945199489594, 0.0009491972159594297, 7000.0, 7000.0, 7000.0, 7000.0, 0.06965162605047226, 0.23177245259284973
45645, 0.12365296483039856, -0.01763223111629486, 0.02834382653236389, 0.38596111536026, -0.05240035802125931, 0.0006291652680374682, 7000.0, 7000.0, 7000.0, 7000.0, 0.06961765885353088, 0.23441331088542938
45665, 0.13106021285057068, -0.018631204962730408, 0.029130136594176292, 0.39630815386772156, -0.05385490506887436, 0.004477953538298607, 7000.0, 7000.0, 7000.0, 7000.0, 0.07055868208408356, 0.23996977508068085
45685, 0.1391030251979828, -0.01971225067973137, 0.029216594994068146, 0.4078426957130432, -0.055157531052827835, 0.0048191058449447155, 7000.0, 7000.0, 7000.0, 7000.0, 0.07406266033649445, 0.2659817337989807
45705, 0.1477379947900772, -0.020869430154561996, 0.02873801253736019, 0.4204353988170624, -0.05647075176239014, 0.0013693325454369187, 7000.0, 7000.0, 7000.0, 7000.0, 0.07841338217258453, 0.2715364396572113
45725, 0.15627440810203552, -0.022008096799254417, 0.02875150926411152, 0.4325377345085144, -0.057640720158815384, 0.0007798078004270792, 7000.0, 7000.0, 7000.0, 7000.0, 0.0826728418469429, 0.2636258602142334
45745, 0.16505157947540283, -0.023171978071331978, 0.028758378699421883, 0.4449312090873718, -0.05889341980218887, -0.0002813897735904902, 7000.0, 7000.0, 7000.0, 7000.0, 0.08708623796701431, 0.2667841911315918
45765, 0.17465724050998688, -0.02443145215511322, 0.027949506416916847, 0.4582892954349518, -0.06035697087645531, -0.004337134305387735, 7000.0, 7000.0, 7000.0, 7000.0, 0.0871073454618454, 0.2699529826641083
45785, 0.18393465876579285, -0.02564869076013565, 0.027870584279298782, 0.4697544574737549, -0.06191939860582352, -0.0041709537617862225, 7000.0, 7000.0, 7000.0, 7000.0, 0.08805927634239197, 0.26048266887664795
45805, 0.1933993250131607, -0.02688751369714737, 0.027839237824082375, 0.4811355471611023, -0.06314045935869217, -0.0037985206581652164, 7000.0, 7000.0, 7000.0, 7000.0, 0.08993470668792725, 0.2749106287956238
45825, 0.20314288139343262, -0.028157664462924004, 0.027751971036195755, 0.49270910024642944, -0.06423734873533249, -0.0037153824232518673, 7000.0, 7000.0, 7000.0, 7000.0, 0.0929388627409935, 0.2815803587436676
45845, 0.21311955153942108, -0.029452620074152946, 0.02766646072268486, 0.5044346451759338, -0.06537207216024399, -0.003966554533690214, 7000.0, 7000.0, 7000.0, 7000.0, 0.09579356759786606, 0.2831602990627289
45865, 0.22317564487457275, -0.03075236640870571, 0.027738668024539948, 0.5159135460853577, -0.06668601185083389, -0.0036004390567541122, 7000.0, 7000.0, 7000.0, 7000.0, 0.09766942262649536, 0.2847134470939636
45885, 0.23361431062221527, -0.032092947512865067, 0.027660610154271126, 0.527675449848175, -0.06791332364082336, -0.004450504202395678, 7000.0, 7000.0, 7000.0, 7000.0, 0.09985081851482391, 0.2894822955131531
45905, 0.24269510805606842, -0.03327365964651108, 0.029041264206171036, 0.5358079671859741, -0.06886614859104156, 0.0023366434033960104, 7000.0, 7000.0, 7000.0, 7000.0, 0.1022297590970993, 0.2922036349773407
45925, 0.25407469272613525, -0.03472614288330078, 0.02909223921597004, 0.5476198196411133, -0.06986834853887558, 0.0023834891617298126, 7000.0, 7000.0, 7000.0, 7000.0, 0.10256240516901016, 0.3271416425704956
45945, 0.26514825224876404, -0.036129456013441086, 0.029139691963791847, 0.5591545104980469, -0.07096191495656967, 0.002883775159716606, 7000.0, 7000.0, 7000.0, 7000.0, 0.10520423948764801, 0.3317088782787323
45965, 0.2782526910305023, -0.037763502448797226, 0.027672361582517624, 0.5745919346809387, -0.07255072891712189, -0.005221589934080839, 7000.0, 7000.0, 7000.0, 7000.0, 0.10719809681177139, 0.3341943323612213
45985, 0.28986600041389465, -0.03922123834490776, 0.027565332129597664, 0.5865264534950256, -0.07374203205108643, -0.005546549800783396, 7000.0, 7000.0, 7000.0, 7000.0, 0.1071772575378418, 0.3081412613391876
46005, 0.30088338255882263, -0.040605269372463226, 0.02809344232082367, 0.596530556678772, -0.07475728541612625, -0.0027836808003485203, 7000.0, 7000.0, 7000.0, 7000.0, 0.10936746001243591, 0.3162683844566345
46025, 0.31292957067489624, -0.04209667816758156, 0.028035664930939674, 0.6079577207565308, -0.07563590258359909, -0.0029034556355327368, 7000.0, 7000.0, 7000.0, 7000.0, 0.11048499494791031, 0.33071622252464294
46045, 0.32520559430122375, -0.04361127316951752, 0.02796725369989872, 0.6193263530731201, -0.07654690742492676, -0.0035412758588790894, 7000.0, 7000.0, 7000.0, 7000.0, 0.11433718353509903, 0.3385937213897705
46065, 0.3376903533935547, -0.04514332488179207, 0.02790542133152485, 0.630806565284729, -0.07681967318058014, -0.0037615466862916946, 7000.0, 7000.0, 7000.0, 7000.0, 0.11949886381626129, 0.3453415036201477
46085, 0.3504260182380676, -0.0466916486620903, 0.02782590128481388, 0.6423094272613525, -0.0776824876666069, -0.004346865229308605, 7000.0, 7000.0, 7000.0, 7000.0, 0.12192942202091217, 0.34340181946754456
46105, 0.36258208751678467, -0.0481719970703125, 0.02826334349811077, 0.652319610118866, -0.07862801849842072, -0.0023908307775855064, 7000.0, 7000.0, 7000.0, 7000.0, 0.1237354576587677, 0.3432025909423828
46125, 0.3757399618625641, -0.049752768129110336, 0.028225144371390343, 0.6637241244316101, -0.0796947106719017, -0.0025963163934648037, 7000.0, 7000.0, 7000.0, 7000.0, 0.12521791458129883, 0.35529905557632446
46145, 0.38912495970726013, -0.05135082080960274, 0.028182638809084892, 0.6749321818351746, -0.08051899075508118, -0.002354424213990569, 7000.0, 7000.0, 7000.0, 7000.0, 0.12511323392391205, 0.3641473352909088
46165, 0.40369847416877747, -0.053064268082380295, 0.027559183537960052, 0.6878250241279602, -0.08176029473543167, -0.005140709690749645, 7000.0, 7000.0, 7000.0, 7000.0, 0.1256474405527115, 0.3701249063014984
46185, 0.41757506132125854, -0.054699648171663284, 0.027441568672657013, 0.6990733742713928, -0.08204390108585358, -0.005272022448480129, 7000.0, 7000.0, 7000.0, 7000.0, 0.13025398552417755, 0.3624235987663269
46205, 0.43203309178352356, -0.056380338966846466, 0.027129914611577988, 0.7108866572380066, -0.0829111784696579, -0.00683655496686697, 7000.0, 7000.0, 7000.0, 7000.0, 0.13441601395606995, 0.3652246594429016
46225, 0.44637033343315125, -0.05804917588829994, 0.02699175477027893, 0.7225520014762878, -0.08381392061710358, -0.0077161118388175964, 7000.0, 7000.0, 7000.0, 7000.0, 0.1359960287809372, 0.3672884404659271
46245, 0.4609343409538269, -0.05973171442747116, 0.026845872402191162, 0.7340376377105713, -0.08467031270265579, -0.008246785029768944, 7000.0, 7000.0, 7000.0, 7000.0, 0.13899774849414825, 0.3716663718223572
46265, 0.475575715303421, -0.06142031028866768, 0.026761898770928383, 0.7452942728996277, -0.08580649644136429, -0.007922179065644741, 7000.0, 7000.0, 7000.0, 7000.0, 0.14215050637722015, 0.3786931335926056
46285, 0.49059149622917175, -0.0631418526172638, 0.026606960222125053, 0.7562581896781921, -0.08644649386405945, -0.007854032330214977, 7000.0, 7000.0, 7000.0, 7000.0, 0.1446346491575241, 0.3850574791431427
46305, 0.49760958552360535, -0.06397458165884018, 0.027106396853923798, 0.7603855729103088, -0.08692212402820587, -0.005219650454819202, 7000.0, 7000.0, 7000.0, 7000.0, 0.14736932516098022, 0.38761040568351746
46325, 0.5206687450408936, -0.06659206748008728, 0.026950864121317863, 0.7772039175033569, -0.08732673525810242, -0.005187618546187878, 7000.0, 7000.0, 7000.0, 7000.0, 0.14658601582050323, 0.4045808017253876
46345, 0.5363291501998901, -0.06834689527750015, 0.026847010478377342, 0.7889595627784729, -0.08791483938694, -0.005370886996388435, 7000.0, 7000.0, 7000.0, 7000.0, 0.14795255661010742, 0.4082925021648407
46365, 0.5486555099487305, -0.06979828327894211, 0.028264779597520828, 0.7950140237808228, -0.08843351155519485, 0.0016208755550906062, 7000.0, 7000.0, 7000.0, 7000.0, 0.15179644525051117, 0.412306547164917
46385, 0.556631326675415, -0.07068358361721039, 0.02828361839056015, 0.8001530766487122, -0.08862917125225067, 0.0021408863831311464, 7000.0, 7000.0, 7000.0, 7000.0, 0.1534532755613327, 0.44458216428756714
46405, 0.5699591636657715, -0.0722273588180542, 0.029467305168509483, 0.8074363470077515, -0.08934125304222107, 0.00745174428448081, 7000.0, 7000.0, 7000.0, 7000.0, 0.15626965463161469, 0.45133641362190247
46425, 0.5862169861793518, -0.07402002066373825, 0.029612336307764053, 0.8184627294540405, -0.09038976579904556, 0.007157204207032919, 7000.0, 7000.0, 7000.0, 7000.0, 0.1590806394815445, 0.481324166059494
46445, 0.6026944518089294, -0.07582421600818634, 0.02975701540708542, 0.8292350769042969, -0.09086973965167999, 0.007342219352722168, 7000.0, 7000.0, 7000.0, 7000.0, 0.161711648106575, 0.4845404624938965
46465, 0.622520923614502, -0.07789593189954758, 0.02858857251703739, 0.8446459770202637, -0.09153497964143753, 0.00024122526519931853, 7000.0, 7000.0, 7000.0, 7000.0, 0.16194286942481995, 0.49058449268341064
46485, 0.6395261287689209, -0.07972653955221176, 0.028582924976944923, 0.8554019927978516, -0.09168355911970139, -7.817611185600981e-05, 7000.0, 7000.0, 7000.0, 7000.0, 0.16219277679920197, 0.4679808020591736
46505, 0.6584770083427429, -0.08170516043901443, 0.027897227555513382, 0.868958592414856, -0.09253077954053879, -0.004147492349147797, 7000.0, 7000.0, 7000.0, 7000.0, 0.16328611969947815, 0.47372886538505554
46525, 0.6759689450263977, -0.08356504887342453, 0.027806315571069717, 0.8797149658203125, -0.09331183135509491, -0.004968608263880014, 7000.0, 7000.0, 7000.0, 7000.0, 0.16706117987632751, 0.4686458706855774
46545, 0.693677544593811, -0.08543499559164047, 0.02770852856338024, 0.8910714983940125, -0.09391739964485168, -0.005552629940211773, 7000.0, 7000.0, 7000.0, 7000.0, 0.16985854506492615, 0.47046926617622375
46565, 0.712490975856781, -0.08737756311893463, 0.02730514667928219, 0.9031557440757751, -0.09443207830190659, -0.006936725229024887, 7000.0, 7000.0, 7000.0, 7000.0, 0.17352528870105743, 0.47034600377082825
46585, 0.7306593060493469, -0.089260034263134, 0.02716320939362049, 0.9135813117027283, -0.09481019526720047, -0.006835506297647953, 7000.0, 7000.0, 7000.0, 7000.0, 0.17537522315979004, 0.46970435976982117
46605, 0.7491658329963684, -0.09115604311227798, 0.026973074302077293, 0.9247419834136963, -0.0948285460472107, -0.007281098049134016, 7000.0, 7000.0, 7000.0, 7000.0, 0.17527006566524506, 0.4706170856952667
46625, 0.7677799463272095, -0.09304879605770111, 0.026807667687535286, 0.9357210993766785, -0.09520386159420013, -0.008006412535905838, 7000.0, 7000.0, 7000.0, 7000.0, 0.17517872154712677, 0.47792837023735046
46645, 0.7866068482398987, -0.09494999796152115, 0.026638297364115715, 0.9465026259422302, -0.09523583203554153, -0.0089621152728796, 7000.0, 7000.0, 7000.0, 7000.0, 0.17522679269313812, 0.4886850118637085
46665, 0.8016528487205505, -0.0965874120593071, 0.027580048888921738, 0.9522837400436401, -0.09516482800245285, -0.003587028943002224, 7000.0, 7000.0, 7000.0, 7000.0, 0.17676711082458496, 0.49539563059806824
46685, 0.820804238319397, -0.09849421679973602, 0.027518995106220245, 0.9630922079086304, -0.09588780254125595, -0.003634911496192217, 7000.0, 7000.0, 7000.0, 7000.0, 0.18156176805496216, 0.5166364908218384
46705, 0.8356913328170776, -0.10016247630119324, 0.028927527368068695, 0.9669932126998901, -0.0954849123954773, 0.003581490134820342, 7000.0, 7000.0, 7000.0, 7000.0, 0.18297326564788818, 0.5204179286956787
46725, 0.8551391959190369, -0.10207071155309677, 0.02899409830570221, 0.9774943590164185, -0.09573023021221161, 0.0034357630647718906, 7000.0, 7000.0, 7000.0, 7000.0, 0.1834973692893982, 0.5531608462333679
46745, 0.8748010396957397, -0.10398723185062408, 0.02904713712632656, 0.988074004650116, -0.0960569903254509, 0.002716179471462965, 7000.0, 7000.0, 7000.0, 7000.0, 0.18584732711315155, 0.555242121219635
46765, 0.89642333984375, -0.10601016134023666, 0.028595369309186935, 1.0009708404541016, -0.09651130437850952, -0.0005872971378266811, 7000.0, 7000.0, 7000.0, 7000.0, 0.1872517317533493, 0.5585683584213257
46785, 0.916551947593689, -0.10794120281934738, 0.028581008315086365, 1.0116750001907349, -0.09726058691740036, -0.0010277528781443834, 7000.0, 7000.0, 7000.0, 7000.0, 0.18995314836502075, 0.5527076721191406
46805, 0.9362278580665588, -0.10985046625137329, 0.02873961441218853, 1.0214905738830566, -0.0980294793844223, -0.0008096296805888414, 7000.0, 7000.0, 7000.0, 7000.0, 0.19050520658493042, 0.5555807948112488
46825, 0.956767201423645, -0.11180899292230606, 0.028727149590849876, 1.0322110652923584, -0.09845463931560516, -0.000606553687248379, 7000.0, 7000.0, 7000.0, 7000.0, 0.19054476916790009, 0.5615150332450867
46845, 0.9775201678276062, -0.113774374127388, 0.02871268428862095, 1.0425087213516235, -0.0984732061624527, -0.0005249766982160509, 7000.0, 7000.0, 7000.0, 7000.0, 0.19140732288360596, 0.5636982321739197
46865, 0.9979678988456726, -0.11571421474218369, 0.028831619769334793, 1.0530822277069092, -0.09846343100070953, -0.0003858269192278385, 7000.0, 7000.0, 7000.0, 7000.0, 0.19502916932106018, 0.5733285546302795
46885, 1.0191395282745361, -0.1176871508359909, 0.028826458379626274, 1.0638943910598755, -0.09882324188947678, -0.0006955237477086484, 7000.0, 7000.0, 7000.0, 7000.0, 0.1978035420179367, 0.5831741690635681
46905, 1.0367906093597412, -0.11944373697042465, 0.029741618782281876, 1.070582628250122, -0.09868388622999191, 0.0033790164161473513, 7000.0, 7000.0, 7000.0, 7000.0, 0.1989731788635254, 0.5878246426582336
46925, 1.0583043098449707, -0.12140951305627823, 0.02981266938149929, 1.0809475183486938, -0.098549485206604, 0.0034725216683000326, 7000.0, 7000.0, 7000.0, 7000.0, 0.20038725435733795, 0.6063690185546875
46945, 1.080027461051941, -0.12337225675582886, 0.029883576557040215, 1.0912762880325317, -0.09841027110815048, 0.003796227043494582, 7000.0, 7000.0, 7000.0, 7000.0, 0.199159637093544, 0.6115759015083313
46965, 1.1056464910507202, -0.1255403757095337, 0.029064051806926727, 1.1059410572052002, -0.09877678006887436, -0.0014464862179011106, 7000.0, 7000.0, 7000.0, 7000.0, 0.20043683052062988, 0.6130979061126709
46985, 1.1278728246688843, -0.1275208592414856, 0.029029490426182747, 1.1162477731704712, -0.09869249910116196, -0.0016549858264625072, 7000.0, 7000.0, 7000.0, 7000.0, 0.2025860846042633, 0.6056414246559143
47005, 1.1522741317749023, -0.12960539758205414, 0.02856740914285183, 1.1294466257095337, -0.09913545846939087, -0.004578085616230965, 7000.0, 7000.0, 7000.0, 7000.0, 0.20579777657985687, 0.6123741865158081
47025, 1.174973487854004, -0.13159380853176117, 0.028482433408498764, 1.1405938863754272, -0.09943796694278717, -0.00504622608423233, 7000.0, 7000.0, 7000.0, 7000.0, 0.20787903666496277, 0.6085105538368225
47045, 1.1978830099105835, -0.13358043134212494, 0.028396137058734894, 1.150724172592163, -0.09939652681350708, -0.004637920763343573, 7000.0, 7000.0, 7000.0, 7000.0, 0.20876361429691315, 0.6038569211959839
47065, 1.2218433618545532, -0.135611429810524, 0.028147641569375992, 1.1623722314834595, -0.09999266266822815, -0.005173200275748968, 7000.0, 7000.0, 7000.0, 7000.0, 0.20999835431575775, 0.6045549511909485
47085, 1.2451982498168945, -0.13761253654956818, 0.02803896553814411, 1.172888994216919, -0.10018528252840042, -0.00513770617544651, 7000.0, 7000.0, 7000.0, 7000.0, 0.2115769237279892, 0.6060624718666077
47105, 1.2651252746582031, -0.13948093354701996, 0.028776204213500023, 1.1791044473648071, -0.09980464726686478, -0.000800361973233521, 7000.0, 7000.0, 7000.0, 7000.0, 0.21178020536899567, 0.6109985113143921
47125, 1.2888154983520508, -0.1414812207221985, 0.028758743777871132, 1.189893364906311, -0.09993439167737961, -0.0009881211444735527, 7000.0, 7000.0, 7000.0, 7000.0, 0.2140684574842453, 0.6363850831985474
47145, 1.3127163648605347, -0.14347809553146362, 0.028744714334607124, 1.2003858089447021, -0.09958845376968384, -0.0010722531005740166, 7000.0, 7000.0, 7000.0, 7000.0, 0.2162167727947235, 0.6424453854560852
47165, 1.3361269235610962, -0.14543607831001282, 0.0288525503128767, 1.2106733322143555, -0.09949158132076263, -0.0006018368876539171, 7000.0, 7000.0, 7000.0, 7000.0, 0.21706166863441467, 0.6446487307548523
47185, 1.360444188117981, -0.14742803573608398, 0.028846994042396545, 1.2214456796646118, -0.09932883083820343, -0.0006059339502826333, 7000.0, 7000.0, 7000.0, 7000.0, 0.2178766429424286, 0.6470747590065002
47205, 1.3871088027954102, -0.14951471984386444, 0.028478670865297318, 1.2338674068450928, -0.09895215928554535, -0.0022830513771623373, 7000.0, 7000.0, 7000.0, 7000.0, 0.21901986002922058, 0.6485487818717957
47225, 1.4118907451629639, -0.1515052765607834, 0.02842813730239868, 1.2444114685058594, -0.09909400343894958, -0.002803247654810548, 7000.0, 7000.0, 7000.0, 7000.0, 0.2202959954738617, 0.6464420557022095
47245, 1.436883807182312, -0.15349385142326355, 0.028368962928652763, 1.255067229270935, -0.09898984432220459, -0.003269465174525976, 7000.0, 7000.0, 7000.0, 7000.0, 0.2244270145893097, 0.6551109552383423
47265, 1.4659810066223145, -0.15563879907131195, 0.02768961526453495, 1.2693268060684204, -0.09913961589336395, -0.006206119433045387, 7000.0, 7000.0, 7000.0, 7000.0, 0.22748181223869324, 0.6614649891853333
47285, 1.4914679527282715, -0.157619908452034, 0.027566181495785713, 1.2797679901123047, -0.09899064153432846, -0.0064992280676960945, 7000.0, 7000.0, 7000.0, 7000.0, 0.22978408634662628, 0.6507940292358398
47305, 1.5128380060195923, -0.15942974388599396, 0.028068777173757553, 1.2863742113113403, -0.09838753193616867, -0.0036143152974545956, 7000.0, 7000.0, 7000.0, 7000.0, 0.22943271696567535, 0.6504697203636169
47325, 1.538667917251587, -0.1613951027393341, 0.027989698573946953, 1.296498417854309, -0.09771225601434708, -0.0038300480227917433, 7000.0, 7000.0, 7000.0, 7000.0, 0.23059789836406708, 0.6699249744415283
47345, 1.5647047758102417, -0.16335344314575195, 0.02790471352636814, 1.3071620464324951, -0.09737202525138855, -0.004430537577718496, 7000.0, 7000.0, 7000.0, 7000.0, 0.23537878692150116, 0.6751111149787903
47365, 1.5905007123947144, -0.16529104113578796, 0.02787899412214756, 1.3170546293258667, -0.09708886593580246, -0.004703849088400602, 7000.0, 7000.0, 7000.0, 7000.0, 0.23757216334342957, 0.6830100417137146
47385, 1.6169401407241821, -0.16723696887493134, 0.027794037014245987, 1.3277406692504883, -0.09701605141162872, -0.004972143564373255, 7000.0, 7000.0, 7000.0, 7000.0, 0.24046634137630463, 0.6892231106758118
47405, 1.636629581451416, -0.16897699236869812, 0.028652362525463104, 1.332206130027771, -0.09692748636007309, -6.537568697240204e-05, 7000.0, 7000.0, 7000.0, 7000.0, 0.2395971566438675, 0.6875985860824585
47425, 1.663366675376892, -0.1709132343530655, 0.028651565313339233, 1.3420438766479492, -0.09643994271755219, 0.0003240260120946914, 7000.0, 7000.0, 7000.0, 7000.0, 0.2403397262096405, 0.7062612175941467
47445, 1.690307855606079, -0.17283689975738525, 0.028646988794207573, 1.352160930633545, -0.09556657820940018, 0.00035089702578261495, 7000.0, 7000.0, 7000.0, 7000.0, 0.24217376112937927, 0.7074823379516602
47465, 1.7228556871414185, -0.17489086091518402, 0.02789292298257351, 1.367102026939392, -0.09565071016550064, -0.0036547700874507427, 7000.0, 7000.0, 7000.0, 7000.0, 0.24191346764564514, 0.7167056798934937
47485, 1.7502955198287964, -0.17680956423282623, 0.02781081758439541, 1.3769723176956177, -0.09538765251636505, -0.004644505213946104, 7000.0, 7000.0, 7000.0, 7000.0, 0.24336326122283936, 0.7139086723327637
47505, 1.7721195220947266, -0.17865078151226044, 0.02866937406361103, 1.381437063217163, -0.09487716853618622, 4.755770351039246e-05, 7000.0, 7000.0, 7000.0, 7000.0, 0.24876248836517334, 0.7189483642578125
47525, 1.799845814704895, -0.18054823577404022, 0.028683720156550407, 1.391761302947998, -0.094497911632061, 0.00029953382909297943, 7000.0, 7000.0, 7000.0, 7000.0, 0.24981674551963806, 0.7399136424064636
47545, 1.8277729749679565, -0.18243135511875153, 0.028695954009890556, 1.4015380144119263, -0.09364428371191025, 0.0006025189650245011, 7000.0, 7000.0, 7000.0, 7000.0, 0.2546952962875366, 0.7387551069259644
47565, 1.854870319366455, -0.18427371978759766, 0.028840988874435425, 1.4106446504592896, -0.09260393679141998, 0.0013799233129248023, 7000.0, 7000.0, 7000.0, 7000.0, 0.2569681406021118, 0.7384453415870667
47585, 1.8831794261932373, -0.18612198531627655, 0.028856446966528893, 1.4201658964157104, -0.092021644115448, 0.0012579926988109946, 7000.0, 7000.0, 7000.0, 7000.0, 0.2558344304561615, 0.7494814991950989
47605, 1.9080811738967896, -0.18790924549102783, 0.029355278238654137, 1.4276831150054932, -0.09146390110254288, 0.0032340155448764563, 7000.0, 7000.0, 7000.0, 7000.0, 0.25748369097709656, 0.7506758570671082
47625, 1.93673837184906, -0.18973255157470703, 0.02941269241273403, 1.4383256435394287, -0.09076754003763199, 0.002389171626418829, 7000.0, 7000.0, 7000.0, 7000.0, 0.2594018876552582, 0.7570592761039734
47645, 1.9656031131744385, -0.1915406584739685, 0.02945890463888645, 1.4484111070632935, -0.0900232270359993, 0.0016675284132361412, 7000.0, 7000.0, 7000.0, 7000.0, 0.2609982490539551, 0.7595303654670715
47665, 2.003096342086792, -0.19338785111904144, 0.028339285403490067, 1.4652059078216553, -0.08918397128582001, -0.004728838801383972, 7000.0, 7000.0, 7000.0, 7000.0, 0.2641964852809906, 0.7651703357696533
47685, 2.032500743865967, -0.19516918063163757, 0.028241561725735664, 1.4753810167312622, -0.08850627392530441, -0.004856201354414225, 7000.0, 7000.0, 7000.0, 7000.0, 0.2659652829170227, 0.7495836019515991
47705, 2.0558676719665527, -0.19692939519882202, 0.028911788016557693, 1.480212926864624, -0.08776488155126572, -0.0010168221779167652, 7000.0, 7000.0, 7000.0, 7000.0, 0.2671546936035156, 0.7562786340713501
47725, 2.085571050643921, -0.1986854523420334, 0.028885670006275177, 1.4902091026306152, -0.08743966370820999, -0.0014373912708833814, 7000.0, 7000.0, 7000.0, 7000.0, 0.26803094148635864, 0.7737773060798645
47745, 2.1154768466949463, -0.20043155550956726, 0.028853410854935646, 1.5005972385406494, -0.08716346323490143, -0.0016886144876480103, 7000.0, 7000.0, 7000.0, 7000.0, 0.26950326561927795, 0.7785342335700989
47765, 2.144939661026001, -0.20216462016105652, 0.028890814632177353, 1.5098310708999634, -0.08655022084712982, -0.001723906141705811, 7000.0, 7000.0, 7000.0, 7000.0, 0.27155420184135437, 0.7813681960105896
47785, 2.175234794616699, -0.20388263463974, 0.028851507231593132, 1.5197900533676147, -0.08594384044408798, -0.0019390333909541368, 7000.0, 7000.0, 7000.0, 7000.0, 0.2750576138496399, 0.7856649160385132
47805, 2.2050812244415283, -0.20559006929397583, 0.028872473165392876, 1.5294456481933594, -0.08499764651060104, -0.002086471300572157, 7000.0, 7000.0, 7000.0, 7000.0, 0.277377188205719, 0.7922329306602478
47825, 2.235769271850586, -0.20728126168251038, 0.02882262133061886, 1.5389446020126343, -0.08399078249931335, -0.0024749338626861572, 7000.0, 7000.0, 7000.0, 7000.0, 0.27995753288269043, 0.7927759289741516
47845, 2.2666501998901367, -0.2089528888463974, 0.028764603659510612, 1.5491306781768799, -0.0831427127122879, -0.003364939708262682, 7000.0, 7000.0, 7000.0, 7000.0, 0.2817324995994568, 0.7925288081169128
47865, 2.305283308029175, -0.2105952650308609, 0.02790757268667221, 1.564728856086731, -0.08294177800416946, -0.007793573662638664, 7000.0, 7000.0, 7000.0, 7000.0, 0.2823241353034973, 0.7967574000358582
47885, 2.3366737365722656, -0.21224364638328552, 0.02775847539305687, 1.5748019218444824, -0.08241481333971024, -0.007907646708190441, 7000.0, 7000.0, 7000.0, 7000.0, 0.2813580632209778, 0.7879283428192139
47905, 2.3683853149414062, -0.2139638215303421, 0.02773168683052063, 1.5840809345245361, -0.08170764893293381, -0.0069459048099815845, 7000.0, 7000.0, 7000.0, 7000.0, 0.28314998745918274, 0.7983235120773315
47925, 2.4001667499542236, -0.2155863642692566, 0.02758169174194336, 1.5937402248382568, -0.0810924842953682, -0.006997755728662014, 7000.0, 7000.0, 7000.0, 7000.0, 0.28516408801078796, 0.8075401782989502
47945, 2.4321541786193848, -0.21720227599143982, 0.02741948701441288, 1.6041792631149292, -0.0806097760796547, -0.007909133099019527, 7000.0, 7000.0, 7000.0, 7000.0, 0.28615662455558777, 0.8117621541023254
47965, 2.4712977409362793, -0.2188110500574112, 0.026631196960806847, 1.6187411546707153, -0.0800904929637909, -0.012090428732335567, 7000.0, 7000.0, 7000.0, 7000.0, 0.28704285621643066, 0.8110249042510986
47985, 2.5037691593170166, -0.22040438652038574, 0.026389004662632942, 1.628354787826538, -0.07945490628480911, -0.012818128801882267, 7000.0, 7000.0, 7000.0, 7000.0, 0.28995656967163086, 0.796825647354126
48005, 2.5274691581726074, -0.22194822132587433, 0.026883793994784355, 1.6321407556533813, -0.07869989424943924, -0.008941511623561382, 7000.0, 7000.0, 7000.0, 7000.0, 0.293012410402298, 0.798547625541687
48025, 2.5602054595947266, -0.22350779175758362, 0.02671242691576481, 1.6416349411010742, -0.07779893279075623, -0.008566970936954021, 7000.0, 7000.0, 7000.0, 7000.0, 0.29615697264671326, 0.8211439251899719
48045, 2.5931389331817627, -0.22504882514476776, 0.026539314538240433, 1.6514081954956055, -0.07719652354717255, -0.008231773972511292, 7000.0, 7000.0, 7000.0, 7000.0, 0.29663798213005066, 0.8257995843887329
48065, 2.6121089458465576, -0.22649750113487244, 0.027545012533664703, 1.6512564420700073, -0.07638190686702728, -0.002077092882245779, 7000.0, 7000.0, 7000.0, 7000.0, 0.2965938150882721, 0.8331311941146851
48085, 2.645235538482666, -0.2280079424381256, 0.02748921513557434, 1.6608257293701172, -0.07509665936231613, -0.0029842869844287634, 7000.0, 7000.0, 7000.0, 7000.0, 0.29763904213905334, 0.8596833348274231
48105, 2.6617467403411865, -0.2293674796819687, 0.028928380459547043, 1.6591417789459229, -0.07370581477880478, 0.003840671619400382, 7000.0, 7000.0, 7000.0, 7000.0, 0.3012118637561798, 0.8599609732627869
48125, 2.6950294971466064, -0.23082900047302246, 0.02900937758386135, 1.6689515113830566, -0.07298938184976578, 0.003617311827838421, 7000.0, 7000.0, 7000.0, 7000.0, 0.3019329905509949, 0.89218670129776
48145, 2.72849702835083, -0.23227037489414215, 0.029092004522681236, 1.6778652667999268, -0.07158572971820831, 0.0038546950090676546, 7000.0, 7000.0, 7000.0, 7000.0, 0.3040899932384491, 0.8964194059371948
48165, 2.766817331314087, -0.23370707035064697, 0.028649114072322845, 1.6908915042877197, -0.07057669758796692, 0.0009604492224752903, 7000.0, 7000.0, 7000.0, 7000.0, 0.3054860532283783, 0.9022394418716431
48185, 2.800736904144287, -0.23511002957820892, 0.02866189554333687, 1.7003684043884277, -0.06976424902677536, 0.0006244783289730549, 7000.0, 7000.0, 7000.0, 7000.0, 0.3067607581615448, 0.8985874056816101
48205, 2.8373374938964844, -0.23649409413337708, 0.02838892489671707, 1.7109144926071167, -0.06893814355134964, -0.0007862187339924276, 7000.0, 7000.0, 7000.0, 7000.0, 0.3086455464363098, 0.905526340007782
48225, 2.8716530799865723, -0.2378593385219574, 0.02836897224187851, 1.7202743291854858, -0.06812049448490143, -0.001282642362639308, 7000.0, 7000.0, 7000.0, 7000.0, 0.3112705647945404, 0.9070777893066406
48245, 2.9061574935913086, -0.23920242488384247, 0.028341740369796753, 1.7299920320510864, -0.06718326359987259, -0.0018089291406795382, 7000.0, 7000.0, 7000.0, 7000.0, 0.3114898204803467, 0.9097761511802673
48265, 2.934098243713379, -0.24055175483226776, 0.02905486896634102, 1.7351632118225098, -0.06609074771404266, 0.0018761276733130217, 7000.0, 7000.0, 7000.0, 7000.0, 0.313834547996521, 0.9152002334594727
48285, 2.96889328956604, -0.2418518364429474, 0.02909250371158123, 1.7438873052597046, -0.06469765305519104, 0.0020318946335464716, 7000.0, 7000.0, 7000.0, 7000.0, 0.3156611919403076, 0.931572675704956
48305, 3.0102789402008057, -0.24316322803497314, 0.028642484918236732, 1.7566109895706177, -0.06337560713291168, -0.0008263077470473945, 7000.0, 7000.0, 7000.0, 7000.0, 0.31761106848716736, 0.9341840147972107
48325, 3.0455145835876465, -0.24442125856876373, 0.02862558886408806, 1.766690731048584, -0.06221035122871399, -0.0010522570228204131, 7000.0, 7000.0, 7000.0, 7000.0, 0.3184930682182312, 0.928216814994812
48345, 3.080946207046509, -0.2456570565700531, 0.02860821783542633, 1.776344895362854, -0.061208441853523254, -0.001540807425044477, 7000.0, 7000.0, 7000.0, 7000.0, 0.3203374147415161, 0.9243115186691284
48365, 3.124056816101074, -0.24679189920425415, 0.0278336014598608, 1.7902705669403076, -0.05989769473671913, -0.005401372443884611, 7000.0, 7000.0, 7000.0, 7000.0, 0.31844931840896606, 0.929935872554779
48385, 3.159956693649292, -0.2479710727930069, 0.027730008587241173, 1.7999171018600464, -0.05851910263299942, -0.005253304727375507, 7000.0, 7000.0, 7000.0, 7000.0, 0.3197813928127289, 0.9239866733551025
48405, 3.1943061351776123, -0.2491483837366104, 0.02776760794222355, 1.807976245880127, -0.05715325474739075, -0.004249670542776585, 7000.0, 7000.0, 7000.0, 7000.0, 0.32298991084098816, 0.9302201867103577
48425, 3.230560302734375, -0.2502775490283966, 0.02767302468419075, 1.8168694972991943, -0.05569658428430557, -0.004499276168644428, 7000.0, 7000.0, 7000.0, 7000.0, 0.32613232731819153, 0.9364117383956909
48445, 3.2669997215270996, -0.25138425827026367, 0.027569996193051338, 1.826524257659912, -0.054700449109077454, -0.0056732394732534885, 7000.0, 7000.0, 7000.0, 7000.0, 0.32780030369758606, 0.9350749254226685
48465, 3.289114236831665, -0.25272178649902344, 0.028603605926036835, 1.8270416259765625, -0.05370520055294037, -0.0005964295705780387, 7000.0, 7000.0, 7000.0, 7000.0, 0.3295365869998932, 0.9373102188110352
48485, 3.3257484436035156, -0.25378477573394775, 0.028598573058843613, 1.8367249965667725, -0.052671242505311966, -0.0012353307101875544, 7000.0, 7000.0, 7000.0, 7000.0, 0.32994887232780457, 0.9629666805267334
48505, 3.3659753799438477, -0.2547617554664612, 0.028320936486124992, 1.8477588891983032, -0.051398519426584244, -0.0023524051066488028, 7000.0, 7000.0, 7000.0, 7000.0, 0.331956148147583, 0.9716635942459106
48525, 3.4030208587646484, -0.2557733952999115, 0.02827233448624611, 1.8570899963378906, -0.0500350147485733, -0.002277107909321785, 7000.0, 7000.0, 7000.0, 7000.0, 0.3345831334590912, 0.9801895022392273
48545, 3.4402596950531006, -0.2567621171474457, 0.028218558058142662, 1.8664886951446533, -0.048675425350666046, -0.00226707779802382, 7000.0, 7000.0, 7000.0, 7000.0, 0.3363100588321686, 0.9880611896514893
48565, 3.478977918624878, -0.2576976418495178, 0.02806423045694828, 1.8763682842254639, -0.04685395583510399, -0.003088614670559764, 7000.0, 7000.0, 7000.0, 7000.0, 0.33757832646369934, 0.990182101726532
48585, 3.5166032314300537, -0.25863292813301086, 0.028001220896840096, 1.8861287832260132, -0.04596586897969246, -0.0037698058877140284, 7000.0, 7000.0, 7000.0, 7000.0, 0.338232159614563, 0.9902738332748413
48605, 3.566579818725586, -0.25931987166404724, 0.02706715278327465, 1.9024730920791626, -0.04455513507127762, -0.008418592624366283, 7000.0, 7000.0, 7000.0, 7000.0, 0.34234097599983215, 0.9939476251602173
48625, 3.6047139167785645, -0.26020196080207825, 0.02691158466041088, 1.9116336107254028, -0.04323393478989601, -0.008222145959734917, 7000.0, 7000.0, 7000.0, 7000.0, 0.34514087438583374, 0.982658863067627
48645, 3.643035411834717, -0.26105931401252747, 0.026751946657896042, 1.920807123184204, -0.04209039360284805, -0.008007378317415714, 7000.0, 7000.0, 7000.0, 7000.0, 0.34667062759399414, 0.9871363639831543
48665, 3.6726744174957275, -0.26205018162727356, 0.027165738865733147, 1.9243801832199097, -0.04074016958475113, -0.005069737788289785, 7000.0, 7000.0, 7000.0, 7000.0, 0.3469654619693756, 0.9926597476005554
48685, 3.7131941318511963, -0.26289454102516174, 0.027049997821450233, 1.9345282316207886, -0.03926323354244232, -0.005243284162133932, 7000.0, 7000.0, 7000.0, 7000.0, 0.34940940141677856, 1.00822114944458
48705, 3.737295150756836, -0.263917475938797, 0.027830351144075394, 1.9349761009216309, -0.03795861452817917, -0.0011818204075098038, 7000.0, 7000.0, 7000.0, 7000.0, 0.35159823298454285, 1.0064969062805176
48725, 3.7760822772979736, -0.2646620571613312, 0.027802763506770134, 1.9442622661590576, -0.03634774312376976, -0.0019257005769759417, 7000.0, 7000.0, 7000.0, 7000.0, 0.3536738455295563, 1.031999111175537
48745, 3.815054178237915, -0.2653746008872986, 0.027772249653935432, 1.953410267829895, -0.034897126257419586, -0.001862992881797254, 7000.0, 7000.0, 7000.0, 7000.0, 0.3565919101238251, 1.036893367767334
48765, 3.852647066116333, -0.2660808563232422, 0.027848638594150543, 1.9612795114517212, -0.0328458771109581, -0.001024819677695632, 7000.0, 7000.0, 7000.0, 7000.0, 0.3589669466018677, 1.0424803495407104
48785, 3.891958713531494, -0.2667299807071686, 0.02782847173511982, 1.9702726602554321, -0.031239144504070282, -0.0011365837417542934, 7000.0, 7000.0, 7000.0, 7000.0, 0.3613888919353485, 1.0529017448425293
48805, 3.9171369075775146, -0.2676454782485962, 0.028774255886673927, 1.9709618091583252, -0.030070578679442406, 0.003152892692014575, 7000.0, 7000.0, 7000.0, 7000.0, 0.3631483316421509, 1.056978702545166
48825, 3.956638813018799, -0.2682437598705292, 0.02884088270366192, 1.9795691967010498, -0.028790421783924103, 0.0032264082692563534, 7000.0, 7000.0, 7000.0, 7000.0, 0.36289161443710327, 1.0821760892868042
48845, 3.9963135719299316, -0.26880937814712524, 0.02890804596245289, 1.9886130094528198, -0.027330001816153526, 0.0030204136855900288, 7000.0, 7000.0, 7000.0, 7000.0, 0.36322131752967834, 1.0848087072372437
48865, 4.047420501708984, -0.26911860704421997, 0.02807420678436756, 2.0043177604675293, -0.02628003992140293, -0.0014545276062563062, 7000.0, 7000.0, 7000.0, 7000.0, 0.36391931772232056, 1.0894066095352173
48885, 4.087591171264648, -0.269627183675766, 0.028042547404766083, 2.0130066871643066, -0.024469474330544472, -0.0014019290683791041, 7000.0, 7000.0, 7000.0, 7000.0, 0.3630174398422241, 1.078822374343872
48905, 4.121805667877197, -0.27023205161094666, 0.028442546725273132, 2.018096923828125, -0.022358961403369904, 0.0009013371891342103, 7000.0, 7000.0, 7000.0, 7000.0, 0.3652864694595337, 1.0845516920089722
48925, 4.162259101867676, -0.2706695795059204, 0.02845836989581585, 2.027158498764038, -0.02065628580749035, 0.0009102735202759504, 7000.0, 7000.0, 7000.0, 7000.0, 0.3684071898460388, 1.0993837118148804
48945, 4.202890396118164, -0.2710745334625244, 0.02847687527537346, 2.0361762046813965, -0.01912953518331051, 0.00034129948471672833, 7000.0, 7000.0, 7000.0, 7000.0, 0.3712608218193054, 1.1002590656280518
48965, 4.25337028503418, -0.2712166905403137, 0.02780011296272278, 2.0501832962036133, -0.01730036735534668, -0.0033971676602959633, 7000.0, 7000.0, 7000.0, 7000.0, 0.3697097897529602, 1.1006032228469849
48985, 4.294454574584961, -0.2715455889701843, 0.027741536498069763, 2.0590980052948, -0.015704020857810974, -0.0029655753169208765, 7000.0, 7000.0, 7000.0, 7000.0, 0.3690175712108612, 1.091791033744812
49005, 4.326157569885254, -0.2721138298511505, 0.02825021930038929, 2.0627808570861816, -0.013939997181296349, 0.0002809448924381286, 7000.0, 7000.0, 7000.0, 7000.0, 0.37089836597442627, 1.1003084182739258
49025, 4.367504119873047, -0.2723737955093384, 0.028246253728866577, 2.0719475746154785, -0.011882982216775417, 0.0001447244721930474, 7000.0, 7000.0, 7000.0, 7000.0, 0.3718615472316742, 1.1224980354309082
49045, 4.409030437469482, -0.2726017236709595, 0.028237251564860344, 2.080449104309082, -0.010177962481975555, -0.0002452060580253601, 7000.0, 7000.0, 7000.0, 7000.0, 0.3743477463722229, 1.1216932535171509
49065, 4.4603118896484375, -0.2724931240081787, 0.027655428275465965, 2.094536781311035, -0.008310612291097641, -0.0036444871220737696, 7000.0, 7000.0, 7000.0, 7000.0, 0.37614554166793823, 1.123747706413269
49085, 4.504397869110107, -0.2726578712463379, 0.027583058923482895, 2.104421615600586, -0.0066891927272081375, -0.00401819683611393, 7000.0, 7000.0, 7000.0, 7000.0, 0.37821635603904724, 1.1072274446487427
49105, 4.551283836364746, -0.2726191580295563, 0.02727295458316803, 2.1156504154205322, -0.00517262052744627, -0.004753973800688982, 7000.0, 7000.0, 7000.0, 7000.0, 0.3805011212825775, 1.1101877689361572
49125, 4.593681335449219, -0.27270519733428955, 0.02718350850045681, 2.124464750289917, -0.003736993530765176, -0.004022807348519564, 7000.0, 7000.0, 7000.0, 7000.0, 0.3811565041542053, 1.1185097694396973
49145, 4.636254787445068, -0.2727583348751068, 0.02709371969103813, 2.132605791091919, -0.0017306562513113022, -0.003898399183526635, 7000.0, 7000.0, 7000.0, 7000.0, 0.3812723755836487, 1.1287717819213867
49165, 4.679867267608643, -0.27273625135421753, 0.026952894404530525, 2.141660451889038, 0.0007240845006890595, -0.004658604506403208, 7000.0, 7000.0, 7000.0, 7000.0, 0.38418346643447876, 1.1352348327636719
49185, 4.722797870635986, -0.27270352840423584, 0.02684689871966839, 2.150986671447754, 0.002499805996194482, -0.005348338279873133, 7000.0, 7000.0, 7000.0, 7000.0, 0.38548678159713745, 1.1347144842147827
49205, 4.763923645019531, -0.2727030813694, 0.026832841336727142, 2.158519744873047, 0.004577131476253271, -0.00524686835706234, 7000.0, 7000.0, 7000.0, 7000.0, 0.38755813241004944, 1.1326152086257935
49225, 4.807175159454346, -0.2725936472415924, 0.02673594281077385, 2.16725754737854, 0.006339602638036013, -0.00537410844117403, 7000.0, 7000.0, 7000.0, 7000.0, 0.38857772946357727, 1.1379361152648926
49245, 4.850606441497803, -0.2724473774433136, 0.026631919667124748, 2.1762008666992188, 0.008030788041651249, -0.0055657848715782166, 7000.0, 7000.0, 7000.0, 7000.0, 0.390636146068573, 1.1444488763809204
49265, 4.88063383102417, -0.2727852761745453, 0.027159875258803368, 2.1773602962493896, 0.00971382949501276, -0.002477173926308751, 7000.0, 7000.0, 7000.0, 7000.0, 0.393353134393692, 1.1474454402923584
49285, 4.924264430999756, -0.27256932854652405, 0.02710074931383133, 2.185523509979248, 0.011838220991194248, -0.0024671927094459534, 7000.0, 7000.0, 7000.0, 7000.0, 0.39339548349380493, 1.1679694652557373
49305, 4.950066089630127, -0.2729719877243042, 0.027896374464035034, 2.1853818893432617, 0.013771318830549717, 0.0014525740407407284, 7000.0, 7000.0, 7000.0, 7000.0, 0.39385852217674255, 1.1691560745239258
49325, 4.993865966796875, -0.2726763188838959, 0.027915945276618004, 2.194281578063965, 0.015461431816220284, 0.0007906002574600279, 7000.0, 7000.0, 7000.0, 7000.0, 0.39404404163360596, 1.1915875673294067
49345, 5.037835121154785, -0.272344708442688, 0.027928050607442856, 2.20255446434021, 0.017208989709615707, 0.00012071927631041035, 7000.0, 7000.0, 7000.0, 7000.0, 0.39596301317214966, 1.193017601966858
49365, 5.064945697784424, -0.27259361743927, 0.02889443002641201, 2.2024078369140625, 0.01889962889254093, 0.004435686860233545, 7000.0, 7000.0, 7000.0, 7000.0, 0.3956901431083679, 1.194075107574463
49385, 5.109081268310547, -0.2721903324127197, 0.028981495648622513, 2.211087942123413, 0.020946666598320007, 0.004460289143025875, 7000.0, 7000.0, 7000.0, 7000.0, 0.3971075117588043, 1.2227474451065063
49405, 5.167151927947998, -0.2713017463684082, 0.028180014342069626, 2.226607084274292, 0.023168891668319702, 0.0005037536611780524, 7000.0, 7000.0, 7000.0, 7000.0, 0.3984434902667999, 1.225236177444458
49425, 5.2117695808410645, -0.2708187997341156, 0.028181981295347214, 2.234720468521118, 0.024930164217948914, 0.00029899118817411363, 7000.0, 7000.0, 7000.0, 7000.0, 0.4003007411956787, 1.2128307819366455
49445, 5.256549835205078, -0.2702951431274414, 0.028180154040455818, 2.2430367469787598, 0.026949195191264153, -0.0003075673012062907, 7000.0, 7000.0, 7000.0, 7000.0, 0.4024137854576111, 1.2160626649856567
49465, 5.324685096740723, -0.26899847388267517, 0.02669939398765564, 2.263314962387085, 0.029536310583353043, -0.007966303266584873, 7000.0, 7000.0, 7000.0, 7000.0, 0.4028646945953369, 1.2191749811172485
49485, 5.3723063468933105, -0.26834383606910706, 0.026530254632234573, 2.271941900253296, 0.032036930322647095, -0.008223087526857853, 7000.0, 7000.0, 7000.0, 7000.0, 0.40445196628570557, 1.199176549911499
49505, 5.412627220153809, -0.26785945892333984, 0.026606112718582153, 2.277899980545044, 0.03430011495947838, -0.007440953049808741, 7000.0, 7000.0, 7000.0, 7000.0, 0.40701380372047424, 1.2032685279846191
49525, 5.458274841308594, -0.2671467363834381, 0.026452839374542236, 2.2862942218780518, 0.03676564618945122, -0.007349022664129734, 7000.0, 7000.0, 7000.0, 7000.0, 0.4099201261997223, 1.2093430757522583
49545, 5.504090785980225, -0.2663895785808563, 0.026301080361008644, 2.2946572303771973, 0.03905322775244713, -0.007679647300392389, 7000.0, 7000.0, 7000.0, 7000.0, 0.4097910523414612, 1.2102326154708862
49565, 5.510411739349365, -0.2671806514263153, 0.027880290523171425, 2.284242630004883, 0.040302835404872894, 0.00022396208078134805, 7000.0, 7000.0, 7000.0, 7000.0, 0.41118094325065613, 1.2148951292037964
49585, 5.556186676025391, -0.2663488984107971, 0.027887390926480293, 2.29296612739563, 0.04202407971024513, 0.00017296696023549885, 7000.0, 7000.0, 7000.0, 7000.0, 0.4103746712207794, 1.2544523477554321
49605, 5.582718849182129, -0.26624274253845215, 0.028839657083153725, 2.291959047317505, 0.043296582996845245, 0.005471206735819578, 7000.0, 7000.0, 7000.0, 7000.0, 0.41149625182151794, 1.2568178176879883
49625, 5.6286396980285645, -0.2653442323207855, 0.028946073725819588, 2.2998158931732178, 0.04550956189632416, 0.005476066842675209, 7000.0, 7000.0, 7000.0, 7000.0, 0.41334429383277893, 1.281151294708252
49645, 5.674725532531738, -0.26440319418907166, 0.02904427982866764, 2.3082759380340576, 0.047891635447740555, 0.005068738013505936, 7000.0, 7000.0, 7000.0, 7000.0, 0.4169194996356964, 1.2830802202224731
49665, 5.7213134765625, -0.26340749859809875, 0.02911275066435337, 2.3169119358062744, 0.050424765795469284, 0.004101776517927647, 7000.0, 7000.0, 7000.0, 7000.0, 0.41953206062316895, 1.289473056793213
49685, 5.76773738861084, -0.2623777389526367, 0.029197650030255318, 2.3251378536224365, 0.05269620940089226, 0.003912578336894512, 7000.0, 7000.0, 7000.0, 7000.0, 0.41988807916641235, 1.2949990034103394
49705, 5.80912446975708, -0.26142847537994385, 0.029621291905641556, 2.3303451538085938, 0.0545126236975193, 0.005289390683174133, 7000.0, 7000.0, 7000.0, 7000.0, 0.4201652407646179, 1.2957907915115356
49725, 5.855807304382324, -0.2603113651275635, 0.029734661802649498, 2.3381190299987793, 0.05667279660701752, 0.005305942613631487, 7000.0, 7000.0, 7000.0, 7000.0, 0.4223058223724365, 1.3011022806167603
49745, 5.902652263641357, -0.25914785265922546, 0.029840780422091484, 2.3462376594543457, 0.05902210995554924, 0.005391647573560476, 7000.0, 7000.0, 7000.0, 7000.0, 0.424826979637146, 1.311071515083313
49765, 5.969512939453125, -0.2575089633464813, 0.028620868921279907, 2.3640265464782715, 0.06152460351586342, -0.0008816558984108269, 7000.0, 7000.0, 7000.0, 7000.0, 0.42679524421691895, 1.3194117546081543
49785, 6.016889572143555, -0.2562524676322937, 0.02859124168753624, 2.3727924823760986, 0.06383964419364929, -0.0012438434641808271, 7000.0, 7000.0, 7000.0, 7000.0, 0.42866116762161255, 1.3034837245941162
49805, 6.0361714363098145, -0.255710631608963, 0.030039377510547638, 2.3679544925689697, 0.06542026251554489, 0.004772757645696402, 7000.0, 7000.0, 7000.0, 7000.0, 0.43136993050575256, 1.3043274879455566
49825, 6.083609104156494, -0.254381000995636, 0.03013673424720764, 2.375795841217041, 0.06745175272226334, 0.003975449129939079, 7000.0, 7000.0, 7000.0, 7000.0, 0.43269848823547363, 1.3283050060272217
49845, 6.131197452545166, -0.25300559401512146, 0.030229631811380386, 2.383274555206299, 0.06982986629009247, 0.004007060080766678, 7000.0, 7000.0, 7000.0, 7000.0, 0.43217751383781433, 1.3325743675231934
49865, 6.183398723602295, -0.25146570801734924, 0.03021164797246456, 2.392669677734375, 0.07211922109127045, 0.003407582640647888, 7000.0, 7000.0, 7000.0, 7000.0, 0.4335610270500183, 1.3355695009231567
49885, 6.231335163116455, -0.24999862909317017, 0.03027690201997757, 2.4010097980499268, 0.07426990568637848, 0.0034336198586970568, 7000.0, 7000.0, 7000.0, 7000.0, 0.4345647990703583, 1.3414839506149292
49905, 6.3082275390625, -0.2479088455438614, 0.028868403285741806, 2.422445774078369, 0.07682783901691437, -0.003937012515962124, 7000.0, 7000.0, 7000.0, 7000.0, 0.43494004011154175, 1.3450528383255005
49925, 6.356759071350098, -0.2463495135307312, 0.02878136932849884, 2.4303054809570312, 0.0794304832816124, -0.00434388592839241, 7000.0, 7000.0, 7000.0, 7000.0, 0.4358902871608734, 1.3168370723724365
49945, 6.405444622039795, -0.24474143981933594, 0.028693508356809616, 2.4382238388061523, 0.08185576647520065, -0.005197820719331503, 7000.0, 7000.0, 7000.0, 7000.0, 0.4379533529281616, 1.3188813924789429
49965, 6.475522518157959, -0.24256232380867004, 0.02775798738002777, 2.456092119216919, 0.08455684781074524, -0.010281968861818314, 7000.0, 7000.0, 7000.0, 7000.0, 0.43994826078414917, 1.3222019672393799
49985, 6.5247273445129395, -0.24085018038749695, 0.02756420522928238, 2.4647092819213867, 0.08665498346090317, -0.009974238462746143, 7000.0, 7000.0, 7000.0, 7000.0, 0.4402984380722046, 1.308306097984314
50005, 6.540188789367676, -0.2400926798582077, 0.02847682312130928, 2.4576892852783203, 0.08860579878091812, -0.004297707229852676, 7000.0, 7000.0, 7000.0, 7000.0, 0.44125935435295105, 1.3112324476242065
50025, 6.589420795440674, -0.2382955253124237, 0.028386730700731277, 2.465179204940796, 0.09126187860965729, -0.004285803064703941, 7000.0, 7000.0, 7000.0, 7000.0, 0.4410730302333832, 1.3451811075210571
50045, 6.638804912567139, -0.23644399642944336, 0.028287053108215332, 2.473156690597534, 0.0939851626753807, -0.005063691176474094, 7000.0, 7000.0, 7000.0, 7000.0, 0.4436184763908386, 1.3463162183761597
50065, 6.633938789367676, -0.23609218001365662, 0.030000336468219757, 2.458498477935791, 0.09565994888544083, 0.0028811213560402393, 7000.0, 7000.0, 7000.0, 7000.0, 0.4442681074142456, 1.3466459512710571
50085, 6.683190822601318, -0.23415283858776093, 0.030061688274145126, 2.4670114517211914, 0.0984250009059906, 0.0025583761744201183, 7000.0, 7000.0, 7000.0, 7000.0, 0.4477119445800781, 1.3857821226119995
50105, 6.743830680847168, -0.23190385103225708, 0.029642822220921516, 2.4801549911499023, 0.10119200497865677, 4.679129415308125e-05, 7000.0, 7000.0, 7000.0, 7000.0, 0.4473921060562134, 1.3874127864837646
50125, 6.7935051918029785, -0.22986063361167908, 0.029647676274180412, 2.4876837730407715, 0.10360649973154068, -0.0002757375477813184, 7000.0, 7000.0, 7000.0, 7000.0, 0.45028701424598694, 1.3858392238616943
50145, 6.843329429626465, -0.2277711182832718, 0.029634173959493637, 2.495046377182007, 0.10612396895885468, -0.0010406739311292768, 7000.0, 7000.0, 7000.0, 7000.0, 0.4525420665740967, 1.3919687271118164
50165, 6.899664402008057, -0.22549910843372345, 0.029304206371307373, 2.5059220790863037, 0.10823837667703629, -0.0027701565995812416, 7000.0, 7000.0, 7000.0, 7000.0, 0.4537833333015442, 1.3943809270858765
50185, 6.949862003326416, -0.22331871092319489, 0.02924216538667679, 2.5139410495758057, 0.1105988398194313, -0.003449423238635063, 7000.0, 7000.0, 7000.0, 7000.0, 0.45448264479637146, 1.3997663259506226
50205, 7.011819362640381, -0.22086060047149658, 0.028618937358260155, 2.526669502258301, 0.11302117258310318, -0.00648758839815855, 7000.0, 7000.0, 7000.0, 7000.0, 0.45290660858154297, 1.4048304557800293
50225, 7.062421798706055, -0.2185758650302887, 0.028491226956248283, 2.533963203430176, 0.11546280235052109, -0.006743594538420439, 7000.0, 7000.0, 7000.0, 7000.0, 0.4526921212673187, 1.3934637308120728
50245, 7.113173961639404, -0.21623718738555908, 0.02835461124777794, 2.541740894317627, 0.11850295960903168, -0.00715344725176692, 7000.0, 7000.0, 7000.0, 7000.0, 0.45690199732780457, 1.3993161916732788
50265, 7.182671070098877, -0.21336647868156433, 0.027546565979719162, 2.5568556785583496, 0.12175352871417999, -0.010344690643250942, 7000.0, 7000.0, 7000.0, 7000.0, 0.46029096841812134, 1.404172658920288
50285, 7.233884334564209, -0.21091024577617645, 0.027334019541740417, 2.564448595046997, 0.12461098283529282, -0.010936551727354527, 7000.0, 7000.0, 7000.0, 7000.0, 0.4613036811351776, 1.3949363231658936
50305, 7.263593673706055, -0.20902030169963837, 0.027860961854457855, 2.5629944801330566, 0.1265651285648346, -0.007927164435386658, 7000.0, 7000.0, 7000.0, 7000.0, 0.4636843800544739, 1.4003679752349854
50325, 7.3149237632751465, -0.2064756602048874, 0.02771305851638317, 2.570537805557251, 0.12840627133846283, -0.007559448014944792, 7000.0, 7000.0, 7000.0, 7000.0, 0.46433693170547485, 1.4190057516098022
50345, 7.340645790100098, -0.20518645644187927, 0.027638956904411316, 2.573864221572876, 0.12941423058509827, -0.007321793586015701, 7000.0, 7000.0, 7000.0, 7000.0, 0.4636921286582947, 1.4253422021865845
50365, 7.372004508972168, -0.2031305879354477, 0.028156548738479614, 2.5738368034362793, 0.1320199817419052, -0.004364797379821539, 7000.0, 7000.0, 7000.0, 7000.0, 0.4653645157814026, 1.4318588972091675
50385, 7.4235663414001465, -0.20046167075634003, 0.028070960193872452, 2.5820677280426025, 0.13449817895889282, -0.004731704015284777, 7000.0, 7000.0, 7000.0, 7000.0, 0.4674275517463684, 1.4499973058700562
50405, 7.451542377471924, -0.19827240705490112, 0.028829067945480347, 2.5806074142456055, 0.13682232797145844, -0.0007114195614121854, 7000.0, 7000.0, 7000.0, 7000.0, 0.46796777844429016, 1.4506843090057373
50425, 7.503231525421143, -0.1955016404390335, 0.02882113680243492, 2.5880234241485596, 0.13927271962165833, -0.00033578136935830116, 7000.0, 7000.0, 7000.0, 7000.0, 0.4687463641166687, 1.4678549766540527
50445, 7.555063247680664, -0.19267824292182922, 0.02881249040365219, 2.5949361324310303, 0.1420992761850357, -0.00019547846750356257, 7000.0, 7000.0, 7000.0, 7000.0, 0.4692646563053131, 1.4659624099731445
50465, 7.605010986328125, -0.18982447683811188, 0.02888914756476879, 2.6010875701904297, 0.14523878693580627, -0.00011837915371870622, 7000.0, 7000.0, 7000.0, 7000.0, 0.4688524007797241, 1.4708468914031982
50485, 7.6571173667907715, -0.18689049780368805, 0.028872795403003693, 2.608999490737915, 0.14829690754413605, -0.0010938418563455343, 7000.0, 7000.0, 7000.0, 7000.0, 0.47058892250061035, 1.4769418239593506
50505, 7.726595401763916, -0.1837771236896515, 0.028054971247911453, 2.6240592002868652, 0.15113629400730133, -0.005787868518382311, 7000.0, 7000.0, 7000.0, 7000.0, 0.47330352663993835, 1.4791548252105713
50525, 7.779155254364014, -0.18072809278964996, 0.027946801856160164, 2.6320676803588867, 0.15372654795646667, -0.006241139955818653, 7000.0, 7000.0, 7000.0, 7000.0, 0.47513777017593384, 1.4663212299346924
50545, 7.831876754760742, -0.1776231974363327, 0.02783341147005558, 2.6401803493499756, 0.1561758667230606, -0.005928616505116224, 7000.0, 7000.0, 7000.0, 7000.0, 0.4765688478946686, 1.4653918743133545
50565, 7.857736110687256, -0.1749139130115509, 0.028742730617523193, 2.6369316577911377, 0.158661350607872, -0.0005453545018099248, 7000.0, 7000.0, 7000.0, 7000.0, 0.4782544672489166, 1.4673516750335693
50585, 7.910552978515625, -0.17170603573322296, 0.028725188225507736, 2.644205093383789, 0.16141840815544128, -0.0004940600483678281, 7000.0, 7000.0, 7000.0, 7000.0, 0.47805842757225037, 1.4921867847442627
50605, 7.960420608520508, -0.16848771274089813, 0.028822036460042, 2.6501967906951904, 0.16415904462337494, -0.000538972089998424, 7000.0, 7000.0, 7000.0, 7000.0, 0.47829917073249817, 1.4983925819396973
50625, 8.013506889343262, -0.16517625749111176, 0.02880379743874073, 2.6580090522766113, 0.16703186929225922, -0.001502246130257845, 7000.0, 7000.0, 7000.0, 7000.0, 0.47878775000572205, 1.5052180290222168
50645, 8.066742897033691, -0.1618068516254425, 0.028781594708561897, 2.6658053398132324, 0.1700911521911621, -0.0020282543264329433, 7000.0, 7000.0, 7000.0, 7000.0, 0.47951245307922363, 1.5101293325424194
50665, 8.132057189941406, -0.15811309218406677, 0.028396615758538246, 2.6780123710632324, 0.17297156155109406, -0.004108300432562828, 7000.0, 7000.0, 7000.0, 7000.0, 0.4813457131385803, 1.5065683126449585
50685, 8.185689926147461, -0.15462522208690643, 0.028316887095570564, 2.6854748725891113, 0.17595534026622772, -0.004410361871123314, 7000.0, 7000.0, 7000.0, 7000.0, 0.4858244061470032, 1.497692346572876
50705, 8.230372428894043, -0.15120650827884674, 0.028541199862957, 2.6887102127075195, 0.17880190908908844, -0.002481559058651328, 7000.0, 7000.0, 7000.0, 7000.0, 0.48421597480773926, 1.4972009658813477
50725, 8.284219741821289, -0.14760398864746094, 0.028485707938671112, 2.695768117904663, 0.18158629536628723, -0.0022009238600730896, 7000.0, 7000.0, 7000.0, 7000.0, 0.48488762974739075, 1.5107934474945068
50745, 8.338214874267578, -0.14394234120845795, 0.028434958308935165, 2.7032978534698486, 0.1848476082086563, -0.00267165363766253, 7000.0, 7000.0, 7000.0, 7000.0, 0.4861564040184021, 1.512630581855774
50765, 8.383977890014648, -0.14036443829536438, 0.028657078742980957, 2.7081351280212402, 0.18751020729541779, -0.0020152342040091753, 7000.0, 7000.0, 7000.0, 7000.0, 0.48575130105018616, 1.5152050256729126
50785, 8.438217163085938, -0.13659164309501648, 0.028626009821891785, 2.7160680294036865, 0.18982245028018951, -0.002197358524426818, 7000.0, 7000.0, 7000.0, 7000.0, 0.4872165322303772, 1.5252314805984497
50805, 8.474274635314941, -0.1330743134021759, 0.029195042327046394, 2.716157913208008, 0.19248561561107635, 0.0010376560967415571, 7000.0, 7000.0, 7000.0, 7000.0, 0.4892236292362213, 1.5279722213745117
50825, 8.528663635253906, -0.12919387221336365, 0.02922363206744194, 2.723135471343994, 0.19556628167629242, 0.001468569040298462, 7000.0, 7000.0, 7000.0, 7000.0, 0.4873482584953308, 1.541080117225647
50845, 8.583195686340332, -0.12524983286857605, 0.029249578714370728, 2.7300679683685303, 0.19901306927204132, 0.0013609728775918484, 7000.0, 7000.0, 7000.0, 7000.0, 0.48823779821395874, 1.5486574172973633
50865, 8.65441608428955, -0.12111298739910126, 0.028677726164460182, 2.7436647415161133, 0.2017664760351181, -0.002199265407398343, 7000.0, 7000.0, 7000.0, 7000.0, 0.49138620495796204, 1.5559256076812744
50885, 8.70936107635498, -0.11705364286899567, 0.028633130714297295, 2.7509546279907227, 0.20478229224681854, -0.002342174993827939, 7000.0, 7000.0, 7000.0, 7000.0, 0.49349117279052734, 1.5515586137771606
50905, 8.759249687194824, -0.11298518627882004, 0.028754210099577904, 2.756340265274048, 0.2079520970582962, -0.0020240736193954945, 7000.0, 7000.0, 7000.0, 7000.0, 0.49706554412841797, 1.557118535041809
50925, 8.814438819885254, -0.10880174487829208, 0.028720250353217125, 2.763252019882202, 0.21078981459140778, -0.0022680279798805714, 7000.0, 7000.0, 7000.0, 7000.0, 0.49771884083747864, 1.5584579706192017
50945, 8.86977481842041, -0.10456057637929916, 0.02867879532277584, 2.7707574367523193, 0.21387453377246857, -0.002348841167986393, 7000.0, 7000.0, 7000.0, 7000.0, 0.49712157249450684, 1.5588644742965698
50965, 8.919675827026367, -0.1003427505493164, 0.028786612674593925, 2.776283025741577, 0.21684058010578156, -0.00203238264657557, 7000.0, 7000.0, 7000.0, 7000.0, 0.49891263246536255, 1.5612475872039795
50985, 8.97528076171875, -0.0959877073764801, 0.02874225191771984, 2.78414249420166, 0.21929393708705902, -0.002239479450508952, 7000.0, 7000.0, 7000.0, 7000.0, 0.49961215257644653, 1.5601729154586792
51005, 9.01065444946289, -0.0918891504406929, 0.02923922799527645, 2.783621311187744, 0.22233398258686066, 0.0002735544403549284, 7000.0, 7000.0, 7000.0, 7000.0, 0.5010450482368469, 1.5645164251327515
51025, 9.066390991210938, -0.08741112053394318, 0.029245004057884216, 2.790464162826538, 0.22557395696640015, -7.12640248821117e-05, 7000.0, 7000.0, 7000.0, 7000.0, 0.5046034455299377, 1.5819798707962036
51045, 9.122260093688965, -0.08286947011947632, 0.029246298596262932, 2.7971785068511963, 0.22859333455562592, -0.0002841759123839438, 7000.0, 7000.0, 7000.0, 7000.0, 0.503311038017273, 1.5854113101959229
51065, 9.168508529663086, -0.0781652107834816, 0.02959071658551693, 2.800504684448242, 0.23202252388000488, 0.0011696660658344626, 7000.0, 7000.0, 7000.0, 7000.0, 0.5040848851203918, 1.5917716026306152
51085, 9.224591255187988, -0.07349909096956253, 0.02961375005543232, 2.8080387115478516, 0.23526263236999512, 0.0010366851929575205, 7000.0, 7000.0, 7000.0, 7000.0, 0.5029004216194153, 1.6019219160079956
51105, 9.289878845214844, -0.06870029121637344, 0.029363110661506653, 2.818716526031494, 0.23838244378566742, -0.0007600107346661389, 7000.0, 7000.0, 7000.0, 7000.0, 0.5050393342971802, 1.6010113954544067
51125, 9.346323013305664, -0.06391571462154388, 0.029343469068408012, 2.8260295391082764, 0.24115413427352905, -0.001286581507883966, 7000.0, 7000.0, 7000.0, 7000.0, 0.5088599324226379, 1.602798342704773
51145, 9.402912139892578, -0.05907170847058296, 0.029324686154723167, 2.8332927227020264, 0.24379020929336548, -0.0012266412377357483, 7000.0, 7000.0, 7000.0, 7000.0, 0.5113216042518616, 1.6083331108093262
51165, 9.496297836303711, -0.054012466222047806, 0.028214188292622566, 2.8537490367889404, 0.2468709498643875, -0.006949608214199543, 7000.0, 7000.0, 7000.0, 7000.0, 0.5147978663444519, 1.6071258783340454
51185, 9.553438186645508, -0.04904305934906006, 0.02807466685771942, 2.860487699508667, 0.24991023540496826, -0.006759226322174072, 7000.0, 7000.0, 7000.0, 7000.0, 0.5143424868583679, 1.5829192399978638
51205, 9.575331687927246, -0.04443991929292679, 0.028796512633562088, 2.8547892570495605, 0.2529853284358978, -0.002398652955889702, 7000.0, 7000.0, 7000.0, 7000.0, 0.5145585536956787, 1.5847609043121338
51225, 9.6325044631958, -0.039347924292087555, 0.02873641811311245, 2.862351179122925, 0.25668683648109436, -0.002942222636193037, 7000.0, 7000.0, 7000.0, 7000.0, 0.5144101977348328, 1.6105483770370483
51245, 9.689826965332031, -0.03418835252523422, 0.028668975457549095, 2.869891405105591, 0.25983527302742004, -0.003984079696238041, 7000.0, 7000.0, 7000.0, 7000.0, 0.5156534910202026, 1.6156359910964966
51265, 9.702573776245117, -0.029347825795412064, 0.029703287407755852, 2.8613648414611816, 0.26246803998947144, 0.001379030174575746, 7000.0, 7000.0, 7000.0, 7000.0, 0.5172481536865234, 1.6175402402877808
51285, 9.759861946105957, -0.024065766483545303, 0.02973889745771885, 2.8681654930114746, 0.26582130789756775, 0.001473262207582593, 7000.0, 7000.0, 7000.0, 7000.0, 0.518275797367096, 1.644288182258606
51305, 9.828289985656738, -0.018759816884994507, 0.029450584203004837, 2.878312587738037, 0.2695978283882141, 0.0005948308971710503, 7000.0, 7000.0, 7000.0, 7000.0, 0.5192328691482544, 1.6440982818603516
51325, 9.885918617248535, -0.01333150640130043, 0.029453828930854797, 2.8845250606536865, 0.27315753698349, 0.0006871565710753202, 7000.0, 7000.0, 7000.0, 7000.0, 0.5195279121398926, 1.6389967203140259
51345, 9.943682670593262, -0.007836805656552315, 0.029447196051478386, 2.891547203063965, 0.27661198377609253, -0.0003210387076251209, 7000.0, 7000.0, 7000.0, 7000.0, 0.5178884267807007, 1.6402734518051147
51365, 9.978184700012207, -0.0022108671255409718, 0.03015691228210926, 2.8905954360961914, 0.27956268191337585, 0.0030799168162047863, 7000.0, 7000.0, 7000.0, 7000.0, 0.51951664686203, 1.6452441215515137
51385, 10.036075592041016, 0.003408445743843913, 0.030217954888939857, 2.8984487056732178, 0.2826358377933502, 0.0023047910071909428, 7000.0, 7000.0, 7000.0, 7000.0, 0.5189228057861328, 1.661423683166504
51405, 10.122392654418945, 0.008759038522839546, 0.029315391555428505, 2.9157028198242188, 0.2860294282436371, -0.0027802952099591494, 7000.0, 7000.0, 7000.0, 7000.0, 0.5214269161224365, 1.661494255065918
51425, 10.180774688720703, 0.014517366886138916, 0.0292607843875885, 2.9229371547698975, 0.2891944646835327, -0.0029879449866712093, 7000.0, 7000.0, 7000.0, 7000.0, 0.5236920118331909, 1.6459015607833862
51445, 10.239307403564453, 0.020341040566563606, 0.0291880052536726, 2.930253744125366, 0.292540580034256, -0.0033998307771980762, 7000.0, 7000.0, 7000.0, 7000.0, 0.5247356295585632, 1.64567232131958
51465, 10.26923942565918, 0.0264138150960207, 0.029961608350276947, 2.927104949951172, 0.295759379863739, 0.0006140881450846791, 7000.0, 7000.0, 7000.0, 7000.0, 0.52326500415802, 1.6493406295776367
51485, 10.327863693237305, 0.03236895427107811, 0.029961368069052696, 2.934788227081299, 0.2995174527168274, 0.00010635897342581302, 7000.0, 7000.0, 7000.0, 7000.0, 0.522847056388855, 1.6765532493591309
51505, 10.386048316955566, 0.03839351236820221, 0.029972797259688377, 2.9419078826904297, 0.30277714133262634, -0.0008753002621233463, 7000.0, 7000.0, 7000.0, 7000.0, 0.5221059918403625, 1.6804330348968506
51525, 10.444952964782715, 0.04448259621858597, 0.02995886467397213, 2.9487829208374023, 0.30597811937332153, -0.0013336106203496456, 7000.0, 7000.0, 7000.0, 7000.0, 0.5248923301696777, 1.6807410717010498
51545, 10.503996849060059, 0.05063933506608009, 0.029941501095891, 2.955915927886963, 0.3094300925731659, -0.0010123742977157235, 7000.0, 7000.0, 7000.0, 7000.0, 0.5259829163551331, 1.6816104650497437
51565, 10.562041282653809, 0.05686872452497482, 0.029956215992569923, 2.9622013568878174, 0.3126457631587982, -0.0005131972720846534, 7000.0, 7000.0, 7000.0, 7000.0, 0.5237486362457275, 1.68412446975708
51585, 10.621353149414062, 0.06315878033638, 0.029941022396087646, 2.9684243202209473, 0.3159976303577423, -1.692681325948797e-05, 7000.0, 7000.0, 7000.0, 7000.0, 0.5249941349029541, 1.6896449327468872
51605, 10.696028709411621, 0.06943412125110626, 0.02952462248504162, 2.9802472591400146, 0.31953510642051697, -0.0023233918473124504, 7000.0, 7000.0, 7000.0, 7000.0, 0.525545060634613, 1.6917505264282227
51625, 10.755707740783691, 0.07586617022752762, 0.029472114518284798, 2.9871115684509277, 0.32312092185020447, -0.0026629744097590446, 7000.0, 7000.0, 7000.0, 7000.0, 0.5286513566970825, 1.6836096048355103
51645, 10.81552505493164, 0.0823718011379242, 0.029418546706438065, 2.9944498538970947, 0.32653164863586426, -0.0030096916016191244, 7000.0, 7000.0, 7000.0, 7000.0, 0.5299528241157532, 1.6840578317642212
51665, 10.90444278717041, 0.08902271091938019, 0.028712710365653038, 3.011730909347534, 0.32952138781547546, -0.00654823100194335, 7000.0, 7000.0, 7000.0, 7000.0, 0.5301603674888611, 1.683314561843872
51685, 10.96474838256836, 0.09565212577581406, 0.028586022555828094, 3.0187454223632812, 0.33278414607048035, -0.006567631382495165, 7000.0, 7000.0, 7000.0, 7000.0, 0.5331523418426514, 1.674401044845581
51705, 10.944623947143555, 0.10156191885471344, 0.029947057366371155, 2.998894453048706, 0.336010605096817, 0.0013100889045745134, 7000.0, 7000.0, 7000.0, 7000.0, 0.5340533256530762, 1.6775013208389282
51725, 11.004668235778809, 0.10832079499959946, 0.029967457056045532, 3.0049173831939697, 0.33964502811431885, 0.0012050778605043888, 7000.0, 7000.0, 7000.0, 7000.0, 0.5346377491950989, 1.7195099592208862
51745, 11.064835548400879, 0.11515030264854431, 0.029988717287778854, 3.011431932449341, 0.3431391417980194, 0.0011025985004380345, 7000.0, 7000.0, 7000.0, 7000.0, 0.5346877574920654, 1.7148548364639282
51765, 11.104680061340332, 0.12232539802789688, 0.03047165647149086, 3.0112624168395996, 0.3463563919067383, 0.003143689129501581, 7000.0, 7000.0, 7000.0, 7000.0, 0.5353989601135254, 1.7144348621368408
51785, 11.164972305297852, 0.12929420173168182, 0.030537182465195656, 3.0180130004882812, 0.34970465302467346, 0.002938814228400588, 7000.0, 7000.0, 7000.0, 7000.0, 0.536645233631134, 1.729786992073059
51805, 11.266680717468262, 0.13491900265216827, 0.029504206031560898, 3.038318157196045, 0.35341426730155945, -0.002571764634922147, 7000.0, 7000.0, 7000.0, 7000.0, 0.5404484272003174, 1.732877492904663
51825, 11.327524185180664, 0.14203232526779175, 0.029447250068187714, 3.045466899871826, 0.3575030565261841, -0.0029668195638805628, 7000.0, 7000.0, 7000.0, 7000.0, 0.5425206422805786, 1.716944932937622
51845, 11.391563415527344, 0.14958129823207855, 0.02937626652419567, 3.0529303550720215, 0.36132529377937317, -0.0037677467335015535, 7000.0, 7000.0, 7000.0, 7000.0, 0.544009804725647, 1.7201101779937744
51865, 11.45975399017334, 0.1566915214061737, 0.029141582548618317, 3.0627334117889404, 0.36466139554977417, -0.004827709402889013, 7000.0, 7000.0, 7000.0, 7000.0, 0.5442149043083191, 1.7217743396759033
51885, 11.521080017089844, 0.16402067244052887, 0.02904530055820942, 3.0698044300079346, 0.3677820861339569, -0.005334661342203617, 7000.0, 7000.0, 7000.0, 7000.0, 0.5443919897079468, 1.7225325107574463
51905, 11.624987602233887, 0.17076672613620758, 0.028084877878427505, 3.0898075103759766, 0.371051549911499, -0.009791979566216469, 7000.0, 7000.0, 7000.0, 7000.0, 0.546547532081604, 1.7223925590515137
51925, 11.686846733093262, 0.17823313176631927, 0.02789192833006382, 3.096250534057617, 0.37489044666290283, -0.009679829701781273, 7000.0, 7000.0, 7000.0, 7000.0, 0.5493999719619751, 1.7058895826339722
51945, 11.748835563659668, 0.1857692003250122, 0.027692073956131935, 3.102351188659668, 0.3786432445049286, -0.010007615201175213, 7000.0, 7000.0, 7000.0, 7000.0, 0.5527114272117615, 1.7112555503845215
51965, 11.709378242492676, 0.19340741634368896, 0.02909397892653942, 3.0765795707702637, 0.3822440803050995, -0.0019388755317777395, 7000.0, 7000.0, 7000.0, 7000.0, 0.5569037199020386, 1.7196041345596313
51985, 11.770975112915039, 0.2010829597711563, 0.029055681079626083, 3.0828909873962402, 0.3858288824558258, -0.00229030754417181, 7000.0, 7000.0, 7000.0, 7000.0, 0.5573011040687561, 1.761796474456787
52005, 11.811355590820312, 0.20924325287342072, 0.02943580597639084, 3.0826988220214844, 0.38924330472946167, -0.0002293243887834251, 7000.0, 7000.0, 7000.0, 7000.0, 0.5570076704025269, 1.7596653699874878
52025, 11.873072624206543, 0.21706822514533997, 0.029437143355607986, 3.0892932415008545, 0.39313340187072754, -0.0004265080497134477, 7000.0, 7000.0, 7000.0, 7000.0, 0.5546639561653137, 1.7771484851837158
52045, 11.934922218322754, 0.22497689723968506, 0.029435234144330025, 3.0960512161254883, 0.39712852239608765, -7.988591096363962e-05, 7000.0, 7000.0, 7000.0, 7000.0, 0.5569357872009277, 1.7854284048080444
52065, 12.038470268249512, 0.23066842555999756, 0.028294745832681656, 3.116034507751465, 0.4002399444580078, -0.005819026380777359, 7000.0, 7000.0, 7000.0, 7000.0, 0.5603981018066406, 1.7897610664367676
52085, 12.100865364074707, 0.23870886862277985, 0.028167324140667915, 3.123168468475342, 0.4040718674659729, -0.006341346073895693, 7000.0, 7000.0, 7000.0, 7000.0, 0.5618835687637329, 1.771341323852539
52105, 12.14724349975586, 0.24750037491321564, 0.02841837704181671, 3.124990463256836, 0.40749800205230713, -0.005199960432946682, 7000.0, 7000.0, 7000.0, 7000.0, 0.5650007128715515, 1.7668449878692627
52125, 12.209807395935059, 0.25567886233329773, 0.028319967910647392, 3.131666660308838, 0.4111156761646271, -0.005699601024389267, 7000.0, 7000.0, 7000.0, 7000.0, 0.5663644671440125, 1.7726585865020752
52145, 12.272500038146973, 0.26393449306488037, 0.028218163177371025, 3.1381280422210693, 0.4149150848388672, -0.005819526966661215, 7000.0, 7000.0, 7000.0, 7000.0, 0.5665289759635925, 1.7765907049179077
52165, 12.359326362609863, 0.27120739221572876, 0.027555424720048904, 3.1516804695129395, 0.41844630241394043, -0.008233320899307728, 7000.0, 7000.0, 7000.0, 7000.0, 0.566380500793457, 1.7817325592041016
52185, 12.422419548034668, 0.2796156704425812, 0.027385210618376732, 3.157858371734619, 0.4226706624031067, -0.008370441384613514, 7000.0, 7000.0, 7000.0, 7000.0, 0.5699594020843506, 1.7776657342910767
52205, 12.49278736114502, 0.2879001796245575, 0.02708076871931553, 3.166412353515625, 0.4268720746040344, -0.008820215240120888, 7000.0, 7000.0, 7000.0, 7000.0, 0.5713236927986145, 1.7815943956375122
52225, 12.556183815002441, 0.29647305607795715, 0.026897672563791275, 3.172893762588501, 0.43104100227355957, -0.009181495755910873, 7000.0, 7000.0, 7000.0, 7000.0, 0.5735739469528198, 1.780966877937317
52245, 12.622888565063477, 0.3055642247200012, 0.026696819812059402, 3.180116653442383, 0.4354281723499298, -0.010322713293135166, 7000.0, 7000.0, 7000.0, 7000.0, 0.5749949216842651, 1.7784667015075684
52265, 12.650650024414062, 0.31491225957870483, 0.027109419927001, 3.176309823989868, 0.43911564350128174, -0.00783081166446209, 7000.0, 7000.0, 7000.0, 7000.0, 0.5765390992164612, 1.7800688743591309
52285, 12.714235305786133, 0.32372745871543884, 0.026964956894516945, 3.183077812194824, 0.4425778090953827, -0.007709624711424112, 7000.0, 7000.0, 7000.0, 7000.0, 0.5766068696975708, 1.7988418340682983
52305, 12.74930191040039, 0.3331235647201538, 0.027320602908730507, 3.180609941482544, 0.4458685517311096, -0.004521743394434452, 7000.0, 7000.0, 7000.0, 7000.0, 0.5757629871368408, 1.8032945394515991
52325, 12.81297492980957, 0.3420768082141876, 0.02722392976284027, 3.1868531703948975, 0.44982394576072693, -0.004424491431564093, 7000.0, 7000.0, 7000.0, 7000.0, 0.5790572762489319, 1.823127031326294
52345, 12.876770973205566, 0.35110247135162354, 0.02712273597717285, 3.192795515060425, 0.4533512592315674, -0.004880227614194155, 7000.0, 7000.0, 7000.0, 7000.0, 0.5799763202667236, 1.8258403539657593
52365, 12.943426132202148, 0.3600984811782837, 0.026959538459777832, 3.1997568607330322, 0.45707258582115173, -0.00577773991972208, 7000.0, 7000.0, 7000.0, 7000.0, 0.578941285610199, 1.8244134187698364
52385, 13.007478713989258, 0.3692699670791626, 0.02684667706489563, 3.205949306488037, 0.4606858789920807, -0.006069355644285679, 7000.0, 7000.0, 7000.0, 7000.0, 0.5808738470077515, 1.821493148803711
52405, 12.983642578125, 0.3831087350845337, 0.028638672083616257, 3.185403347015381, 0.4650461971759796, 0.003451857017353177, 7000.0, 7000.0, 7000.0, 7000.0, 0.5816802978515625, 1.8224698305130005
52425, 13.04741096496582, 0.3924451470375061, 0.028711089864373207, 3.191890239715576, 0.4690135419368744, 0.0033143723849207163, 7000.0, 7000.0, 7000.0, 7000.0, 0.5846583247184753, 1.8633400201797485
52445, 13.111310958862305, 0.4018592834472656, 0.028775041922926903, 3.198302745819092, 0.4727664291858673, 0.0033147039357572794, 7000.0, 7000.0, 7000.0, 7000.0, 0.5850752592086792, 1.870380163192749
52465, 13.184334754943848, 0.4098547399044037, 0.028472566977143288, 3.2074878215789795, 0.475892037153244, 0.0016989264404401183, 7000.0, 7000.0, 7000.0, 7000.0, 0.5856742262840271, 1.8728593587875366
52485, 13.248549461364746, 0.41940808296203613, 0.02850288152694702, 3.213876247406006, 0.4796612560749054, 0.0018798577366396785, 7000.0, 7000.0, 7000.0, 7000.0, 0.5838002562522888, 1.8742440938949585
52505, 13.282700538635254, 0.4373536705970764, 0.030092837288975716, 3.210350751876831, 0.48549142479896545, 0.009290059097111225, 7000.0, 7000.0, 7000.0, 7000.0, 0.5833079218864441, 1.8724989891052246
52525, 13.346961975097656, 0.4471111297607422, 0.030280504375696182, 3.2161614894866943, 0.49000102281570435, 0.009173080325126648, 7000.0, 7000.0, 7000.0, 7000.0, 0.5859706997871399, 1.8965611457824707
52545, 13.411338806152344, 0.45695456862449646, 0.030468525364995003, 3.2219035625457764, 0.494180828332901, 0.009163055568933487, 7000.0, 7000.0, 7000.0, 7000.0, 0.5868622660636902, 1.9006704092025757
52565, 13.49207878112793, 0.45778411626815796, 0.029024319723248482, 3.233395576477051, 0.496272474527359, 0.0009369104518555105, 7000.0, 7000.0, 7000.0, 7000.0, 0.5892557501792908, 1.9065600633621216
52585, 13.556809425354004, 0.4677421450614929, 0.02903721295297146, 3.239658832550049, 0.5001223087310791, 0.0006113253184594214, 7000.0, 7000.0, 7000.0, 7000.0, 0.5915871858596802, 1.8902477025985718
52605, 13.603845596313477, 0.48250269889831543, 0.02991469018161297, 3.2407727241516113, 0.5049833059310913, 0.004845631308853626, 7000.0, 7000.0, 7000.0, 7000.0, 0.5896762609481812, 1.8852392435073853
52625, 13.668728828430176, 0.49263423681259155, 0.03001074120402336, 3.2474615573883057, 0.5082013607025146, 0.004711907356977463, 7000.0, 7000.0, 7000.0, 7000.0, 0.5891322493553162, 1.9020867347717285
52645, 13.736991882324219, 0.5033473968505859, 0.030103322118520737, 3.2538540363311768, 0.5115707516670227, 0.003955697175115347, 7000.0, 7000.0, 7000.0, 7000.0, 0.5889354348182678, 1.9073513746261597
52665, 13.815062522888184, 0.5110286474227905, 0.029658056795597076, 3.2635245323181152, 0.5148723125457764, 0.0014139702543616295, 7000.0, 7000.0, 7000.0, 7000.0, 0.5865994691848755, 1.9071383476257324
52685, 13.880399703979492, 0.5213725566864014, 0.029686108231544495, 3.2699358463287354, 0.5190467834472656, 0.0020401920191943645, 7000.0, 7000.0, 7000.0, 7000.0, 0.5873562693595886, 1.9029723405838013
52705, 13.958070755004883, 0.5302594900131226, 0.029405485838651657, 3.280165672302246, 0.5226316452026367, 0.00039501386345364153, 7000.0, 7000.0, 7000.0, 7000.0, 0.5904856324195862, 1.9028829336166382
52725, 14.023746490478516, 0.5407513380050659, 0.02940400317311287, 3.2869043350219727, 0.5265172123908997, -0.000350121728843078, 7000.0, 7000.0, 7000.0, 7000.0, 0.5924984216690063, 1.8985726833343506
52745, 14.089550971984863, 0.5513221621513367, 0.029403477907180786, 3.2935678958892822, 0.5303424000740051, -0.00020966930605936795, 7000.0, 7000.0, 7000.0, 7000.0, 0.5919098854064941, 1.8967622518539429
52765, 14.117060661315918, 0.5651106834411621, 0.030167067423462868, 3.288956642150879, 0.5347602367401123, 0.003690155688673258, 7000.0, 7000.0, 7000.0, 7000.0, 0.5901923179626465, 1.8985530138015747
52785, 14.182893753051758, 0.5758569836616516, 0.030242811888456345, 3.2944297790527344, 0.5390188097953796, 0.003867179388180375, 7000.0, 7000.0, 7000.0, 7000.0, 0.5916513204574585, 1.9216604232788086
52805, 14.305126190185547, 0.5821425914764404, 0.02928382158279419, 3.3159446716308594, 0.5428256988525391, -0.0015377530362457037, 7000.0, 7000.0, 7000.0, 7000.0, 0.5939732193946838, 1.9290928840637207
52825, 14.37150764465332, 0.5930439233779907, 0.029240189120173454, 3.321545362472534, 0.547039806842804, -0.0018891256768256426, 7000.0, 7000.0, 7000.0, 7000.0, 0.5972477197647095, 1.9066917896270752
52845, 14.438010215759277, 0.6040261387825012, 0.029189597815275192, 3.3279919624328613, 0.5511088371276855, -0.002789269434288144, 7000.0, 7000.0, 7000.0, 7000.0, 0.6008061170578003, 1.903930902481079
52865, 14.576065063476562, 0.6115970611572266, 0.028099199756979942, 3.354498863220215, 0.5547081232070923, -0.008344915695488453, 7000.0, 7000.0, 7000.0, 7000.0, 0.5992880463600159, 1.901737093925476
52885, 14.643221855163574, 0.6227413415908813, 0.027940232306718826, 3.3612520694732666, 0.5590692162513733, -0.008518691174685955, 7000.0, 7000.0, 7000.0, 7000.0, 0.5998271107673645, 1.8745139837265015
52905, 14.614066123962402, 0.6359805464744568, 0.028739776462316513, 3.3409152030944824, 0.5637636780738831, -0.003293408779427409, 7000.0, 7000.0, 7000.0, 7000.0, 0.5993137955665588, 1.8792117834091187
52925, 14.680952072143555, 0.6473116874694824, 0.02867082506418228, 3.347454071044922, 0.568179726600647, -0.0032415350433439016, 7000.0, 7000.0, 7000.0, 7000.0, 0.6023097038269043, 1.9154590368270874
52945, 14.747971534729004, 0.6587222218513489, 0.02859306149184704, 3.3537211418151855, 0.5721719861030579, -0.0035225055180490017, 7000.0, 7000.0, 7000.0, 7000.0, 0.6048218011856079, 1.9163622856140137
52965, 14.671788215637207, 0.6736698746681213, 0.030104951933026314, 3.320352792739868, 0.5768056511878967, 0.0031210980378091335, 7000.0, 7000.0, 7000.0, 7000.0, 0.6063940525054932, 1.9145296812057495
52985, 14.73825454711914, 0.6852502822875977, 0.030169129371643066, 3.325932264328003, 0.5811657905578613, 0.002913815202191472, 7000.0, 7000.0, 7000.0, 7000.0, 0.6072351932525635, 1.9591796398162842
53005, 14.80994701385498, 0.6964860558509827, 0.03015008568763733, 3.332864284515381, 0.5854451060295105, 0.0025619936641305685, 7000.0, 7000.0, 7000.0, 7000.0, 0.6056292653083801, 1.9606590270996094
53025, 14.879996299743652, 0.7088301181793213, 0.03021595999598503, 3.338778257369995, 0.5898231267929077, 0.002375554060563445, 7000.0, 7000.0, 7000.0, 7000.0, 0.6065449118614197, 1.9634031057357788
53045, 14.946826934814453, 0.7206717729568481, 0.03026518225669861, 3.3442039489746094, 0.5938382744789124, 0.002387192565947771, 7000.0, 7000.0, 7000.0, 7000.0, 0.6076451539993286, 1.9706956148147583
53065, 15.001749038696289, 0.7345794439315796, 0.030652135610580444, 3.3466625213623047, 0.5982847213745117, 0.00403881398960948, 7000.0, 7000.0, 7000.0, 7000.0, 0.6086863279342651, 1.97696053981781
53085, 15.068750381469727, 0.7465950846672058, 0.03072194755077362, 3.3526883125305176, 0.6031063199043274, 0.003572183195501566, 7000.0, 7000.0, 7000.0, 7000.0, 0.6072569489479065, 1.9813201427459717
53105, 15.156414031982422, 0.7533667683601379, 0.029992034658789635, 3.3647091388702393, 0.6062677502632141, -0.0011727489763870835, 7000.0, 7000.0, 7000.0, 7000.0, 0.6071290373802185, 1.9782352447509766
53125, 15.223769187927246, 0.7655376195907593, 0.029970558360219002, 3.370760440826416, 0.6103823184967041, -0.0018124496564269066, 7000.0, 7000.0, 7000.0, 7000.0, 0.6059218645095825, 1.9665908813476562
53145, 15.291238784790039, 0.7777920961380005, 0.029941733926534653, 3.376350164413452, 0.6146228909492493, -0.0022208469454199076, 7000.0, 7000.0, 7000.0, 7000.0, 0.6083980798721313, 1.9732626676559448
53165, 15.388245582580566, 0.7845795154571533, 0.028974609449505806, 3.3898189067840576, 0.6179434061050415, -0.006941686384379864, 7000.0, 7000.0, 7000.0, 7000.0, 0.6099109649658203, 1.9801472425460815
53185, 15.456097602844238, 0.7969826459884644, 0.028837978839874268, 3.3954179286956787, 0.6225378513336182, -0.006898593157529831, 7000.0, 7000.0, 7000.0, 7000.0, 0.6117746233940125, 1.9678781032562256
53205, 15.518548965454102, 0.8100481033325195, 0.028801361098885536, 3.3993473052978516, 0.6272315979003906, -0.006520220544189215, 7000.0, 7000.0, 7000.0, 7000.0, 0.6137621402740479, 1.9716123342514038
53225, 15.586600303649902, 0.8226309418678284, 0.028664296492934227, 3.4055750370025635, 0.6313704252243042, -0.007031711284071207, 7000.0, 7000.0, 7000.0, 7000.0, 0.6159327626228333, 1.9725943803787231
53245, 15.654773712158203, 0.8353006839752197, 0.028522299602627754, 3.4118871688842773, 0.6356781125068665, -0.007605463732033968, 7000.0, 7000.0, 7000.0, 7000.0, 0.6177953481674194, 1.9724023342132568
53265, 15.769098281860352, 0.8447440266609192, 0.02764715440571308, 3.4307363033294678, 0.6394441723823547, -0.011718152090907097, 7000.0, 7000.0, 7000.0, 7000.0, 0.6162879467010498, 1.9695885181427002
53285, 15.83777141571045, 0.8575761318206787, 0.0274182315915823, 3.4368088245391846, 0.6437222957611084, -0.011775901541113853, 7000.0, 7000.0, 7000.0, 7000.0, 0.6181466579437256, 1.9530259370803833
53305, 15.878332138061523, 0.871695876121521, 0.027502303943037987, 3.4351212978363037, 0.648442804813385, -0.009695339016616344, 7000.0, 7000.0, 7000.0, 7000.0, 0.6217173933982849, 1.960806965827942
53325, 15.947088241577148, 0.8847036361694336, 0.02730574645102024, 3.4404191970825195, 0.6527853608131409, -0.010103339329361916, 7000.0, 7000.0, 7000.0, 7000.0, 0.6238819360733032, 1.9759509563446045
53345, 16.015953063964844, 0.8977975845336914, 0.027106111869215965, 3.4462125301361084, 0.6571200489997864, -0.010030694305896759, 7000.0, 7000.0, 7000.0, 7000.0, 0.6225261688232422, 1.9785985946655273
53365, 15.871728897094727, 0.9198151230812073, 0.02920972928404808, 3.395714044570923, 0.66257244348526, 0.0008172870147973299, 7000.0, 7000.0, 7000.0, 7000.0, 0.6206308603286743, 1.9768568277359009
53385, 15.939688682556152, 0.9331056475639343, 0.029233094304800034, 3.4008824825286865, 0.6667002439498901, 0.0008163757156580687, 7000.0, 7000.0, 7000.0, 7000.0, 0.6214094161987305, 2.0397493839263916
53405, 16.013025283813477, 0.9456700682640076, 0.029146458953619003, 3.4073069095611572, 0.6711545586585999, 0.00039709836710244417, 7000.0, 7000.0, 7000.0, 7000.0, 0.6224144101142883, 2.0385262966156006
53425, 16.08462905883789, 0.9598137736320496, 0.029149333015084267, 3.4125216007232666, 0.6763659715652466, -0.0001226090098498389, 7000.0, 7000.0, 7000.0, 7000.0, 0.6250616312026978, 2.04182767868042
53445, 16.15293312072754, 0.9733784198760986, 0.029136421158909798, 3.417952299118042, 0.6809357404708862, -0.0009500745800323784, 7000.0, 7000.0, 7000.0, 7000.0, 0.625159502029419, 2.0447611808776855
53465, 16.22283172607422, 0.9864500164985657, 0.029045093804597855, 3.4241135120391846, 0.6851708889007568, -0.0021557395812124014, 7000.0, 7000.0, 7000.0, 7000.0, 0.6269056797027588, 2.041093587875366
53485, 16.291370391845703, 1.0001906156539917, 0.029002072289586067, 3.430037021636963, 0.6897512674331665, -0.0028320332057774067, 7000.0, 7000.0, 7000.0, 7000.0, 0.6268301606178284, 2.0352931022644043
53505, 16.359848022460938, 1.0141258239746094, 0.028961358591914177, 3.4360783100128174, 0.6938140392303467, -0.0030337185598909855, 7000.0, 7000.0, 7000.0, 7000.0, 0.62642902135849, 2.0350394248962402
53525, 16.42862319946289, 1.0280481576919556, 0.028899889439344406, 3.442103385925293, 0.6983276009559631, -0.003429881064221263, 7000.0, 7000.0, 7000.0, 7000.0, 0.6282032132148743, 2.0418617725372314
53545, 16.497520446777344, 1.0420621633529663, 0.028828628361225128, 3.448124408721924, 0.7029394507408142, -0.0033785616979002953, 7000.0, 7000.0, 7000.0, 7000.0, 0.6307435035705566, 2.0479118824005127
53565, 16.53464126586914, 1.0703126192092896, 0.03026575595140457, 3.4452037811279297, 0.7099676132202148, 0.004051740746945143, 7000.0, 7000.0, 7000.0, 7000.0, 0.6311671137809753, 2.049508810043335
53585, 16.603601455688477, 1.084547758102417, 0.030336547642946243, 3.450880289077759, 0.7142637372016907, 0.003278395626693964, 7000.0, 7000.0, 7000.0, 7000.0, 0.6323304772377014, 2.064420461654663
53605, 16.67594337463379, 1.0971696376800537, 0.03023550845682621, 3.4574809074401855, 0.7180016040802002, 0.00199412414804101, 7000.0, 7000.0, 7000.0, 7000.0, 0.6330178380012512, 2.061098337173462
53625, 16.745141983032227, 1.111561894416809, 0.030285004526376724, 3.462855577468872, 0.7220206260681152, 0.0018498396966606379, 7000.0, 7000.0, 7000.0, 7000.0, 0.6324673295021057, 2.0644519329071045
53645, 16.814443588256836, 1.1260429620742798, 0.030334632843732834, 3.4680490493774414, 0.7263587713241577, 0.00230230949819088, 7000.0, 7000.0, 7000.0, 7000.0, 0.6298176050186157, 2.0643601417541504
53665, 16.924274444580078, 1.1245399713516235, 0.02879987098276615, 3.484222173690796, 0.7279128432273865, -0.005376910790801048, 7000.0, 7000.0, 7000.0, 7000.0, 0.6310393810272217, 2.071993589401245
53685, 16.99401092529297, 1.1391404867172241, 0.028683830052614212, 3.4893972873687744, 0.7323011159896851, -0.005221497267484665, 7000.0, 7000.0, 7000.0, 7000.0, 0.6323992013931274, 2.048711061477661
53705, 17.056928634643555, 1.1552313566207886, 0.028701066970825195, 3.4930522441864014, 0.7372519969940186, -0.005151950288563967, 7000.0, 7000.0, 7000.0, 7000.0, 0.6334225535392761, 2.0482053756713867
53725, 17.12685203552246, 1.1700177192687988, 0.02858930081129074, 3.499190330505371, 0.7417566180229187, -0.005786823108792305, 7000.0, 7000.0, 7000.0, 7000.0, 0.6353339552879333, 2.0487139225006104
53745, 17.1968936920166, 1.184889316558838, 0.028473589569330215, 3.5051395893096924, 0.745610773563385, -0.006533009000122547, 7000.0, 7000.0, 7000.0, 7000.0, 0.6361556649208069, 2.0480518341064453
53765, 17.212158203125, 1.2068754434585571, 0.029093140736222267, 3.4970831871032715, 0.7511932253837585, -0.003008815459907055, 7000.0, 7000.0, 7000.0, 7000.0, 0.6345318555831909, 2.0486996173858643
53785, 17.282146453857422, 1.22194242477417, 0.029037363827228546, 3.5024783611297607, 0.755222737789154, -0.002872290089726448, 7000.0, 7000.0, 7000.0, 7000.0, 0.6336619257926941, 2.071735143661499
53805, 17.353487014770508, 1.236930012702942, 0.02896159328520298, 3.507786750793457, 0.7598066926002502, -0.0026527857407927513, 7000.0, 7000.0, 7000.0, 7000.0, 0.6348721981048584, 2.0768685340881348
53825, 17.427209854125977, 1.2529438734054565, 0.028887329623103142, 3.5130696296691895, 0.7652411460876465, -0.0031963903456926346, 7000.0, 7000.0, 7000.0, 7000.0, 0.6365866661071777, 2.080146312713623
53845, 17.497526168823242, 1.2682973146438599, 0.028806356713175774, 3.5182137489318848, 0.7702909708023071, -0.004013098310679197, 7000.0, 7000.0, 7000.0, 7000.0, 0.6370834112167358, 2.078725576400757
53865, 17.635414123535156, 1.2748734951019287, 0.0278243999928236, 3.5408411026000977, 0.7733571529388428, -0.009286315180361271, 7000.0, 7000.0, 7000.0, 7000.0, 0.636984646320343, 2.0786705017089844
53885, 17.70629119873047, 1.2903825044631958, 0.027643125504255295, 3.5469954013824463, 0.7776769995689392, -0.009532353840768337, 7000.0, 7000.0, 7000.0, 7000.0, 0.6377605199813843, 2.0560405254364014
53905, 17.804588317871094, 1.3033140897750854, 0.027168868109583855, 3.5597341060638428, 0.7816518545150757, -0.010741330683231354, 7000.0, 7000.0, 7000.0, 7000.0, 0.636754035949707, 2.0600578784942627
53925, 17.875835418701172, 1.318995475769043, 0.02696066163480282, 3.5649073123931885, 0.7859588861465454, -0.010096789337694645, 7000.0, 7000.0, 7000.0, 7000.0, 0.635154664516449, 2.051386594772339
53945, 17.947187423706055, 1.334765076637268, 0.02675131894648075, 3.570028305053711, 0.7904163599014282, -0.009911872446537018, 7000.0, 7000.0, 7000.0, 7000.0, 0.6356761455535889, 2.0562968254089355
53965, 18.004470825195312, 1.351628065109253, 0.02665850706398487, 3.572202682495117, 0.7954891324043274, -0.00992563460022211, 7000.0, 7000.0, 7000.0, 7000.0, 0.6380404829978943, 2.0598208904266357
53985, 18.075979232788086, 1.3675923347473145, 0.026449577882885933, 3.577967643737793, 0.800384521484375, -0.010506000369787216, 7000.0, 7000.0, 7000.0, 7000.0, 0.6355446577072144, 2.057940721511841
54005, 18.061649322509766, 1.3892593383789062, 0.026944536715745926, 3.563098192214966, 0.8062964081764221, -0.007856333628296852, 7000.0, 7000.0, 7000.0, 7000.0, 0.635490894317627, 2.0564346313476562
54025, 18.132966995239258, 1.4054369926452637, 0.026792803779244423, 3.5688798427581787, 0.8109371066093445, -0.008114340715110302, 7000.0, 7000.0, 7000.0, 7000.0, 0.6357549428939819, 2.079713821411133
54045, 18.204395294189453, 1.421707034111023, 0.026636440306901932, 3.5740368366241455, 0.8155725598335266, -0.007949884049594402, 7000.0, 7000.0, 7000.0, 7000.0, 0.6382738351821899, 2.084219455718994
54065, 18.257816314697266, 1.4396170377731323, 0.026653705164790154, 3.5742931365966797, 0.8209642171859741, -0.007023476529866457, 7000.0, 7000.0, 7000.0, 7000.0, 0.6406839489936829, 2.086425542831421
54085, 18.329357147216797, 1.4560869932174683, 0.026501156389713287, 3.57955265045166, 0.8258206248283386, -0.007645211182534695, 7000.0, 7000.0, 7000.0, 7000.0, 0.6405512690544128, 2.091041088104248
54105, 18.38020896911621, 1.474686622619629, 0.026553792878985405, 3.580432891845703, 0.8306874632835388, -0.007575743366032839, 7000.0, 7000.0, 7000.0, 7000.0, 0.6407942175865173, 2.0934269428253174
54125, 18.45188331604004, 1.4913502931594849, 0.02639620192348957, 3.586585521697998, 0.8350517749786377, -0.008088292554020882, 7000.0, 7000.0, 7000.0, 7000.0, 0.641164243221283, 2.0907421112060547
54145, 18.5236759185791, 1.5081044435501099, 0.02623555436730385, 3.592461347579956, 0.8395383954048157, -0.008354545570909977, 7000.0, 7000.0, 7000.0, 7000.0, 0.6407391428947449, 2.0875179767608643
54165, 18.564332962036133, 1.5284397602081299, 0.0264426302164793, 3.5906784534454346, 0.8449335098266602, -0.006976576521992683, 7000.0, 7000.0, 7000.0, 7000.0, 0.6416946649551392, 2.0877535343170166
54185, 18.636199951171875, 1.5453985929489136, 0.02630295604467392, 3.5956292152404785, 0.8501417636871338, -0.007214002776890993, 7000.0, 7000.0, 7000.0, 7000.0, 0.642663836479187, 2.0998265743255615
54205, 18.619626998901367, 1.5757290124893188, 0.027371855452656746, 3.5785224437713623, 0.8574405312538147, -0.0009767987066879869, 7000.0, 7000.0, 7000.0, 7000.0, 0.6455699801445007, 2.1038222312927246
54225, 18.69124984741211, 1.5929275751113892, 0.027348283678293228, 3.5834174156188965, 0.8622071743011475, -0.0013011161936447024, 7000.0, 7000.0, 7000.0, 7000.0, 0.6458780765533447, 2.1283864974975586
54245, 18.762977600097656, 1.6102182865142822, 0.027321649715304375, 3.5889174938201904, 0.8665720820426941, -0.0015026809414848685, 7000.0, 7000.0, 7000.0, 7000.0, 0.6452771425247192, 2.124314785003662
54265, 18.820592880249023, 1.6316936016082764, 0.02762088179588318, 3.590146064758301, 0.8721323609352112, -0.0005745551316067576, 7000.0, 7000.0, 7000.0, 7000.0, 0.6441311240196228, 2.1248810291290283
54285, 18.892444610595703, 1.6491916179656982, 0.02760837972164154, 3.5951688289642334, 0.8772364258766174, -0.001166659640148282, 7000.0, 7000.0, 7000.0, 7000.0, 0.6447042226791382, 2.127709150314331
54305, 18.906932830810547, 1.6659979820251465, 0.028203319758176804, 3.592505931854248, 0.8813472986221313, 0.0019649844616651535, 7000.0, 7000.0, 7000.0, 7000.0, 0.6461039781570435, 2.1249749660491943
54325, 18.978832244873047, 1.683667778968811, 0.028238750994205475, 3.5978567600250244, 0.8858402967453003, 0.0012814800720661879, 7000.0, 7000.0, 7000.0, 7000.0, 0.6473373770713806, 2.141177177429199
54345, 19.050844192504883, 1.7014299631118774, 0.028261011466383934, 3.603800058364868, 0.8901373147964478, 0.000719068106263876, 7000.0, 7000.0, 7000.0, 7000.0, 0.6500946879386902, 2.138385772705078
54365, 19.113508224487305, 1.724108099937439, 0.02861940674483776, 3.607029438018799, 0.8954777717590332, 0.002042725682258606, 7000.0, 7000.0, 7000.0, 7000.0, 0.6493077874183655, 2.1357626914978027
54385, 19.185697555541992, 1.7420685291290283, 0.028660833835601807, 3.6118781566619873, 0.9006458520889282, 0.0023661241866648197, 7000.0, 7000.0, 7000.0, 7000.0, 0.6499677896499634, 2.1422536373138428
54405, 19.239625930786133, 1.7682268619537354, 0.029278194531798363, 3.6121721267700195, 0.9071580767631531, 0.005548676010221243, 7000.0, 7000.0, 7000.0, 7000.0, 0.6505003571510315, 2.1449806690216064
54425, 19.311922073364258, 1.7864121198654175, 0.02938186749815941, 3.6171998977661133, 0.9117286801338196, 0.004845808260142803, 7000.0, 7000.0, 7000.0, 7000.0, 0.6493401527404785, 2.1569159030914307
54445, 19.384315490722656, 1.8046883344650269, 0.029469141736626625, 3.6221210956573486, 0.9161128401756287, 0.0036807130090892315, 7000.0, 7000.0, 7000.0, 7000.0, 0.6520897150039673, 2.1605608463287354
54465, 19.448158264160156, 1.8264694213867188, 0.029774922877550125, 3.6251871585845947, 0.920895516872406, 0.004481355659663677, 7000.0, 7000.0, 7000.0, 7000.0, 0.6556382179260254, 2.1589431762695312
54485, 19.520715713500977, 1.8449430465698242, 0.029866641387343407, 3.630683660507202, 0.925524115562439, 0.004573836922645569, 7000.0, 7000.0, 7000.0, 7000.0, 0.6578579545021057, 2.1581592559814453
54505, 19.652225494384766, 1.844500184059143, 0.02869873121380806, 3.6503026485443115, 0.9268811941146851, -0.0017962054116651416, 7000.0, 7000.0, 7000.0, 7000.0, 0.6569356918334961, 2.1567468643188477
54525, 19.725296020507812, 1.8630931377410889, 0.028644850477576256, 3.6561787128448486, 0.9317705631256104, -0.00278518907725811, 7000.0, 7000.0, 7000.0, 7000.0, 0.655021071434021, 2.140162706375122
54545, 19.79848289489746, 1.8817771673202515, 0.028572939336299896, 3.661879062652588, 0.9364649653434753, -0.003708653384819627, 7000.0, 7000.0, 7000.0, 7000.0, 0.6540902853012085, 2.144094944000244
54565, 19.81056785583496, 1.9106711149215698, 0.029180461540818214, 3.653067111968994, 0.9428451657295227, -0.0007229119073599577, 7000.0, 7000.0, 7000.0, 7000.0, 0.655995786190033, 2.149258613586426
54585, 19.88368034362793, 1.9295774698257446, 0.029170630499720573, 3.6581192016601562, 0.947621762752533, -0.0012252235319465399, 7000.0, 7000.0, 7000.0, 7000.0, 0.6581660509109497, 2.168776750564575
54605, 19.922718048095703, 1.9542372226715088, 0.029513409361243248, 3.654754877090454, 0.9533178210258484, 0.000610952265560627, 7000.0, 7000.0, 7000.0, 7000.0, 0.6603960394859314, 2.1647591590881348
54625, 19.99952507019043, 1.9743168354034424, 0.02952677756547928, 3.660191297531128, 0.9582037329673767, 0.0006852734368294477, 7000.0, 7000.0, 7000.0, 7000.0, 0.6607584953308105, 2.1734142303466797
54645, 20.072790145874023, 1.993536114692688, 0.029527856037020683, 3.665666103363037, 0.9630114436149597, 0.0005467701703310013, 7000.0, 7000.0, 7000.0, 7000.0, 0.6605623364448547, 2.1681227684020996
54665, 20.084197998046875, 2.0243046283721924, 0.03022446110844612, 3.656093120574951, 0.9700753688812256, 0.004190412349998951, 7000.0, 7000.0, 7000.0, 7000.0, 0.6595603823661804, 2.1750130653381348
54685, 20.157379150390625, 2.0437629222869873, 0.030299028381705284, 3.661376714706421, 0.9754416346549988, 0.003233234165236354, 7000.0, 7000.0, 7000.0, 7000.0, 0.6608035564422607, 2.1978671550750732
54705, 20.273597717285156, 2.053375244140625, 0.029781192541122437, 3.67661190032959, 0.9786456823348999, -0.0007562472019344568, 7000.0, 7000.0, 7000.0, 7000.0, 0.6630502343177795, 2.1998984813690186
54725, 20.347185134887695, 2.073003053665161, 0.02977035380899906, 3.6821773052215576, 0.9834668040275574, -0.001464555156417191, 7000.0, 7000.0, 7000.0, 7000.0, 0.6641003489494324, 2.19037127494812
54745, 20.42087745666504, 2.09273099899292, 0.02974870800971985, 3.6874170303344727, 0.9884887337684631, -0.0012814977671951056, 7000.0, 7000.0, 7000.0, 7000.0, 0.663780152797699, 2.187154531478882
54765, 20.484405517578125, 2.114675283432007, 0.029850466176867485, 3.689924478530884, 0.9937173128128052, -0.0001299657888012007, 7000.0, 7000.0, 7000.0, 7000.0, 0.6649054884910583, 2.186471462249756
54785, 20.558258056640625, 2.1346025466918945, 0.029835635796189308, 3.6947665214538574, 0.9987251162528992, -0.00043879589065909386, 7000.0, 7000.0, 7000.0, 7000.0, 0.6634382605552673, 2.189884901046753
54805, 20.664438247680664, 2.1485133171081543, 0.029453489929437637, 3.7068984508514404, 1.0028815269470215, -0.00335704511962831, 7000.0, 7000.0, 7000.0, 7000.0, 0.6621134877204895, 2.1973674297332764
54825, 20.738636016845703, 2.1686179637908936, 0.0293814055621624, 3.7125988006591797, 1.0078579187393188, -0.004299139603972435, 7000.0, 7000.0, 7000.0, 7000.0, 0.6625013947486877, 2.1934385299682617
54845, 20.812944412231445, 2.188823699951172, 0.029302656650543213, 3.7184557914733887, 1.012945532798767, -0.004662573337554932, 7000.0, 7000.0, 7000.0, 7000.0, 0.6634355187416077, 2.1955127716064453
54865, 20.690963745117188, 2.239034652709961, 0.030980542302131653, 3.6799442768096924, 1.0233204364776611, 0.004383247811347246, 7000.0, 7000.0, 7000.0, 7000.0, 0.6648396849632263, 2.194253444671631
54885, 20.764610290527344, 2.2595527172088623, 0.03107665665447712, 3.6847310066223145, 1.028124451637268, 0.0049072387628257275, 7000.0, 7000.0, 7000.0, 7000.0, 0.6671830415725708, 2.239842176437378
54905, 20.87405014038086, 2.271318197250366, 0.030688662081956863, 3.6970410346984863, 1.0316420793533325, 0.0025318486150354147, 7000.0, 7000.0, 7000.0, 7000.0, 0.6668072938919067, 2.2409720420837402
54925, 20.94804573059082, 2.292008399963379, 0.030730845406651497, 3.7020022869110107, 1.0372247695922852, 0.0023094916250556707, 7000.0, 7000.0, 7000.0, 7000.0, 0.6676153540611267, 2.236727714538574
54945, 21.022144317626953, 2.312803268432617, 0.030767539516091347, 3.7076480388641357, 1.042364239692688, 0.0015050923684611917, 7000.0, 7000.0, 7000.0, 7000.0, 0.6684951186180115, 2.2428648471832275
54965, 21.17633628845215, 2.308901309967041, 0.029498491436243057, 3.7307658195495605, 1.042616605758667, -0.006060769781470299, 7000.0, 7000.0, 7000.0, 7000.0, 0.6691072583198547, 2.2487475872039795
54985, 21.250993728637695, 2.329802989959717, 0.02937893010675907, 3.73553204536438, 1.0478239059448242, -0.007067100144922733, 7000.0, 7000.0, 7000.0, 7000.0, 0.6695569753646851, 2.225912570953369
55005, 21.418474197387695, 2.3327276706695557, 0.028242047876119614, 3.7606241703033447, 1.0500426292419434, -0.012169212102890015, 7000.0, 7000.0, 7000.0, 7000.0, 0.6701670289039612, 2.220571756362915
55025, 21.493732452392578, 2.3537774085998535, 0.027999598532915115, 3.76554012298584, 1.055367112159729, -0.012228492647409439, 7000.0, 7000.0, 7000.0, 7000.0, 0.6722181439399719, 2.193340539932251
55045, 21.569093704223633, 2.3749258518218994, 0.02775461971759796, 3.770448684692383, 1.0601832866668701, -0.011812517419457436, 7000.0, 7000.0, 7000.0, 7000.0, 0.6725332140922546, 2.1953656673431396
55065, 21.548290252685547, 2.4080142974853516, 0.02815661020576954, 3.7539498805999756, 1.067169427871704, -0.009147758595645428, 7000.0, 7000.0, 7000.0, 7000.0, 0.6744610667228699, 2.1989123821258545
55085, 21.623414993286133, 2.429400682449341, 0.0279703252017498, 3.758643388748169, 1.0719809532165527, -0.009533263742923737, 7000.0, 7000.0, 7000.0, 7000.0, 0.6763240694999695, 2.2247252464294434
55105, 21.690797805786133, 2.4518988132476807, 0.027833526954054832, 3.762070417404175, 1.077298879623413, -0.009957002475857735, 7000.0, 7000.0, 7000.0, 7000.0, 0.6777719855308533, 2.2268738746643066
55125, 21.766084671020508, 2.473496437072754, 0.02764142118394375, 3.7672839164733887, 1.0826078653335571, -0.009959327057003975, 7000.0, 7000.0, 7000.0, 7000.0, 0.6794190406799316, 2.2251899242401123
55145, 21.841476440429688, 2.495197296142578, 0.0274459570646286, 3.7723944187164307, 1.0876524448394775, -0.010114147327840328, 7000.0, 7000.0, 7000.0, 7000.0, 0.6798884272575378, 2.2232048511505127
55165, 21.740867614746094, 2.5414323806762695, 0.028504302725195885, 3.7397067546844482, 1.096901297569275, -0.0037315774243324995, 7000.0, 7000.0, 7000.0, 7000.0, 0.6813822388648987, 2.224830389022827
55185, 21.815711975097656, 2.5634138584136963, 0.028423385694622993, 3.7447597980499268, 1.1018996238708496, -0.004089846275746822, 7000.0, 7000.0, 7000.0, 7000.0, 0.6836260557174683, 2.2644381523132324
55205, 21.865211486816406, 2.5911262035369873, 0.028607776388525963, 3.7438220977783203, 1.107987403869629, -0.002968355780467391, 7000.0, 7000.0, 7000.0, 7000.0, 0.6848859786987305, 2.267618417739868
55225, 21.94013023376465, 2.6133322715759277, 0.02854849025607109, 3.7487077713012695, 1.113155484199524, -0.0032167970202863216, 7000.0, 7000.0, 7000.0, 7000.0, 0.6870759725570679, 2.280031681060791
55245, 22.015148162841797, 2.6356470584869385, 0.02848425880074501, 3.7535879611968994, 1.1185638904571533, -0.00378519669175148, 7000.0, 7000.0, 7000.0, 7000.0, 0.6889564394950867, 2.279663324356079
55265, 22.027616500854492, 2.685357093811035, 0.029606731608510017, 3.744741201400757, 1.1288206577301025, 0.0019298067782074213, 7000.0, 7000.0, 7000.0, 7000.0, 0.6889864802360535, 2.276787042617798
55285, 22.102558135986328, 2.7079806327819824, 0.02964499406516552, 3.749645709991455, 1.1340667009353638, 0.0022247147280722857, 7000.0, 7000.0, 7000.0, 7000.0, 0.6894803047180176, 2.2958948612213135
55305, 22.154584884643555, 2.754520893096924, 0.030693134292960167, 3.7491843700408936, 1.1427806615829468, 0.007438926957547665, 7000.0, 7000.0, 7000.0, 7000.0, 0.6919713020324707, 2.2987923622131348
55325, 22.229616165161133, 2.777418851852417, 0.030836934223771095, 3.7537572383880615, 1.1473898887634277, 0.0069219619035720825, 7000.0, 7000.0, 7000.0, 7000.0, 0.6940767168998718, 2.3163437843322754
55345, 22.304733276367188, 2.800417423248291, 0.030967656522989273, 3.7582380771636963, 1.1523960828781128, 0.00616125762462616, 7000.0, 7000.0, 7000.0, 7000.0, 0.6964219808578491, 2.319021463394165
55365, 22.37856674194336, 2.811310052871704, 0.030613897368311882, 3.763099193572998, 1.155709147453308, 0.0037893950939178467, 7000.0, 7000.0, 7000.0, 7000.0, 0.6967222094535828, 2.3183937072753906
55385, 22.45387840270996, 2.834481716156006, 0.030686743557453156, 3.7681093215942383, 1.1610004901885986, 0.003453209064900875, 7000.0, 7000.0, 7000.0, 7000.0, 0.6968832612037659, 2.321291208267212
55405, 22.532180786132812, 2.874112606048584, 0.03129976615309715, 3.772242784500122, 1.1686033010482788, 0.005586912389844656, 7000.0, 7000.0, 7000.0, 7000.0, 0.6963247060775757, 2.319197654724121
55425, 22.607667922973633, 2.8975303173065186, 0.03140997886657715, 3.776421308517456, 1.1735109090805054, 0.005751579534262419, 7000.0, 7000.0, 7000.0, 7000.0, 0.6967703104019165, 2.318208932876587
55445, 22.683238983154297, 2.9210474491119385, 0.031519919633865356, 3.780508279800415, 1.1786426305770874, 0.005249917972832918, 7000.0, 7000.0, 7000.0, 7000.0, 0.6972822546958923, 2.318993091583252
55465, 22.787832260131836, 2.9117908477783203, 0.030402280390262604, 3.7914631366729736, 1.1784621477127075, -0.0018533668480813503, 7000.0, 7000.0, 7000.0, 7000.0, 0.6987195611000061, 2.3224048614501953
55485, 22.86370849609375, 2.9354159832000732, 0.030366430059075356, 3.7963967323303223, 1.1834383010864258, -0.0020329176913946867, 7000.0, 7000.0, 7000.0, 7000.0, 0.693487823009491, 2.3058414459228516
55505, 22.922441482543945, 2.966768503189087, 0.030609095469117165, 3.7971408367156982, 1.1898506879806519, -0.0007084902026690543, 7000.0, 7000.0, 7000.0, 7000.0, 0.691591739654541, 2.307643175125122
55525, 22.998432159423828, 2.990626096725464, 0.030586421489715576, 3.801579475402832, 1.1951937675476074, -0.0009264495456591249, 7000.0, 7000.0, 7000.0, 7000.0, 0.6930375099182129, 2.3095014095306396
55545, 23.07452392578125, 3.014586925506592, 0.030554218217730522, 3.806779623031616, 1.200583815574646, -0.0013742861337959766, 7000.0, 7000.0, 7000.0, 7000.0, 0.6946925520896912, 2.311168909072876
55565, 23.176156997680664, 3.0321829319000244, 0.030262041836977005, 3.817150592803955, 1.2050251960754395, -0.003402555361390114, 7000.0, 7000.0, 7000.0, 7000.0, 0.6953619718551636, 2.3094067573547363
55585, 23.252552032470703, 3.0563387870788574, 0.030197257176041603, 3.8222174644470215, 1.2100281715393066, -0.003706406569108367, 7000.0, 7000.0, 7000.0, 7000.0, 0.6974039077758789, 2.303720712661743
55605, 23.450822830200195, 3.0566956996917725, 0.02918953262269497, 3.853139638900757, 1.2108615636825562, -0.008453641086816788, 7000.0, 7000.0, 7000.0, 7000.0, 0.7009356021881104, 2.3044862747192383
55625, 23.527936935424805, 3.0809738636016846, 0.029027236625552177, 3.8582980632781982, 1.215828537940979, -0.008119635283946991, 7000.0, 7000.0, 7000.0, 7000.0, 0.699183464050293, 2.2804582118988037
55645, 23.605154037475586, 3.105349540710449, 0.028861472383141518, 3.8629443645477295, 1.2209314107894897, -0.00795599166303873, 7000.0, 7000.0, 7000.0, 7000.0, 0.7014195919036865, 2.28121018409729
55665, 23.850521087646484, 3.1079275608062744, 0.027850264683365822, 3.9016616344451904, 1.222826361656189, -0.012683366425335407, 7000.0, 7000.0, 7000.0, 7000.0, 0.7024280428886414, 2.285661458969116
55685, 23.928607940673828, 3.1324410438537598, 0.02758694253861904, 3.9064624309539795, 1.2285839319229126, -0.01320879440754652, 7000.0, 7000.0, 7000.0, 7000.0, 0.7064204812049866, 2.254490613937378
55705, 24.059797286987305, 3.151599645614624, 0.027123842388391495, 3.9223363399505615, 1.2329628467559814, -0.014801345765590668, 7000.0, 7000.0, 7000.0, 7000.0, 0.7094675898551941, 2.249220132827759
55725, 24.138290405273438, 3.1763124465942383, 0.026836885139346123, 3.9270684719085693, 1.237886905670166, -0.015007761307060719, 7000.0, 7000.0, 7000.0, 7000.0, 0.7083390951156616, 2.23997163772583
55745, 24.216876983642578, 3.2011287212371826, 0.026545828208327293, 3.9318172931671143, 1.242981195449829, -0.01493524294346571, 7000.0, 7000.0, 7000.0, 7000.0, 0.7091460824012756, 2.2440526485443115
55765, 23.898330688476562, 3.2619478702545166, 0.027479540556669235, 3.8554093837738037, 1.2553390264511108, -0.008597226813435555, 7000.0, 7000.0, 7000.0, 7000.0, 0.711329996585846, 2.242978811264038
55785, 23.97549057006836, 3.2871177196502686, 0.027296138927340508, 3.860171318054199, 1.260979413986206, -0.00889655388891697, 7000.0, 7000.0, 7000.0, 7000.0, 0.71247398853302, 2.311518907546997
55805, 23.87004852294922, 3.335979700088501, 0.027883781120181084, 3.8278472423553467, 1.2707562446594238, -0.005393509287387133, 7000.0, 7000.0, 7000.0, 7000.0, 0.7168834805488586, 2.3095200061798096
55825, 23.946664810180664, 3.361448049545288, 0.027767816558480263, 3.833399534225464, 1.2761958837509155, -0.006525114644318819, 7000.0, 7000.0, 7000.0, 7000.0, 0.7183070182800293, 2.338876962661743
55845, 24.023386001586914, 3.3870205879211426, 0.027644438669085503, 3.8387720584869385, 1.2812668085098267, -0.007198368199169636, 7000.0, 7000.0, 7000.0, 7000.0, 0.7199240922927856, 2.336341619491577
55865, 23.904088973999023, 3.468869209289551, 0.02960476092994213, 3.8038229942321777, 1.2958379983901978, 0.003797522746026516, 7000.0, 7000.0, 7000.0, 7000.0, 0.7202390432357788, 2.3366587162017822
55885, 23.980207443237305, 3.494837999343872, 0.02969224937260151, 3.8084309101104736, 1.3009405136108398, 0.004221824463456869, 7000.0, 7000.0, 7000.0, 7000.0, 0.7192122936248779, 2.3867056369781494
55905, 24.051633834838867, 3.511906147003174, 0.029457462951540947, 3.8119750022888184, 1.3052732944488525, 0.0030347576830536127, 7000.0, 7000.0, 7000.0, 7000.0, 0.7207085490226746, 2.396108627319336
55925, 24.127918243408203, 3.5380616188049316, 0.029507575556635857, 3.8161566257476807, 1.3105217218399048, 0.0027256812900304794, 7000.0, 7000.0, 7000.0, 7000.0, 0.7210809588432312, 2.397763729095459
55945, 24.204288482666016, 3.5643184185028076, 0.0295458622276783, 3.820539712905884, 1.315649390220642, 0.0013748110504820943, 7000.0, 7000.0, 7000.0, 7000.0, 0.7211934924125671, 2.395258665084839
55965, 24.298179626464844, 3.5971624851226807, 0.029781678691506386, 3.8282856941223145, 1.3213913440704346, 0.0017862460808828473, 7000.0, 7000.0, 7000.0, 7000.0, 0.7222262024879456, 2.389805555343628
55985, 24.37478256225586, 3.62363862991333, 0.029823418706655502, 3.8328804969787598, 1.3265942335128784, 0.0011371133150532842, 7000.0, 7000.0, 7000.0, 7000.0, 0.724057674407959, 2.389010190963745
56005, 24.419918060302734, 3.6380984783172607, 0.02949323132634163, 3.831265687942505, 1.3300633430480957, -0.0006084542837925255, 7000.0, 7000.0, 7000.0, 7000.0, 0.7243800163269043, 2.392115592956543
56025, 24.49658203125, 3.6647520065307617, 0.02948443777859211, 3.835601806640625, 1.3354418277740479, -0.0003663287789095193, 7000.0, 7000.0, 7000.0, 7000.0, 0.7248482704162598, 2.39300799369812
56045, 24.57333755493164, 3.691512107849121, 0.029470294713974, 3.8401405811309814, 1.3409067392349243, -0.00046495674178004265, 7000.0, 7000.0, 7000.0, 7000.0, 0.7252273559570312, 2.4005937576293945
56065, 24.63735580444336, 3.7103066444396973, 0.029231831431388855, 3.8425323963165283, 1.3448939323425293, -0.002296779304742813, 7000.0, 7000.0, 7000.0, 7000.0, 0.7260957360267639, 2.4043655395507812
56085, 24.714252471923828, 3.7372517585754395, 0.0291778314858675, 3.8472633361816406, 1.3504441976547241, -0.00317721301689744, 7000.0, 7000.0, 7000.0, 7000.0, 0.7266930341720581, 2.402090072631836
56105, 24.812694549560547, 3.796771764755249, 0.029910678043961525, 3.8565573692321777, 1.3607840538024902, -0.00011355578317306936, 7000.0, 7000.0, 7000.0, 7000.0, 0.7276338934898376, 2.3998703956604004
56125, 24.889867782592773, 3.8240325450897217, 0.02991553582251072, 3.8614587783813477, 1.3657453060150146, -0.00040158230694942176, 7000.0, 7000.0, 7000.0, 7000.0, 0.7277235388755798, 2.4035680294036865
56145, 24.967138290405273, 3.85139799118042, 0.02991383895277977, 3.865995168685913, 1.3712011575698853, -0.00016085291281342506, 7000.0, 7000.0, 7000.0, 7000.0, 0.7278480529785156, 2.407938003540039
56165, 25.053922653198242, 3.8631491661071777, 0.029490312561392784, 3.872454881668091, 1.374269723892212, -0.0019771354272961617, 7000.0, 7000.0, 7000.0, 7000.0, 0.7297962307929993, 2.4128191471099854
56185, 25.13529396057129, 3.892066478729248, 0.029438907280564308, 3.8769643306732178, 1.379994511604309, -0.002092849463224411, 7000.0, 7000.0, 7000.0, 7000.0, 0.7312829494476318, 2.4127745628356934
56205, 25.226255416870117, 3.9122397899627686, 0.02920340932905674, 3.8839941024780273, 1.384157657623291, -0.003378344466909766, 7000.0, 7000.0, 7000.0, 7000.0, 0.7315970063209534, 2.411816358566284
56225, 25.303977966308594, 3.939973831176758, 0.029134061187505722, 3.888523817062378, 1.389343500137329, -0.0037583070807158947, 7000.0, 7000.0, 7000.0, 7000.0, 0.7303659915924072, 2.4098193645477295
56245, 25.38178253173828, 3.96781849861145, 0.02906585857272148, 3.8924460411071777, 1.3951222896575928, -0.003758508013561368, 7000.0, 7000.0, 7000.0, 7000.0, 0.7323252558708191, 2.4093220233917236
56265, 25.513492584228516, 3.975780725479126, 0.02848893217742443, 3.906647205352783, 1.3977152109146118, -0.006094259675592184, 7000.0, 7000.0, 7000.0, 7000.0, 0.7342978715896606, 2.4129505157470703
56285, 25.591659545898438, 4.003790855407715, 0.028364134952425957, 3.910227060317993, 1.4034723043441772, -0.00625224132090807, 7000.0, 7000.0, 7000.0, 7000.0, 0.7362320423126221, 2.409412145614624
56305, 25.546876907348633, 4.064978122711182, 0.029010722413659096, 3.8900771141052246, 1.41497802734375, -0.0022961122449487448, 7000.0, 7000.0, 7000.0, 7000.0, 0.7377944588661194, 2.4113810062408447
56325, 25.62472152709961, 4.093329906463623, 0.028948260471224785, 3.8941659927368164, 1.4202911853790283, -0.0031434951815754175, 7000.0, 7000.0, 7000.0, 7000.0, 0.736217200756073, 2.437131404876709
56345, 25.702648162841797, 4.121791362762451, 0.028878003358840942, 3.898228406906128, 1.425633192062378, -0.0036455353256314993, 7000.0, 7000.0, 7000.0, 7000.0, 0.737005889415741, 2.43794322013855
56365, 25.638261795043945, 4.189311504364014, 0.029820101335644722, 3.8746132850646973, 1.4376107454299927, 0.0005733571015298367, 7000.0, 7000.0, 7000.0, 7000.0, 0.7355594038963318, 2.4364631175994873
56385, 25.715797424316406, 4.2181291580200195, 0.029832616448402405, 3.878915786743164, 1.4434839487075806, 0.0003848385822493583, 7000.0, 7000.0, 7000.0, 7000.0, 0.7355455756187439, 2.4669787883758545
56405, 25.83003044128418, 4.233083724975586, 0.029457030817866325, 3.8905606269836426, 1.4471811056137085, -0.0019612470641732216, 7000.0, 7000.0, 7000.0, 7000.0, 0.7381500601768494, 2.4685447216033936
56425, 25.90789031982422, 4.262085914611816, 0.029410280287265778, 3.894991159439087, 1.452479600906372, -0.002470313338562846, 7000.0, 7000.0, 7000.0, 7000.0, 0.7411060333251953, 2.460685968399048
56445, 25.985841751098633, 4.291193962097168, 0.029349951073527336, 3.8997926712036133, 1.4579664468765259, -0.0030507822521030903, 7000.0, 7000.0, 7000.0, 7000.0, 0.7399150133132935, 2.4609243869781494
56465, 26.120059967041016, 4.298465251922607, 0.028645243495702744, 3.91532826423645, 1.4600467681884766, -0.006232812535017729, 7000.0, 7000.0, 7000.0, 7000.0, 0.7414150834083557, 2.4607772827148438
56485, 26.198413848876953, 4.327730178833008, 0.02852001041173935, 3.9200518131256104, 1.4656662940979004, -0.006725845858454704, 7000.0, 7000.0, 7000.0, 7000.0, 0.7411248683929443, 2.4456114768981934
56505, 26.191082000732422, 4.382870197296143, 0.02908199653029442, 3.9080722332000732, 1.4754801988601685, -0.0033660917542874813, 7000.0, 7000.0, 7000.0, 7000.0, 0.7421897649765015, 2.451610803604126
56525, 26.269289016723633, 4.412442684173584, 0.029015742242336273, 3.912343740463257, 1.4812240600585938, -0.003328987630084157, 7000.0, 7000.0, 7000.0, 7000.0, 0.7420569658279419, 2.4680206775665283
56545, 26.34758186340332, 4.4421257972717285, 0.02894066832959652, 3.9162909984588623, 1.4868844747543335, -0.003808460431173444, 7000.0, 7000.0, 7000.0, 7000.0, 0.7438918352127075, 2.470651149749756
56565, 26.42669677734375, 4.474441051483154, 0.02888648957014084, 3.9195361137390137, 1.493152379989624, -0.003678656183183193, 7000.0, 7000.0, 7000.0, 7000.0, 0.7454537153244019, 2.4712533950805664
56585, 26.505130767822266, 4.504363536834717, 0.028811778873205185, 3.923224925994873, 1.4986742734909058, -0.003743842476978898, 7000.0, 7000.0, 7000.0, 7000.0, 0.7446867823600769, 2.472806930541992
56605, 26.627016067504883, 4.520362377166748, 0.02838834933936596, 3.935577869415283, 1.5020837783813477, -0.005618810188025236, 7000.0, 7000.0, 7000.0, 7000.0, 0.7459139227867126, 2.472560167312622
56625, 26.705768585205078, 4.5504679679870605, 0.028271878138184547, 3.9397335052490234, 1.5073155164718628, -0.006356296129524708, 7000.0, 7000.0, 7000.0, 7000.0, 0.7477046847343445, 2.4625980854034424
56645, 26.784610748291016, 4.5806732177734375, 0.028143437579274178, 3.9443278312683105, 1.512537956237793, -0.0065828245133161545, 7000.0, 7000.0, 7000.0, 7000.0, 0.7510809302330017, 2.464958667755127
56665, 26.73927879333496, 4.645889759063721, 0.028905697166919708, 3.9248533248901367, 1.5234923362731934, -0.0021250825375318527, 7000.0, 7000.0, 7000.0, 7000.0, 0.7525432705879211, 2.4635987281799316
56685, 26.817819595336914, 4.676414489746094, 0.028858153149485588, 3.928781747817993, 1.5294854640960693, -0.0024193108547478914, 7000.0, 7000.0, 7000.0, 7000.0, 0.7540468573570251, 2.4851794242858887
56705, 26.887231826782227, 4.7103095054626465, 0.02888173796236515, 3.9308533668518066, 1.5358294248580933, -0.0028457986190915108, 7000.0, 7000.0, 7000.0, 7000.0, 0.7560317516326904, 2.4800174236297607
56725, 26.965883255004883, 4.741076469421387, 0.028828591108322144, 3.934612989425659, 1.5410795211791992, -0.0033780119847506285, 7000.0, 7000.0, 7000.0, 7000.0, 0.7565008401870728, 2.4820475578308105
56745, 27.04461097717285, 4.771955966949463, 0.028773384168744087, 3.9385852813720703, 1.5466639995574951, -0.003010257612913847, 7000.0, 7000.0, 7000.0, 7000.0, 0.7567040324211121, 2.4816887378692627
56765, 27.111623764038086, 4.807552337646484, 0.028822049498558044, 3.939857006072998, 1.5530483722686768, -0.0025803030002862215, 7000.0, 7000.0, 7000.0, 7000.0, 0.7584479451179504, 2.487090587615967
56785, 27.190460205078125, 4.83867073059082, 0.02876385487616062, 3.9436001777648926, 1.55900239944458, -0.002768286969512701, 7000.0, 7000.0, 7000.0, 7000.0, 0.7591975331306458, 2.491150379180908
56805, 27.20170783996582, 4.896341323852539, 0.029275262728333473, 3.9352712631225586, 1.5692875385284424, -0.00027403232525102794, 7000.0, 7000.0, 7000.0, 7000.0, 0.7610628604888916, 2.490318775177002
56825, 27.280460357666016, 4.927773952484131, 0.029263485223054886, 3.94012451171875, 1.5745329856872559, -0.0012438892154023051, 7000.0, 7000.0, 7000.0, 7000.0, 0.7611145377159119, 2.504178524017334
56845, 27.35930633544922, 4.95931339263916, 0.029247811064124107, 3.944761037826538, 1.579766869544983, -0.0015567908994853497, 7000.0, 7000.0, 7000.0, 7000.0, 0.7621890306472778, 2.5002729892730713
56865, 27.402626037597656, 5.006815433502197, 0.029585624113678932, 3.9418392181396484, 1.587916612625122, 9.359865362057462e-05, 7000.0, 7000.0, 7000.0, 7000.0, 0.7626867890357971, 2.501767635345459
56885, 27.481489181518555, 5.038633346557617, 0.029596569016575813, 3.94525146484375, 1.593934178352356, 0.0005464490968734026, 7000.0, 7000.0, 7000.0, 7000.0, 0.7642428874969482, 2.515146017074585
56905, 27.628952026367188, 5.036113739013672, 0.028882291167974472, 3.9617133140563965, 1.5947967767715454, -0.003062306670472026, 7000.0, 7000.0, 7000.0, 7000.0, 0.7652645111083984, 2.5146238803863525
56925, 27.708227157592773, 5.068061828613281, 0.028808172792196274, 3.9658961296081543, 1.6008530855178833, -0.0036227491218596697, 7000.0, 7000.0, 7000.0, 7000.0, 0.7655580043792725, 2.501828908920288
56945, 27.7875919342041, 5.10012674331665, 0.028726769611239433, 3.970564126968384, 1.6066263914108276, -0.004402135033160448, 7000.0, 7000.0, 7000.0, 7000.0, 0.7658172249794006, 2.4978435039520264
56965, 27.850994110107422, 5.1385498046875, 0.02876756712794304, 3.9721357822418213, 1.61307954788208, -0.004472538363188505, 7000.0, 7000.0, 7000.0, 7000.0, 0.7654567360877991, 2.4977922439575195
56985, 27.9344539642334, 5.172478675842285, 0.02868630737066269, 3.9772660732269287, 1.6187655925750732, -0.00447317399084568, 7000.0, 7000.0, 7000.0, 7000.0, 0.7660813331604004, 2.4982032775878906
57005, 27.988630294799805, 5.213251113891602, 0.02876410447061062, 3.977177381515503, 1.6258798837661743, -0.0036461600102484226, 7000.0, 7000.0, 7000.0, 7000.0, 0.7644990682601929, 2.4973461627960205
57025, 28.068214416503906, 5.245828151702881, 0.028683241456747055, 3.9815378189086914, 1.6316370964050293, -0.003807799192145467, 7000.0, 7000.0, 7000.0, 7000.0, 0.7650918960571289, 2.4972782135009766
57045, 28.147890090942383, 5.27851676940918, 0.028593074530363083, 3.985821008682251, 1.6372668743133545, -0.0040753548964858055, 7000.0, 7000.0, 7000.0, 7000.0, 0.7654533386230469, 2.5004026889801025
57065, 28.27481460571289, 5.297523021697998, 0.028211334720253944, 3.9990503787994385, 1.6406488418579102, -0.006175563205033541, 7000.0, 7000.0, 7000.0, 7000.0, 0.7660824656486511, 2.4974331855773926
57085, 28.354839324951172, 5.330389022827148, 0.028088025748729706, 4.003535270690918, 1.646454930305481, -0.0066400920040905476, 7000.0, 7000.0, 7000.0, 7000.0, 0.7665876746177673, 2.485722303390503
57105, 28.066410064697266, 5.458424091339111, 0.02979341894388199, 3.940047025680542, 1.6676819324493408, 0.0026132448110729456, 7000.0, 7000.0, 7000.0, 7000.0, 0.7664071321487427, 2.4796833992004395
57125, 28.145238876342773, 5.491836071014404, 0.029855545610189438, 3.943485975265503, 1.6735892295837402, 0.0029285026248544455, 7000.0, 7000.0, 7000.0, 7000.0, 0.7650511264801025, 2.5359416007995605
57145, 28.224138259887695, 5.52536678314209, 0.02991424687206745, 3.946765899658203, 1.6793924570083618, 0.0031223883852362633, 7000.0, 7000.0, 7000.0, 7000.0, 0.7653037905693054, 2.5396618843078613
57165, 28.255632400512695, 5.582301616668701, 0.03048522397875786, 3.94159197807312, 1.688506007194519, 0.0054198456928133965, 7000.0, 7000.0, 7000.0, 7000.0, 0.7652236819267273, 2.545921564102173
57185, 28.33450698852539, 5.616130828857422, 0.0305800698697567, 3.9452531337738037, 1.6942970752716064, 0.005081044975668192, 7000.0, 7000.0, 7000.0, 7000.0, 0.766518771648407, 2.555121898651123
57205, 28.45844841003418, 5.575014114379883, 0.029025709256529808, 3.9569976329803467, 1.6893516778945923, -0.0037509731482714415, 7000.0, 7000.0, 7000.0, 7000.0, 0.7686688303947449, 2.550835609436035
57225, 28.537620544433594, 5.608863353729248, 0.028954235836863518, 3.9604475498199463, 1.6952110528945923, -0.004119552206248045, 7000.0, 7000.0, 7000.0, 7000.0, 0.7676311135292053, 2.530642509460449
57245, 28.61686134338379, 5.6428303718566895, 0.028881056234240532, 3.9640185832977295, 1.7007092237472534, -0.0039965189062058926, 7000.0, 7000.0, 7000.0, 7000.0, 0.7677431702613831, 2.533048152923584
57265, 28.654563903808594, 5.720217704772949, 0.029817745089530945, 3.9603590965270996, 1.7123160362243652, 0.0016778173157945275, 7000.0, 7000.0, 7000.0, 7000.0, 0.7680947184562683, 2.5344583988189697
57285, 28.733814239501953, 5.75452184677124, 0.029844867065548897, 3.964301586151123, 1.7175832986831665, 0.0016612984472885728, 7000.0, 7000.0, 7000.0, 7000.0, 0.7700483202934265, 2.5481367111206055
57305, 28.8540096282959, 5.7476487159729, 0.02902594581246376, 3.975595712661743, 1.71754789352417, -0.00317120598629117, 7000.0, 7000.0, 7000.0, 7000.0, 0.7712492346763611, 2.5435543060302734
57325, 28.933563232421875, 5.78205680847168, 0.02895580604672432, 3.9792449474334717, 1.7231413125991821, -0.0033426890149712563, 7000.0, 7000.0, 7000.0, 7000.0, 0.7705760598182678, 2.530224323272705
57345, 29.01319122314453, 5.816580772399902, 0.028892822563648224, 3.983182907104492, 1.7288669347763062, -0.0034739812836050987, 7000.0, 7000.0, 7000.0, 7000.0, 0.7706015110015869, 2.530398368835449
57365, 29.049182891845703, 5.880462169647217, 0.02935640513896942, 3.978790521621704, 1.739201545715332, -0.0010336145060136914, 7000.0, 7000.0, 7000.0, 7000.0, 0.7716615796089172, 2.5275940895080566
57385, 29.128793716430664, 5.915313720703125, 0.029345132410526276, 3.9821243286132812, 1.7452173233032227, -0.00047543548862449825, 7000.0, 7000.0, 7000.0, 7000.0, 0.7716805934906006, 2.5414741039276123
57405, 29.332216262817383, 5.888550281524658, 0.028266742825508118, 4.007404804229736, 1.7421005964279175, -0.0060471100732684135, 7000.0, 7000.0, 7000.0, 7000.0, 0.7752009034156799, 2.5463850498199463
57425, 29.41240692138672, 5.923459053039551, 0.028137026354670525, 4.010882377624512, 1.7482432126998901, -0.006164592690765858, 7000.0, 7000.0, 7000.0, 7000.0, 0.776066243648529, 2.525137424468994
57445, 29.492664337158203, 5.958490371704102, 0.028008470311760902, 4.014206886291504, 1.754303216934204, -0.006229490041732788, 7000.0, 7000.0, 7000.0, 7000.0, 0.775503933429718, 2.5220162868499756
57465, 29.831212997436523, 5.906283855438232, 0.02642490528523922, 4.06357479095459, 1.746504783630371, -0.014149865135550499, 7000.0, 7000.0, 7000.0, 7000.0, 0.7769115567207336, 2.522000789642334
57485, 29.912519454956055, 5.941282272338867, 0.026149699464440346, 4.067206382751465, 1.7526452541351318, -0.014276158064603806, 7000.0, 7000.0, 7000.0, 7000.0, 0.7772572636604309, 2.4819393157958984
57505, 29.848756790161133, 6.0106916427612305, 0.026332838460803032, 4.045769214630127, 1.7647143602371216, -0.011384573765099049, 7000.0, 7000.0, 7000.0, 7000.0, 0.7770828604698181, 2.4799211025238037
57525, 29.929712295532227, 6.046048164367676, 0.026111382991075516, 4.049666404724121, 1.770830750465393, -0.010853997431695461, 7000.0, 7000.0, 7000.0, 7000.0, 0.7795474529266357, 2.499004602432251
57545, 30.0107479095459, 6.0815205574035645, 0.025895288214087486, 4.053568363189697, 1.7765462398529053, -0.010488887317478657, 7000.0, 7000.0, 7000.0, 7000.0, 0.7799363136291504, 2.4966671466827393
57565, 29.920713424682617, 6.155412673950195, 0.026219239458441734, 4.027450084686279, 1.7885936498641968, -0.007806425914168358, 7000.0, 7000.0, 7000.0, 7000.0, 0.7798609137535095, 2.4943060874938965
57585, 30.001298904418945, 6.19124174118042, 0.026063669472932816, 4.0311360359191895, 1.794435977935791, -0.007948889397084713, 7000.0, 7000.0, 7000.0, 7000.0, 0.7798379063606262, 2.5137581825256348
57605, 29.589765548706055, 6.3465070724487305, 0.027686841785907745, 3.948925018310547, 1.819771409034729, 0.000774699670728296, 7000.0, 7000.0, 7000.0, 7000.0, 0.7804117798805237, 2.51311993598938
57625, 29.668773651123047, 6.382966041564941, 0.027708450332283974, 3.9521901607513428, 1.8259304761886597, 0.0006984681822359562, 7000.0, 7000.0, 7000.0, 7000.0, 0.7818554043769836, 2.5785295963287354
57645, 29.74785041809082, 6.419543266296387, 0.02772814780473709, 3.955646276473999, 1.8318696022033691, 0.0007956657209433615, 7000.0, 7000.0, 7000.0, 7000.0, 0.7834815382957458, 2.5809285640716553
57665, 29.792531967163086, 6.484124183654785, 0.028364792466163635, 3.9530820846557617, 1.8413053750991821, 0.003645532298833132, 7000.0, 7000.0, 7000.0, 7000.0, 0.7851830124855042, 2.581663131713867
57685, 29.871625900268555, 6.5210041999816895, 0.028438638895750046, 3.95639967918396, 1.8472900390625, 0.003717061597853899, 7000.0, 7000.0, 7000.0, 7000.0, 0.785137951374054, 2.5895683765411377
57705, 29.95871925354004, 6.568360805511475, 0.028765395283699036, 3.961235761642456, 1.854321002960205, 0.004577163606882095, 7000.0, 7000.0, 7000.0, 7000.0, 0.7854205965995789, 2.5899853706359863
57725, 30.03797149658203, 6.6055073738098145, 0.028856972232460976, 3.9644320011138916, 1.8607487678527832, 0.004048714879900217, 7000.0, 7000.0, 7000.0, 7000.0, 0.7859302163124084, 2.5905838012695312
57745, 30.117286682128906, 6.6427836418151855, 0.02894221432507038, 3.967625379562378, 1.8672211170196533, 0.0037794248200953007, 7000.0, 7000.0, 7000.0, 7000.0, 0.7844995260238647, 2.5958027839660645
57765, 30.236948013305664, 6.7029523849487305, 0.02954898215830326, 3.9771125316619873, 1.8761725425720215, 0.006393414456397295, 7000.0, 7000.0, 7000.0, 7000.0, 0.7842628955841064, 2.5998342037200928
57785, 30.316524505615234, 6.740527153015137, 0.029674740508198738, 3.9806442260742188, 1.8822747468948364, 0.00610763905569911, 7000.0, 7000.0, 7000.0, 7000.0, 0.7850224375724792, 2.6072332859039307
57805, 30.40383529663086, 6.784216403961182, 0.029937047511339188, 3.9857475757598877, 1.8891674280166626, 0.006141324993222952, 7000.0, 7000.0, 7000.0, 7000.0, 0.784153938293457, 2.607783079147339
57825, 30.483585357666016, 6.822051525115967, 0.030056960880756378, 3.989431619644165, 1.8948577642440796, 0.005915921181440353, 7000.0, 7000.0, 7000.0, 7000.0, 0.7848330736160278, 2.6062886714935303
57845, 30.563405990600586, 6.860008716583252, 0.03017718531191349, 3.993129253387451, 1.9009621143341064, 0.005647013895213604, 7000.0, 7000.0, 7000.0, 7000.0, 0.7842008471488953, 2.601590871810913
57865, 30.64150619506836, 6.936974048614502, 0.03121187351644039, 3.9967453479766846, 1.9120105504989624, 0.010217873379588127, 7000.0, 7000.0, 7000.0, 7000.0, 0.7863157987594604, 2.597947120666504
57885, 30.721477508544922, 6.975277423858643, 0.031417034566402435, 4.000739574432373, 1.9183061122894287, 0.010138303972780704, 7000.0, 7000.0, 7000.0, 7000.0, 0.7891346216201782, 2.6096694469451904
57905, 30.872350692749023, 6.907774448394775, 0.029563402757048607, 4.017052173614502, 1.9104912281036377, -0.0009955302812159061, 7000.0, 7000.0, 7000.0, 7000.0, 0.7898656725883484, 2.6127212047576904
57925, 30.952735900878906, 6.946041107177734, 0.0295358058065176, 4.0212836265563965, 1.9167011976242065, -0.0015035682590678334, 7000.0, 7000.0, 7000.0, 7000.0, 0.7909817695617676, 2.589932680130005
57945, 31.033201217651367, 6.984432697296143, 0.029500845819711685, 4.0254693031311035, 1.9228665828704834, -0.0018777892692014575, 7000.0, 7000.0, 7000.0, 7000.0, 0.7936683893203735, 2.5870864391326904
57965, 31.221359252929688, 6.980462551116943, 0.028710128739476204, 4.048080921173096, 1.9225229024887085, -0.005756724625825882, 7000.0, 7000.0, 7000.0, 7000.0, 0.7915612459182739, 2.589409351348877
57985, 31.302358627319336, 7.018974304199219, 0.02859734743833542, 4.052145481109619, 1.9283241033554077, -0.005739375948905945, 7000.0, 7000.0, 7000.0, 7000.0, 0.7901638746261597, 2.576024055480957
58005, 31.447248458862305, 7.040675163269043, 0.02820328250527382, 4.067170143127441, 1.9317948818206787, -0.0073756505735218525, 7000.0, 7000.0, 7000.0, 7000.0, 0.7894664406776428, 2.5783419609069824
58025, 31.52863121032715, 7.079377174377441, 0.028055189177393913, 4.070768356323242, 1.9381009340286255, -0.007132329046726227, 7000.0, 7000.0, 7000.0, 7000.0, 0.790649950504303, 2.5711164474487305
58045, 31.610082626342773, 7.1182050704956055, 0.02790469117462635, 4.073803424835205, 1.9445475339889526, -0.007447745185345411, 7000.0, 7000.0, 7000.0, 7000.0, 0.7921034693717957, 2.568208932876587
58065, 31.675859451293945, 7.160475254058838, 0.027795417234301567, 4.074529647827148, 1.9509212970733643, -0.00786524172872305, 7000.0, 7000.0, 7000.0, 7000.0, 0.7921951413154602, 2.567206621170044
58085, 31.75739097595215, 7.199562072753906, 0.02763941138982773, 4.078540325164795, 1.956880807876587, -0.007812694646418095, 7000.0, 7000.0, 7000.0, 7000.0, 0.7921770811080933, 2.5667386054992676
58105, 31.448123931884766, 7.319065570831299, 0.028571564704179764, 4.016200542449951, 1.9760360717773438, -0.002269954653456807, 7000.0, 7000.0, 7000.0, 7000.0, 0.7939286231994629, 2.568740129470825
58125, 31.528480529785156, 7.358659744262695, 0.02852577529847622, 4.019254684448242, 1.982572317123413, -0.0021493835374712944, 7000.0, 7000.0, 7000.0, 7000.0, 0.7953343987464905, 2.6146209239959717
58145, 31.6129207611084, 7.400365352630615, 0.028477836400270462, 4.022400379180908, 1.9890741109848022, -0.002057005651295185, 7000.0, 7000.0, 7000.0, 7000.0, 0.7991389632225037, 2.612374782562256
58165, 31.74789810180664, 7.424433708190918, 0.028190521523356438, 4.0350728034973145, 1.993137001991272, -0.0036797544453293085, 7000.0, 7000.0, 7000.0, 7000.0, 0.8012859225273132, 2.6123509407043457
58185, 31.828645706176758, 7.464361667633057, 0.028109755367040634, 4.039270401000977, 1.9994651079177856, -0.004461712669581175, 7000.0, 7000.0, 7000.0, 7000.0, 0.8031636476516724, 2.6051177978515625
58205, 31.65276527404785, 7.591691970825195, 0.0293548796325922, 4.000941276550293, 2.0181703567504883, 0.00188747129868716, 7000.0, 7000.0, 7000.0, 7000.0, 0.8013180494308472, 2.598924160003662
58225, 31.692785263061523, 7.6118950843811035, 0.029374876990914345, 4.00291633605957, 2.0223612785339355, 0.00201240461319685, 7000.0, 7000.0, 7000.0, 7000.0, 0.7996447682380676, 2.632783889770508
58245, 31.77288246154785, 7.652395725250244, 0.029407983645796776, 4.006947040557861, 2.0286312103271484, 0.0012701567029580474, 7000.0, 7000.0, 7000.0, 7000.0, 0.8003700375556946, 2.633802652359009
58265, 31.833457946777344, 7.710582256317139, 0.029705991968512535, 4.007893085479736, 2.0368387699127197, 0.0019133223686367273, 7000.0, 7000.0, 7000.0, 7000.0, 0.8013149499893188, 2.63551926612854
58285, 31.913646697998047, 7.751373767852783, 0.029750531539320946, 4.011526584625244, 2.0425643920898438, 0.0019202148541808128, 7000.0, 7000.0, 7000.0, 7000.0, 0.8063430190086365, 2.6372997760772705
58305, 32.00630569458008, 7.771197319030762, 0.029456714168190956, 4.016972541809082, 2.046107292175293, 0.0006967616500332952, 7000.0, 7000.0, 7000.0, 7000.0, 0.8072994947433472, 2.635979175567627
58325, 32.08667755126953, 7.812183380126953, 0.029466846957802773, 4.020442485809326, 2.052468776702881, 0.0008118614205159247, 7000.0, 7000.0, 7000.0, 7000.0, 0.8059164881706238, 2.6343183517456055
58345, 32.16712188720703, 7.853292465209961, 0.029474927112460136, 4.023831844329834, 2.058572292327881, 0.0006669838330708444, 7000.0, 7000.0, 7000.0, 7000.0, 0.8048114776611328, 2.6330268383026123
58365, 32.23796081542969, 7.9116291999816895, 0.029728880152106285, 4.025946140289307, 2.066873073577881, 0.0015552708646282554, 7000.0, 7000.0, 7000.0, 7000.0, 0.8055489659309387, 2.6393065452575684
58385, 32.31851577758789, 7.953026294708252, 0.029759733006358147, 4.029411315917969, 2.0729587078094482, 0.0011941608972847462, 7000.0, 7000.0, 7000.0, 7000.0, 0.8051527738571167, 2.639974594116211
58405, 32.42018127441406, 7.9698381423950195, 0.02945396490395069, 4.036169052124023, 2.0756161212921143, -0.0002657242293935269, 7000.0, 7000.0, 7000.0, 7000.0, 0.8046989440917969, 2.646155595779419
58425, 32.50093078613281, 8.011423110961914, 0.0294505525380373, 4.039125919342041, 2.0820300579071045, -0.0003407668846193701, 7000.0, 7000.0, 7000.0, 7000.0, 0.8048053979873657, 2.6459059715270996
58445, 32.581748962402344, 8.053132057189941, 0.029441136866807938, 4.042587757110596, 2.0883548259735107, -0.0002042108535533771, 7000.0, 7000.0, 7000.0, 7000.0, 0.8041946291923523, 2.645528554916382
58465, 32.632816314697266, 8.117467880249023, 0.029689300805330276, 4.040561676025391, 2.0975944995880127, 0.00036116133560426533, 7000.0, 7000.0, 7000.0, 7000.0, 0.8045715093612671, 2.6473617553710938
58485, 32.713661193847656, 8.159479141235352, 0.029688546434044838, 4.043257713317871, 2.103651285171509, 0.000157270158524625, 7000.0, 7000.0, 7000.0, 7000.0, 0.8039277791976929, 2.647810697555542
58505, 32.71220397949219, 8.25187873840332, 0.03025742433965206, 4.033156871795654, 2.116920232772827, 0.0026416140608489513, 7000.0, 7000.0, 7000.0, 7000.0, 0.806212842464447, 2.6485018730163574
58525, 32.792903900146484, 8.294288635253906, 0.03031027689576149, 4.036635875701904, 2.1234912872314453, 0.002059602877125144, 7000.0, 7000.0, 7000.0, 7000.0, 0.8107351064682007, 2.66017746925354
58545, 32.87771224975586, 8.338967323303223, 0.030356191098690033, 4.04019832611084, 2.130636215209961, 0.0019485745579004288, 7000.0, 7000.0, 7000.0, 7000.0, 0.8120061159133911, 2.6606333255767822
58565, 33.19737243652344, 8.243243217468262, 0.028789371252059937, 4.082258224487305, 2.1176517009735107, -0.0065416740253567696, 7000.0, 7000.0, 7000.0, 7000.0, 0.8118763566017151, 2.6601250171661377
58585, 33.279056549072266, 8.285667419433594, 0.02865072339773178, 4.0857834815979, 2.124065399169922, -0.006734961643815041, 7000.0, 7000.0, 7000.0, 7000.0, 0.8084093332290649, 2.6272499561309814
58605, 33.42359924316406, 8.303864479064941, 0.028246697038412094, 4.099608898162842, 2.12684965133667, -0.009107522666454315, 7000.0, 7000.0, 7000.0, 7000.0, 0.8079122304916382, 2.630472421646118
58625, 33.50563430786133, 8.346467018127441, 0.028057001531124115, 4.103555679321289, 2.133289098739624, -0.010077874176204205, 7000.0, 7000.0, 7000.0, 7000.0, 0.8092280626296997, 2.6292996406555176
58645, 33.58774185180664, 8.389201164245605, 0.02785671316087246, 4.107405662536621, 2.1397321224212646, -0.010910854674875736, 7000.0, 7000.0, 7000.0, 7000.0, 0.8097924590110779, 2.635284662246704
58665, 33.122467041015625, 8.597875595092773, 0.0292177926748991, 4.022849082946777, 2.1715643405914307, -0.002458080882206559, 7000.0, 7000.0, 7000.0, 7000.0, 0.8108758926391602, 2.6336417198181152
58685, 33.20296096801758, 8.641374588012695, 0.029172120615839958, 4.026775360107422, 2.1777915954589844, -0.0022890844848006964, 7000.0, 7000.0, 7000.0, 7000.0, 0.8120492696762085, 2.6903960704803467
58705, 33.29790115356445, 8.679593086242676, 0.029057424515485764, 4.033027172088623, 2.183375597000122, -0.0024207530077546835, 7000.0, 7000.0, 7000.0, 7000.0, 0.8125016093254089, 2.6919546127319336
58725, 33.37860870361328, 8.723323822021484, 0.028995944187045097, 4.037057399749756, 2.1899027824401855, -0.0030967318452894688, 7000.0, 7000.0, 7000.0, 7000.0, 0.8114010691642761, 2.6948344707489014
58745, 33.459388732910156, 8.767182350158691, 0.028932815417647362, 4.040632247924805, 2.196291446685791, -0.0036365920677781105, 7000.0, 7000.0, 7000.0, 7000.0, 0.8141512870788574, 2.6936824321746826
58765, 33.414249420166016, 8.880553245544434, 0.029867174103856087, 4.024267673492432, 2.2119524478912354, 0.0009436567779630423, 7000.0, 7000.0, 7000.0, 7000.0, 0.8142653703689575, 2.6956727504730225
58785, 33.4947624206543, 8.924860954284668, 0.0298914797604084, 4.02766227722168, 2.2185111045837402, 0.0005298808100633323, 7000.0, 7000.0, 7000.0, 7000.0, 0.8160826563835144, 2.7128233909606934
58805, 33.6230354309082, 8.912201881408691, 0.02907777763903141, 4.0383524894714355, 2.21783447265625, -0.003632213221862912, 7000.0, 7000.0, 7000.0, 7000.0, 0.816131055355072, 2.7078754901885986
58825, 33.703834533691406, 8.956624031066895, 0.029003847390413284, 4.041886806488037, 2.224313497543335, -0.003350508166477084, 7000.0, 7000.0, 7000.0, 7000.0, 0.8139469623565674, 2.6927759647369385
58845, 33.78470993041992, 9.001171112060547, 0.028926903381943703, 4.0456461906433105, 2.230983257293701, -0.003708339063450694, 7000.0, 7000.0, 7000.0, 7000.0, 0.8113653063774109, 2.692985773086548
58865, 33.862388610839844, 9.049532890319824, 0.028899963945150375, 4.049127101898193, 2.2381653785705566, -0.004190963227301836, 7000.0, 7000.0, 7000.0, 7000.0, 0.8117859959602356, 2.7008817195892334
58885, 33.94340896606445, 9.094352722167969, 0.02881808951497078, 4.0529913902282715, 2.2445881366729736, -0.005034835543483496, 7000.0, 7000.0, 7000.0, 7000.0, 0.8121657967567444, 2.704845666885376
58905, 34.015663146972656, 9.146781921386719, 0.02882217988371849, 4.055193901062012, 2.251838207244873, -0.004978915210813284, 7000.0, 7000.0, 7000.0, 7000.0, 0.81223464012146, 2.700438976287842
58925, 34.096797943115234, 9.191879272460938, 0.02872782200574875, 4.058771133422852, 2.257998466491699, -0.004810620099306107, 7000.0, 7000.0, 7000.0, 7000.0, 0.8128150105476379, 2.699982166290283
58945, 34.178009033203125, 9.237100601196289, 0.02862711437046528, 4.062420845031738, 2.264364004135132, -0.004616355057805777, 7000.0, 7000.0, 7000.0, 7000.0, 0.8135704398155212, 2.6927123069763184
58965, 34.366371154785156, 9.222694396972656, 0.02777104452252388, 4.082713603973389, 2.262936592102051, -0.0088304802775383, 7000.0, 7000.0, 7000.0, 7000.0, 0.8120734691619873, 2.6899614334106445
58985, 34.44807052612305, 9.268013954162598, 0.027585098519921303, 4.087005615234375, 2.2696053981781006, -0.009481964632868767, 7000.0, 7000.0, 7000.0, 7000.0, 0.8132374286651611, 2.6798458099365234
59005, 34.29661560058594, 9.4132719039917, 0.028497863560914993, 4.054562091827393, 2.2898452281951904, -0.004294842015951872, 7000.0, 7000.0, 7000.0, 7000.0, 0.8140802383422852, 2.68141508102417
59025, 34.37773895263672, 9.459135055541992, 0.028423001989722252, 4.058630466461182, 2.296572685241699, -0.0042185308411717415, 7000.0, 7000.0, 7000.0, 7000.0, 0.8156344890594482, 2.7094693183898926
59045, 34.458946228027344, 9.505135536193848, 0.02835022658109665, 4.062791347503662, 2.3032801151275635, -0.0035816249437630177, 7000.0, 7000.0, 7000.0, 7000.0, 0.8178231120109558, 2.709172248840332
59065, 34.481021881103516, 9.58077621459961, 0.028606705367565155, 4.0568132400512695, 2.3134613037109375, -0.0013969255378469825, 7000.0, 7000.0, 7000.0, 7000.0, 0.8192070126533508, 2.7070999145507812
59085, 34.562191009521484, 9.627104759216309, 0.028566408902406693, 4.05974817276001, 2.3197858333587646, -0.001708946074359119, 7000.0, 7000.0, 7000.0, 7000.0, 0.8185327053070068, 2.7189743518829346
59105, 34.39937210083008, 9.812491416931152, 0.030040960758924484, 4.0241217613220215, 2.3449149131774902, 0.005548855755478144, 7000.0, 7000.0, 7000.0, 7000.0, 0.8200324773788452, 2.7257814407348633
59125, 34.479881286621094, 9.85944938659668, 0.030148308724164963, 4.026650905609131, 2.351297616958618, 0.0047237686812877655, 7000.0, 7000.0, 7000.0, 7000.0, 0.8208655118942261, 2.7620551586151123
59145, 34.56044006347656, 9.906539916992188, 0.030247623100876808, 4.02962589263916, 2.3577561378479004, 0.004273977130651474, 7000.0, 7000.0, 7000.0, 7000.0, 0.8222475051879883, 2.7624332904815674
59165, 34.68976593017578, 9.857878684997559, 0.02924342080950737, 4.0398359298706055, 2.35200834274292, -0.0016684439033269882, 7000.0, 7000.0, 7000.0, 7000.0, 0.8254069685935974, 2.760215997695923
59185, 34.770591735839844, 9.90499210357666, 0.02920687198638916, 4.042675018310547, 2.358469009399414, -0.0013957677874714136, 7000.0, 7000.0, 7000.0, 7000.0, 0.8256461024284363, 2.7427520751953125
59205, 34.9046516418457, 9.864978790283203, 0.02821390889585018, 4.054202079772949, 2.354379177093506, -0.006159748416393995, 7000.0, 7000.0, 7000.0, 7000.0, 0.8234594464302063, 2.738339900970459
59225, 34.98577880859375, 9.91213607788086, 0.02808312326669693, 4.058018207550049, 2.360903024673462, -0.0061452342197299, 7000.0, 7000.0, 7000.0, 7000.0, 0.8233142495155334, 2.7359981536865234
59245, 35.066978454589844, 9.959419250488281, 0.02795950323343277, 4.0612382888793945, 2.3672304153442383, -0.006556007079780102, 7000.0, 7000.0, 7000.0, 7000.0, 0.8242489695549011, 2.7429263591766357
59265, 35.076045989990234, 10.059550285339355, 0.02835424616932869, 4.052987098693848, 2.380930185317993, -0.004231874365359545, 7000.0, 7000.0, 7000.0, 7000.0, 0.8255746364593506, 2.7465741634368896
59285, 35.157135009765625, 10.107242584228516, 0.02828032337129116, 4.056328773498535, 2.387606143951416, -0.004021352156996727, 7000.0, 7000.0, 7000.0, 7000.0, 0.8267627358436584, 2.753798007965088
59305, 34.901432037353516, 10.37132740020752, 0.030268600210547447, 4.008086204528809, 2.423720359802246, 0.0068807960487902164, 7000.0, 7000.0, 7000.0, 7000.0, 0.8258370161056519, 2.751448392868042
59325, 34.981632232666016, 10.41987419128418, 0.030399154871702194, 4.011214256286621, 2.4303996562957764, 0.0071082934737205505, 7000.0, 7000.0, 7000.0, 7000.0, 0.8246775269508362, 2.791233539581299
59345, 35.06591796875, 10.47098445892334, 0.03053237311542034, 4.015032768249512, 2.4370882511138916, 0.006522339768707752, 7000.0, 7000.0, 7000.0, 7000.0, 0.8236251473426819, 2.796757936477661
59365, 35.19504928588867, 10.417254447937012, 0.02941814437508583, 4.02561092376709, 2.4314467906951904, -0.0009591301204636693, 7000.0, 7000.0, 7000.0, 7000.0, 0.8240575790405273, 2.7990362644195557
59385, 35.275604248046875, 10.465951919555664, 0.029402848333120346, 4.029467582702637, 2.4378905296325684, -0.0014583184383809566, 7000.0, 7000.0, 7000.0, 7000.0, 0.8237247467041016, 2.7858588695526123
59405, 35.38930130004883, 10.46934986114502, 0.028772640973329544, 4.0377044677734375, 2.438784122467041, -0.00462203798815608, 7000.0, 7000.0, 7000.0, 7000.0, 0.8233535289764404, 2.7793102264404297
59425, 35.470088958740234, 10.518200874328613, 0.02868780866265297, 4.041104793548584, 2.44537353515625, -0.0040585738606750965, 7000.0, 7000.0, 7000.0, 7000.0, 0.8215265870094299, 2.7695236206054688
59445, 35.550941467285156, 10.567187309265137, 0.028602998703718185, 4.043846607208252, 2.452543020248413, -0.003837158437818289, 7000.0, 7000.0, 7000.0, 7000.0, 0.8238077163696289, 2.773489236831665
59465, 35.66542434692383, 10.598276138305664, 0.02824767678976059, 4.051671504974365, 2.4571046829223633, -0.00543184531852603, 7000.0, 7000.0, 7000.0, 7000.0, 0.8253998756408691, 2.772791862487793
59485, 35.74649429321289, 10.647482872009277, 0.028132988139986992, 4.054771900177002, 2.4638798236846924, -0.006028214003890753, 7000.0, 7000.0, 7000.0, 7000.0, 0.827590823173523, 2.767760992050171
59505, 35.52001953125, 10.825709342956543, 0.02975424937903881, 4.011448860168457, 2.486694812774658, 0.0028418703004717827, 7000.0, 7000.0, 7000.0, 7000.0, 0.8302776217460632, 2.7638370990753174
59525, 35.60026931762695, 10.875510215759277, 0.029824167490005493, 4.013998985290527, 2.4935526847839355, 0.002726159058511257, 7000.0, 7000.0, 7000.0, 7000.0, 0.8297995328903198, 2.797034740447998
59545, 35.680564880371094, 10.925447463989258, 0.029888303950428963, 4.016199588775635, 2.5002548694610596, 0.002995520830154419, 7000.0, 7000.0, 7000.0, 7000.0, 0.8289067149162292, 2.8062939643859863
59565, 35.801876068115234, 10.93203067779541, 0.029507111757993698, 4.024432182312012, 2.5016674995422363, 0.0008191413362510502, 7000.0, 7000.0, 7000.0, 7000.0, 0.8307180404663086, 2.8074398040771484
59585, 35.88239669799805, 10.982126235961914, 0.029509544372558594, 4.027281284332275, 2.5082192420959473, 0.00034171147854067385, 7000.0, 7000.0, 7000.0, 7000.0, 0.8322677612304688, 2.806929111480713
59605, 35.98601150512695, 11.006414413452148, 0.02928575873374939, 4.033576011657715, 2.5114212036132812, -0.001405871706083417, 7000.0, 7000.0, 7000.0, 7000.0, 0.8324998021125793, 2.8003435134887695
59625, 36.06670379638672, 11.0567045211792, 0.029259735718369484, 4.036166191101074, 2.518141984939575, -0.0019146546255797148, 7000.0, 7000.0, 7000.0, 7000.0, 0.8344694972038269, 2.7982394695281982
59645, 36.14744567871094, 11.107131958007812, 0.029234178364276886, 4.038720607757568, 2.5247840881347656, -0.002046984853222966, 7000.0, 7000.0, 7000.0, 7000.0, 0.8342074155807495, 2.8000545501708984
59665, 36.38101577758789, 11.010342597961426, 0.028154335916042328, 4.063464164733887, 2.5116326808929443, -0.007057077717036009, 7000.0, 7000.0, 7000.0, 7000.0, 0.8322768807411194, 2.803581714630127
59685, 36.46230697631836, 11.060638427734375, 0.028016915544867516, 4.066445827484131, 2.5183207988739014, -0.006381595972925425, 7000.0, 7000.0, 7000.0, 7000.0, 0.8340932726860046, 2.7891945838928223
59705, 36.3265380859375, 11.267404556274414, 0.02877459116280079, 4.037088394165039, 2.5476624965667725, -0.0017604576423764229, 7000.0, 7000.0, 7000.0, 7000.0, 0.8346456289291382, 2.7957379817962646
59725, 36.40731430053711, 11.318416595458984, 0.02872263453900814, 4.040472030639648, 2.5544345378875732, -0.003018168965354562, 7000.0, 7000.0, 7000.0, 7000.0, 0.8381146192550659, 2.8138670921325684
59745, 36.49219512939453, 11.372121810913086, 0.028653914108872414, 4.043816089630127, 2.5613603591918945, -0.0038836265448480844, 7000.0, 7000.0, 7000.0, 7000.0, 0.8389055132865906, 2.810276985168457
59765, 36.64285659790039, 11.378541946411133, 0.028287244960665703, 4.0572590827941895, 2.562027931213379, -0.005836991593241692, 7000.0, 7000.0, 7000.0, 7000.0, 0.8375993371009827, 2.8112704753875732
59785, 36.72402572631836, 11.429847717285156, 0.028174856677651405, 4.060422897338867, 2.5686068534851074, -0.0060107894241809845, 7000.0, 7000.0, 7000.0, 7000.0, 0.8378390073776245, 2.8048200607299805
59805, 36.70053482055664, 11.53966999053955, 0.02844337746500969, 4.04788875579834, 2.5835793018341064, -0.0037464923225343227, 7000.0, 7000.0, 7000.0, 7000.0, 0.8377049565315247, 2.8069818019866943
59825, 36.781524658203125, 11.591410636901855, 0.028352729976177216, 4.050830364227295, 2.590373992919922, -0.004157853778451681, 7000.0, 7000.0, 7000.0, 7000.0, 0.8390949368476868, 2.8219103813171387
59845, 36.862579345703125, 11.643282890319824, 0.028251346200704575, 4.054200649261475, 2.5969533920288086, -0.005253541748970747, 7000.0, 7000.0, 7000.0, 7000.0, 0.8407046794891357, 2.8152809143066406
59865, 36.72323989868164, 11.809625625610352, 0.029008157551288605, 4.024930000305176, 2.618706703186035, -0.0014185375766828656, 7000.0, 7000.0, 7000.0, 7000.0, 0.8405729532241821, 2.810309410095215
59885, 36.80376052856445, 11.862067222595215, 0.028987888246774673, 4.027923583984375, 2.6253671646118164, -0.0017975661903619766, 7000.0, 7000.0, 7000.0, 7000.0, 0.8416181206703186, 2.8335304260253906
59905, 36.71963119506836, 12.016631126403809, 0.029854049906134605, 4.006679058074951, 2.6455090045928955, 0.0029302993789315224, 7000.0, 7000.0, 7000.0, 7000.0, 0.8422574996948242, 2.8372392654418945
59925, 36.79978942871094, 12.06961727142334, 0.029911933466792107, 4.009409427642822, 2.652498245239258, 0.003481637453660369, 7000.0, 7000.0, 7000.0, 7000.0, 0.8418469429016113, 2.8613665103912354
59945, 36.88001251220703, 12.122739791870117, 0.029969284310936928, 4.012576580047607, 2.6595630645751953, 0.003413613885641098, 7000.0, 7000.0, 7000.0, 7000.0, 0.8434880971908569, 2.8671329021453857
59965, 36.96022033691406, 12.176119804382324, 0.030023522675037384, 4.015924453735352, 2.666466236114502, 0.002784240525215864, 7000.0, 7000.0, 7000.0, 7000.0, 0.8447602987289429, 2.8663010597229004
59985, 37.04057693481445, 12.22951889038086, 0.030065538361668587, 4.019267559051514, 2.6734304428100586, 0.001313698012381792, 7000.0, 7000.0, 7000.0, 7000.0, 0.8448535203933716, 2.8609232902526855
60005, 37.14570617675781, 12.238420486450195, 0.029622390866279602, 4.025609016418457, 2.6750407218933105, -0.0017725012730807066, 7000.0, 7000.0, 7000.0, 7000.0, 0.8447780013084412, 2.859623670578003
60025, 37.22624588012695, 12.291999816894531, 0.029592588543891907, 4.02849817276001, 2.6818947792053223, -0.0018326619174331427, 7000.0, 7000.0, 7000.0, 7000.0, 0.8433877229690552, 2.8584144115448
60045, 37.30683898925781, 12.345718383789062, 0.02955525927245617, 4.030693054199219, 2.688735246658325, -0.0017964395228773355, 7000.0, 7000.0, 7000.0, 7000.0, 0.844588041305542, 2.8618431091308594
60065, 37.47864532470703, 12.273993492126465, 0.02831229940056801, 4.045693874359131, 2.681298017501831, -0.007839621044695377, 7000.0, 7000.0, 7000.0, 7000.0, 0.8468114137649536, 2.8639702796936035
60085, 37.55958938598633, 12.327692031860352, 0.028139015659689903, 4.047947406768799, 2.688141345977783, -0.008615766651928425, 7000.0, 7000.0, 7000.0, 7000.0, 0.8490813374519348, 2.8496294021606445
60105, 37.478572845458984, 12.491524696350098, 0.02883881889283657, 4.02742338180542, 2.7082886695861816, -0.0046656508930027485, 7000.0, 7000.0, 7000.0, 7000.0, 0.8518012762069702, 2.8458809852600098
60125, 37.56318283081055, 12.548470497131348, 0.028746765106916428, 4.030902862548828, 2.7148568630218506, -0.005143075715750456, 7000.0, 7000.0, 7000.0, 7000.0, 0.8531029224395752, 2.8631017208099365
60145, 37.643829345703125, 12.602832794189453, 0.02865464985370636, 4.034144401550293, 2.720820665359497, -0.00517317047342658, 7000.0, 7000.0, 7000.0, 7000.0, 0.8508078455924988, 2.865687131881714
60165, 37.60679626464844, 12.737077713012695, 0.029208986088633537, 4.019981384277344, 2.7374236583709717, -0.0009098935406655073, 7000.0, 7000.0, 7000.0, 7000.0, 0.8499770164489746, 2.8685364723205566
60185, 37.68722152709961, 12.791902542114258, 0.029188452288508415, 4.0224199295043945, 2.744760751724243, -0.00044638162944465876, 7000.0, 7000.0, 7000.0, 7000.0, 0.8492099046707153, 2.8849141597747803
60205, 37.631622314453125, 12.954449653625488, 0.030010497197508812, 4.006515026092529, 2.765666961669922, 0.003953166306018829, 7000.0, 7000.0, 7000.0, 7000.0, 0.8511886596679688, 2.885824203491211
60225, 37.7117919921875, 13.0098295211792, 0.030090318992733955, 4.010097503662109, 2.7724573612213135, 0.003730600932613015, 7000.0, 7000.0, 7000.0, 7000.0, 0.8518486618995667, 2.894016981124878
60245, 37.79202651977539, 13.065346717834473, 0.03017394430935383, 4.013506889343262, 2.7792787551879883, 0.0031819322612136602, 7000.0, 7000.0, 7000.0, 7000.0, 0.8526496291160583, 2.8884449005126953
60265, 37.88104248046875, 13.111193656921387, 0.0301629900932312, 4.0178937911987305, 2.7847111225128174, 0.002412725705653429, 7000.0, 7000.0, 7000.0, 7000.0, 0.8529940843582153, 2.888152837753296
60285, 37.96142578125, 13.166959762573242, 0.030214834958314896, 4.021017551422119, 2.791785478591919, 0.002356563461944461, 7000.0, 7000.0, 7000.0, 7000.0, 0.8543668389320374, 2.89190936088562
60305, 38.15760803222656, 13.09270191192627, 0.029221076518297195, 4.039721488952637, 2.783374547958374, -0.0033249352127313614, 7000.0, 7000.0, 7000.0, 7000.0, 0.8589104413986206, 2.897792339324951
60325, 38.23843002319336, 13.148435592651367, 0.02914140745997429, 4.042366027832031, 2.790701150894165, -0.004001886583864689, 7000.0, 7000.0, 7000.0, 7000.0, 0.8575796484947205, 2.8844308853149414
60345, 38.31930923461914, 13.204309463500977, 0.029054217040538788, 4.04572868347168, 2.7975101470947266, -0.004709913395345211, 7000.0, 7000.0, 7000.0, 7000.0, 0.8585780262947083, 2.880979061126709
60365, 38.021846771240234, 13.517280578613281, 0.030875150114297867, 3.9952306747436523, 2.836934804916382, 0.004200411960482597, 7000.0, 7000.0, 7000.0, 7000.0, 0.8584922552108765, 2.877392053604126
60385, 38.10177230834961, 13.574080467224121, 0.03096962161362171, 3.998154401779175, 2.8432958126068115, 0.003951737191528082, 7000.0, 7000.0, 7000.0, 7000.0, 0.8594143986701965, 2.9130308628082275
60405, 38.12779998779297, 13.686179161071777, 0.031505029648542404, 3.9934847354888916, 2.8559930324554443, 0.006468870677053928, 7000.0, 7000.0, 7000.0, 7000.0, 0.8573004603385925, 2.9151220321655273
60425, 38.20769119262695, 13.743367195129395, 0.03163370117545128, 3.995460033416748, 2.8628900051116943, 0.007089728489518166, 7000.0, 7000.0, 7000.0, 7000.0, 0.858608067035675, 2.9274508953094482
60445, 38.287620544433594, 13.800688743591309, 0.03176677227020264, 3.9975199699401855, 2.86974835395813, 0.007191945798695087, 7000.0, 7000.0, 7000.0, 7000.0, 0.8595211505889893, 2.9271466732025146
60465, 38.460182189941406, 13.708313941955566, 0.030579473823308945, 4.012547016143799, 2.8598709106445312, 0.0003501808678265661, 7000.0, 7000.0, 7000.0, 7000.0, 0.8589046001434326, 2.9237358570098877
60485, 38.54045486450195, 13.765575408935547, 0.030593574047088623, 4.015276908874512, 2.8668630123138428, 7.230258779600263e-05, 7000.0, 7000.0, 7000.0, 7000.0, 0.8570316433906555, 2.9017341136932373
60505, 38.78964614868164, 13.677922248840332, 0.029418138787150383, 4.04135799407959, 2.856515645980835, -0.00659268768504262, 7000.0, 7000.0, 7000.0, 7000.0, 0.8555901646614075, 2.900912046432495
60525, 38.874534606933594, 13.73798942565918, 0.029288124293088913, 4.043761253356934, 2.864133834838867, -0.0061429813504219055, 7000.0, 7000.0, 7000.0, 7000.0, 0.8531285524368286, 2.8853280544281006
60545, 38.9554328918457, 13.795344352722168, 0.029160326346755028, 4.046217918395996, 2.8713338375091553, -0.0057299090549349785, 7000.0, 7000.0, 7000.0, 7000.0, 0.8529976606369019, 2.894392728805542
60565, 39.33030319213867, 13.720091819763184, 0.027978120371699333, 4.090749740600586, 2.861762046813965, -0.01149224117398262, 7000.0, 7000.0, 7000.0, 7000.0, 0.8541498780250549, 2.8901054859161377
60585, 39.41215133666992, 13.777388572692871, 0.027738699689507484, 4.093669414520264, 2.868279218673706, -0.012055059894919395, 7000.0, 7000.0, 7000.0, 7000.0, 0.8529120087623596, 2.859142303466797
60605, 39.17089080810547, 13.934057235717773, 0.028141282498836517, 4.050446033477783, 2.8884527683258057, -0.00906781479716301, 7000.0, 7000.0, 7000.0, 7000.0, 0.8525760173797607, 2.850168466567993
60625, 39.25191879272461, 13.991897583007812, 0.02796475775539875, 4.052853107452393, 2.895204544067383, -0.009476962499320507, 7000.0, 7000.0, 7000.0, 7000.0, 0.8525941371917725, 2.874814033508301
60645, 39.33299255371094, 14.049880027770996, 0.027782559394836426, 4.05513334274292, 2.90219783782959, -0.009154045023024082, 7000.0, 7000.0, 7000.0, 7000.0, 0.8517528176307678, 2.8797426223754883
60665, 38.91696548461914, 14.263580322265625, 0.028685396537184715, 3.9874043464660645, 2.930605888366699, -0.0032779218163341284, 7000.0, 7000.0, 7000.0, 7000.0, 0.8528938889503479, 2.882430076599121
60685, 38.99674606323242, 14.322267532348633, 0.028607867658138275, 3.9900145530700684, 2.9375429153442383, -0.003327367128804326, 7000.0, 7000.0, 7000.0, 7000.0, 0.8557186126708984, 2.9234395027160645
60705, 38.77394485473633, 14.519668579101562, 0.029656026512384415, 3.9513535499572754, 2.962541103363037, 0.0024207779206335545, 7000.0, 7000.0, 7000.0, 7000.0, 0.8564075231552124, 2.9180195331573486
60725, 38.85300827026367, 14.57899284362793, 0.029709793627262115, 3.9544832706451416, 2.969698667526245, 0.0024656171444803476, 7000.0, 7000.0, 7000.0, 7000.0, 0.858234167098999, 2.943307399749756
60745, 38.932125091552734, 14.638461112976074, 0.029771454632282257, 3.9573817253112793, 2.976663112640381, 0.00268988567404449, 7000.0, 7000.0, 7000.0, 7000.0, 0.8589456081390381, 2.942678928375244
60765, 39.04304504394531, 14.611668586730957, 0.028979452326893806, 3.9630703926086426, 2.973681688308716, -0.0012562972260639071, 7000.0, 7000.0, 7000.0, 7000.0, 0.857820987701416, 2.9500112533569336
60785, 39.12233352661133, 14.671215057373047, 0.02895379066467285, 3.9652421474456787, 2.9803013801574707, -0.0007737017003819346, 7000.0, 7000.0, 7000.0, 7000.0, 0.8587644696235657, 2.9501585960388184
60805, 39.179813385009766, 14.640981674194336, 0.028041478246450424, 3.962217330932617, 2.9779560565948486, -0.005394862964749336, 7000.0, 7000.0, 7000.0, 7000.0, 0.8587955832481384, 2.9529807567596436
60825, 39.25908279418945, 14.700610160827637, 0.027919912710785866, 3.963963508605957, 2.9846696853637695, -0.006077691912651062, 7000.0, 7000.0, 7000.0, 7000.0, 0.8617973327636719, 2.9495723247528076
60845, 39.33838653564453, 14.7603759765625, 0.027795691043138504, 3.965951442718506, 2.9917731285095215, -0.006980051286518574, 7000.0, 7000.0, 7000.0, 7000.0, 0.8613467812538147, 2.9468095302581787
60865, 39.41802215576172, 14.82968807220459, 0.02775801159441471, 3.9682397842407227, 2.9999265670776367, -0.0071648177690804005, 7000.0, 7000.0, 7000.0, 7000.0, 0.8625827431678772, 2.9433586597442627
60885, 39.49740219116211, 14.889764785766602, 0.027625780552625656, 3.9700944423675537, 3.00704026222229, -0.006975911557674408, 7000.0, 7000.0, 7000.0, 7000.0, 0.8641703724861145, 2.9451067447662354
60905, 39.51176834106445, 15.074684143066406, 0.028604483231902122, 3.9645631313323975, 3.0280067920684814, -0.0005391641170717776, 7000.0, 7000.0, 7000.0, 7000.0, 0.8655230402946472, 2.9494729042053223
60925, 39.59505081176758, 15.138352394104004, 0.028584683313965797, 3.966890573501587, 3.0356500148773193, -0.000370926660252735, 7000.0, 7000.0, 7000.0, 7000.0, 0.8673874735832214, 2.964522361755371
60945, 39.67441177368164, 15.19913387298584, 0.028571803122758865, 3.968902111053467, 3.0429117679595947, -0.0004736195260193199, 7000.0, 7000.0, 7000.0, 7000.0, 0.8695437908172607, 2.9586422443389893
60965, 39.64761734008789, 15.412388801574707, 0.02974211610853672, 3.95822811126709, 3.067955732345581, 0.005005308892577887, 7000.0, 7000.0, 7000.0, 7000.0, 0.8711426854133606, 2.9542765617370605
60985, 39.726802825927734, 15.47381591796875, 0.029854625463485718, 3.9608538150787354, 3.0752899646759033, 0.004764231853187084, 7000.0, 7000.0, 7000.0, 7000.0, 0.8722026944160461, 2.9619557857513428
61005, 39.75792694091797, 15.6113862991333, 0.030468635261058807, 3.956943988800049, 3.0913186073303223, 0.007731665391474962, 7000.0, 7000.0, 7000.0, 7000.0, 0.8722366094589233, 2.96054744720459
61025, 39.83708190917969, 15.673280715942383, 0.030623918399214745, 3.958923578262329, 3.097954273223877, 0.007891351357102394, 7000.0, 7000.0, 7000.0, 7000.0, 0.8748964667320251, 2.968324661254883
61045, 39.91628646850586, 15.735307693481445, 0.03077412210404873, 3.961294412612915, 3.104975938796997, 0.00782675202935934, 7000.0, 7000.0, 7000.0, 7000.0, 0.875320315361023, 2.96952223777771
61065, 40.034088134765625, 15.739910125732422, 0.030546557158231735, 3.968086004257202, 3.1053626537323, 0.005600697826594114, 7000.0, 7000.0, 7000.0, 7000.0, 0.8756057024002075, 2.964933156967163
61085, 40.113468170166016, 15.802080154418945, 0.030655737966299057, 3.9702675342559814, 3.112340211868286, 0.005025432910770178, 7000.0, 7000.0, 7000.0, 7000.0, 0.8772767186164856, 2.955986499786377
61105, 40.17173385620117, 15.889328002929688, 0.030895069241523743, 3.9694876670837402, 3.1222310066223145, 0.004990316927433014, 7000.0, 7000.0, 7000.0, 7000.0, 0.8769813776016235, 2.951247215270996
61125, 40.25113296508789, 15.951845169067383, 0.03100498579442501, 3.9713854789733887, 3.1296303272247314, 0.005023190751671791, 7000.0, 7000.0, 7000.0, 7000.0, 0.8753640055656433, 2.9580204486846924
61145, 40.330570220947266, 16.01450538635254, 0.031108487397432327, 3.9731874465942383, 3.1364195346832275, 0.005342911928892136, 7000.0, 7000.0, 7000.0, 7000.0, 0.8765354156494141, 2.9672563076019287
61165, 40.520545959472656, 15.974579811096191, 0.03066844493150711, 3.9901769161224365, 3.1307342052459717, 0.002706554951146245, 7000.0, 7000.0, 7000.0, 7000.0, 0.8773680925369263, 2.971773624420166
61185, 40.60037612915039, 16.037256240844727, 0.03070881962776184, 3.992671012878418, 3.1376917362213135, 0.002207093872129917, 7000.0, 7000.0, 7000.0, 7000.0, 0.8770666718482971, 2.9557383060455322
61205, 41.09074401855469, 15.808573722839355, 0.029493678361177444, 4.0509843826293945, 3.1072311401367188, -0.005026769358664751, 7000.0, 7000.0, 7000.0, 7000.0, 0.8767493963241577, 2.9464664459228516
61225, 41.17178726196289, 15.870787620544434, 0.029395723715424538, 4.053680896759033, 3.1144449710845947, -0.005766939837485552, 7000.0, 7000.0, 7000.0, 7000.0, 0.8739392757415771, 2.906655788421631
61245, 41.25287628173828, 15.933150291442871, 0.02928837761282921, 4.055924892425537, 3.121446371078491, -0.005743686575442553, 7000.0, 7000.0, 7000.0, 7000.0, 0.8720846176147461, 2.9101059436798096
61265, 41.41083908081055, 15.952552795410156, 0.029036467894911766, 4.068643569946289, 3.1230382919311523, -0.005899515468627214, 7000.0, 7000.0, 7000.0, 7000.0, 0.8735440373420715, 2.9113411903381348
61285, 41.49224090576172, 16.015090942382812, 0.028907056897878647, 4.071019649505615, 3.130277633666992, -0.0058668022975325584, 7000.0, 7000.0, 7000.0, 7000.0, 0.8746498823165894, 2.9102609157562256
61305, 40.8522834777832, 16.457067489624023, 0.029776681214571, 3.974159002304077, 3.1899476051330566, -0.0006914703990332782, 7000.0, 7000.0, 7000.0, 7000.0, 0.8772991895675659, 2.906536817550659
61325, 40.931793212890625, 16.520933151245117, 0.029760729521512985, 3.9765782356262207, 3.1967527866363525, -0.00090446398826316, 7000.0, 7000.0, 7000.0, 7000.0, 0.8797565698623657, 2.9513611793518066
61345, 41.011348724365234, 16.58493995666504, 0.02975243143737316, 3.978999614715576, 3.203763246536255, -0.0008889197488315403, 7000.0, 7000.0, 7000.0, 7000.0, 0.8783394694328308, 2.9472737312316895
61365, 41.72126388549805, 16.357297897338867, 0.02839396521449089, 4.0663604736328125, 3.172097682952881, -0.0073148151859641075, 7000.0, 7000.0, 7000.0, 7000.0, 0.8765483498573303, 2.94661021232605
61385, 41.80261993408203, 16.42081642150879, 0.028253011405467987, 4.069186687469482, 3.1792221069335938, -0.006440174300223589, 7000.0, 7000.0, 7000.0, 7000.0, 0.8773190379142761, 2.901947259902954
61405, 42.21126937866211, 16.36267852783203, 0.02756003476679325, 4.116497993469238, 3.17012357711792, -0.009141802787780762, 7000.0, 7000.0, 7000.0, 7000.0, 0.8778479695320129, 2.903287410736084
61425, 42.29364013671875, 16.42615509033203, 0.02736564353108406, 4.119885444641113, 3.1771340370178223, -0.009236745536327362, 7000.0, 7000.0, 7000.0, 7000.0, 0.8794437646865845, 2.8802545070648193
61445, 42.37607955932617, 16.489768981933594, 0.027176454663276672, 4.123495578765869, 3.183941125869751, -0.009893456473946571, 7000.0, 7000.0, 7000.0, 7000.0, 0.8817376494407654, 2.877908706665039
61465, 41.4701042175293, 16.881446838378906, 0.02839047461748123, 3.9926586151123047, 3.2363412380218506, -0.0029850550927221775, 7000.0, 7000.0, 7000.0, 7000.0, 0.8820886015892029, 2.875199556350708
61485, 41.549983978271484, 16.94625473022461, 0.02834014967083931, 3.995496988296509, 3.2433087825775146, -0.0028972032014280558, 7000.0, 7000.0, 7000.0, 7000.0, 0.8833438158035278, 2.9485058784484863
61505, 40.89011764526367, 17.278833389282227, 0.030000697821378708, 3.8992340564727783, 3.2847020626068115, 0.0064536589197814465, 7000.0, 7000.0, 7000.0, 7000.0, 0.8854095339775085, 2.9524078369140625
61525, 40.96812438964844, 17.3446102142334, 0.0301215797662735, 3.9009745121002197, 3.292323350906372, 0.006455587688833475, 7000.0, 7000.0, 7000.0, 7000.0, 0.8881444931030273, 3.0122175216674805
61545, 41.046173095703125, 17.41053581237793, 0.03023785725235939, 3.903198719024658, 3.3000898361206055, 0.005903895944356918, 7000.0, 7000.0, 7000.0, 7000.0, 0.8909368515014648, 3.0087544918060303
61565, 41.15853500366211, 17.542049407958984, 0.031203314661979675, 3.911440849304199, 3.312579870223999, 0.009345205500721931, 7000.0, 7000.0, 7000.0, 7000.0, 0.8907871842384338, 3.007026195526123
61585, 41.23678207397461, 17.608369827270508, 0.031405236572027206, 3.9135570526123047, 3.3195643424987793, 0.009652488864958286, 7000.0, 7000.0, 7000.0, 7000.0, 0.8938707113265991, 3.007251501083374
61605, 41.1683235168457, 17.621782302856445, 0.030980758368968964, 3.894746780395508, 3.3232531547546387, 0.007151571102440357, 7000.0, 7000.0, 7000.0, 7000.0, 0.8936872482299805, 3.007016181945801
61625, 41.246238708496094, 17.688323974609375, 0.03113076649606228, 3.8971121311187744, 3.330498456954956, 0.007625614292919636, 7000.0, 7000.0, 7000.0, 7000.0, 0.8957726359367371, 3.015079975128174
61645, 41.32420349121094, 17.755006790161133, 0.031279247254133224, 3.899172067642212, 3.337679862976074, 0.008051827549934387, 7000.0, 7000.0, 7000.0, 7000.0, 0.8966231346130371, 3.0163826942443848
61665, 40.67899703979492, 17.657779693603516, 0.029297083616256714, 3.798694372177124, 3.3369789123535156, -0.0028696071822196245, 7000.0, 7000.0, 7000.0, 7000.0, 0.8984953165054321, 3.0149118900299072
61685, 40.7549934387207, 17.724592208862305, 0.02923303097486496, 3.8009023666381836, 3.3447067737579346, -0.0036983585450798273, 7000.0, 7000.0, 7000.0, 7000.0, 0.8986389636993408, 3.043581485748291
61705, 40.55507278442383, 17.79595947265625, 0.028588557615876198, 3.76446270942688, 3.356269359588623, -0.007231416180729866, 7000.0, 7000.0, 7000.0, 7000.0, 0.8996678590774536, 3.0360498428344727
61725, 40.63037872314453, 17.863157272338867, 0.02845080941915512, 3.767152786254883, 3.3637442588806152, -0.007547294721007347, 7000.0, 7000.0, 7000.0, 7000.0, 0.8968243598937988, 3.046032190322876
61745, 40.70574188232422, 17.930505752563477, 0.02830331400036812, 3.769787073135376, 3.3712220191955566, -0.0075726937502622604, 7000.0, 7000.0, 7000.0, 7000.0, 0.8967036008834839, 3.0525505542755127
61765, 40.691795349121094, 18.0126895904541, 0.027986520901322365, 3.7592530250549316, 3.3817496299743652, -0.008494623005390167, 7000.0, 7000.0, 7000.0, 7000.0, 0.8964987993240356, 3.056856870651245
61785, 40.76700210571289, 18.08039093017578, 0.027803076431155205, 3.7611896991729736, 3.389265537261963, -0.009030159562826157, 7000.0, 7000.0, 7000.0, 7000.0, 0.8979464769363403, 3.056216239929199
61805, 41.372467041015625, 18.04651641845703, 0.028651824221014977, 3.8382744789123535, 3.3767905235290527, -0.004398807417601347, 7000.0, 7000.0, 7000.0, 7000.0, 0.8981730341911316, 3.0534849166870117
61825, 41.44925308227539, 18.114116668701172, 0.028570424765348434, 3.8408443927764893, 3.383822441101074, -0.004794747103005648, 7000.0, 7000.0, 7000.0, 7000.0, 0.897256076335907, 3.0234837532043457
61845, 41.526084899902344, 18.181865692138672, 0.028484176844358444, 3.843123435974121, 3.3911948204040527, -0.004698534961789846, 7000.0, 7000.0, 7000.0, 7000.0, 0.8945426940917969, 3.021771192550659
61865, 41.49567794799805, 18.167495727539062, 0.027639003470540047, 3.829448938369751, 3.3908650875091553, -0.008006825111806393, 7000.0, 7000.0, 7000.0, 7000.0, 0.8943468332290649, 3.025660514831543
61885, 41.57229232788086, 18.235395431518555, 0.027470439672470093, 3.8319571018218994, 3.3987860679626465, -0.007859067060053349, 7000.0, 7000.0, 7000.0, 7000.0, 0.8952686190605164, 3.036057472229004
61905, 41.60187530517578, 18.53240966796875, 0.02847755327820778, 3.8309943675994873, 3.4328370094299316, -0.0022115909960120916, 7000.0, 7000.0, 7000.0, 7000.0, 0.8959491848945618, 3.034632921218872
61925, 41.678524017333984, 18.601139068603516, 0.028428008779883385, 3.833669900894165, 3.440448522567749, -0.0026871708687394857, 7000.0, 7000.0, 7000.0, 7000.0, 0.8973299264907837, 3.0349278450012207
61945, 41.75522232055664, 18.670024871826172, 0.028378291055560112, 3.836517333984375, 3.448090076446533, -0.003166597569361329, 7000.0, 7000.0, 7000.0, 7000.0, 0.8970727324485779, 3.0337934494018555
61965, 41.76401138305664, 18.80984115600586, 0.028629176318645477, 3.8304283618927, 3.464188814163208, -0.002075263299047947, 7000.0, 7000.0, 7000.0, 7000.0, 0.8973457217216492, 3.0321123600006104
61985, 41.84063720703125, 18.87920379638672, 0.028590993955731392, 3.832416296005249, 3.471660852432251, -0.0017565079033374786, 7000.0, 7000.0, 7000.0, 7000.0, 0.8965668678283691, 3.0385591983795166
62005, 41.576072692871094, 19.20233726501465, 0.029664035886526108, 3.7912893295288086, 3.509782075881958, 0.004319609142839909, 7000.0, 7000.0, 7000.0, 7000.0, 0.8961055278778076, 3.040984869003296
62025, 41.65192794799805, 19.272607803344727, 0.029735757037997246, 3.7934207916259766, 3.51725172996521, 0.003961751703172922, 7000.0, 7000.0, 7000.0, 7000.0, 0.8982093334197998, 3.068560838699341
62045, 41.72783279418945, 19.34303092956543, 0.029800347983837128, 3.796280860900879, 3.524801254272461, 0.0028235451318323612, 7000.0, 7000.0, 7000.0, 7000.0, 0.898766815662384, 3.0631744861602783
62065, 41.904449462890625, 19.344505310058594, 0.02945544756948948, 3.8118033409118652, 3.5244901180267334, 0.000238792912568897, 7000.0, 7000.0, 7000.0, 7000.0, 0.8994333148002625, 3.0596368312835693
62085, 41.980709075927734, 19.41507911682129, 0.029466932639479637, 3.814455032348633, 3.5318777561187744, 6.388583278749138e-05, 7000.0, 7000.0, 7000.0, 7000.0, 0.8963025212287903, 3.050659418106079
62105, 41.98974609375, 19.529054641723633, 0.029709478840231895, 3.807943820953369, 3.544206380844116, 0.0010645148577168584, 7000.0, 7000.0, 7000.0, 7000.0, 0.8990896344184875, 3.0529985427856445
62125, 42.0659294128418, 19.600027084350586, 0.02972434088587761, 3.810065746307373, 3.5520946979522705, 0.0013604912674054503, 7000.0, 7000.0, 7000.0, 7000.0, 0.9009093642234802, 3.056980609893799
62145, 42.14215850830078, 19.671154022216797, 0.029740210622549057, 3.8123509883880615, 3.5600757598876953, 0.0010742571903392673, 7000.0, 7000.0, 7000.0, 7000.0, 0.9005832076072693, 3.054307222366333
62165, 42.67343521118164, 19.53121566772461, 0.028348293155431747, 3.8726701736450195, 3.5448930263519287, -0.007267784792929888, 7000.0, 7000.0, 7000.0, 7000.0, 0.9005487561225891, 3.043147563934326
62185, 42.7121696472168, 19.56668472290039, 0.028279464691877365, 3.873947858810425, 3.5487773418426514, -0.00653060944750905, 7000.0, 7000.0, 7000.0, 7000.0, 0.900529146194458, 3.007004499435425
62205, 42.602359771728516, 19.69122886657715, 0.02849508449435234, 3.8523173332214355, 3.5626420974731445, -0.004326340742409229, 7000.0, 7000.0, 7000.0, 7000.0, 0.9007288813591003, 3.0046451091766357
62225, 42.6794319152832, 19.76255226135254, 0.028393328189849854, 3.8545053005218506, 3.570051670074463, -0.005127860698848963, 7000.0, 7000.0, 7000.0, 7000.0, 0.8988256454467773, 3.0200119018554688
62245, 42.75653839111328, 19.834020614624023, 0.02828788384795189, 3.856583595275879, 3.577174186706543, -0.005646381992846727, 7000.0, 7000.0, 7000.0, 7000.0, 0.8994106650352478, 3.018725872039795
62265, 43.18711471557617, 19.807024002075195, 0.02758037857711315, 3.903853178024292, 3.572564125061035, -0.009116770699620247, 7000.0, 7000.0, 7000.0, 7000.0, 0.9007103443145752, 3.0224695205688477
62285, 43.265201568603516, 19.87855339050293, 0.02740640752017498, 3.905308723449707, 3.58016300201416, -0.008819016627967358, 7000.0, 7000.0, 7000.0, 7000.0, 0.90048748254776, 2.9907188415527344
62305, 43.124568939208984, 20.006420135498047, 0.02753932774066925, 3.8786513805389404, 3.59511661529541, -0.006358632352203131, 7000.0, 7000.0, 7000.0, 7000.0, 0.9011651873588562, 2.983549118041992
62325, 43.20216369628906, 20.07840347290039, 0.0274020005017519, 3.8803579807281494, 3.6027472019195557, -0.006168632302433252, 7000.0, 7000.0, 7000.0, 7000.0, 0.9015632271766663, 2.9885079860687256
62345, 43.27980422973633, 20.150527954101562, 0.02726021781563759, 3.882824420928955, 3.609586477279663, -0.00697881868109107, 7000.0, 7000.0, 7000.0, 7000.0, 0.9024899005889893, 2.994577169418335
62365, 42.74909973144531, 20.403467178344727, 0.027991143986582756, 3.806826114654541, 3.6394805908203125, -0.0030184113420546055, 7000.0, 7000.0, 7000.0, 7000.0, 0.9035578966140747, 2.9942798614501953
62385, 42.82525634765625, 20.476333618164062, 0.027937883511185646, 3.808720350265503, 3.646740674972534, -0.003158683655783534, 7000.0, 7000.0, 7000.0, 7000.0, 0.9061936736106873, 3.0315635204315186
62405, 43.0899772644043, 20.46875762939453, 0.027480412274599075, 3.834197998046875, 3.64477276802063, -0.0052783978171646595, 7000.0, 7000.0, 7000.0, 7000.0, 0.906779408454895, 3.0254783630371094
62425, 43.16667938232422, 20.541746139526367, 0.027373822405934334, 3.83589243888855, 3.6527767181396484, -0.005149984732270241, 7000.0, 7000.0, 7000.0, 7000.0, 0.9057064056396484, 3.006268262863159
62445, 43.24342727661133, 20.614885330200195, 0.02725835144519806, 3.8379979133605957, 3.6602349281311035, -0.005340151488780975, 7000.0, 7000.0, 7000.0, 7000.0, 0.9046298861503601, 3.004931926727295
62465, 42.83403778076172, 20.981096267700195, 0.028471814468503, 3.7798454761505127, 3.7023239135742188, 0.0008115407545119524, 7000.0, 7000.0, 7000.0, 7000.0, 0.9033095240592957, 3.0077409744262695
62485, 42.913448333740234, 21.058929443359375, 0.028483232483267784, 3.782463788986206, 3.710343360900879, 0.00010800910968100652, 7000.0, 7000.0, 7000.0, 7000.0, 0.9051292538642883, 3.048602819442749
62505, 43.09585952758789, 21.00539207458496, 0.027831582352519035, 3.7970993518829346, 3.7040975093841553, -0.004012679681181908, 7000.0, 7000.0, 7000.0, 7000.0, 0.9051388502120972, 3.0482306480407715
62525, 43.17182159423828, 21.079551696777344, 0.027761513367295265, 3.799586057662964, 3.7113873958587646, -0.003972573205828667, 7000.0, 7000.0, 7000.0, 7000.0, 0.9053210616111755, 3.0349984169006348
62545, 43.24783706665039, 21.15386199951172, 0.02768241986632347, 3.801907539367676, 3.7189996242523193, -0.0037622463423758745, 7000.0, 7000.0, 7000.0, 7000.0, 0.903829038143158, 3.027693510055542
62565, 43.30701446533203, 21.261280059814453, 0.02776804007589817, 3.80277419090271, 3.7298896312713623, -0.0031925460789352655, 7000.0, 7000.0, 7000.0, 7000.0, 0.9042383432388306, 3.0273327827453613
62585, 43.38310623168945, 21.335952758789062, 0.027689078822731972, 3.8057212829589844, 3.7373545169830322, -0.0038058042991906404, 7000.0, 7000.0, 7000.0, 7000.0, 0.9022346138954163, 3.03064227104187
62605, 43.44181823730469, 21.44064712524414, 0.027764875441789627, 3.806926965713501, 3.7480709552764893, -0.003760252147912979, 7000.0, 7000.0, 7000.0, 7000.0, 0.9034130573272705, 3.0299298763275146
62625, 43.517982482910156, 21.51568603515625, 0.0276955533772707, 3.8098344802856445, 3.7558326721191406, -0.004405159503221512, 7000.0, 7000.0, 7000.0, 7000.0, 0.9033908843994141, 3.0319039821624756
62645, 43.59419631958008, 21.590883255004883, 0.027617869898676872, 3.812318801879883, 3.7635605335235596, -0.004541791044175625, 7000.0, 7000.0, 7000.0, 7000.0, 0.9044398069381714, 3.0325794219970703
62665, 43.210350036621094, 22.19361114501953, 0.030162954702973366, 3.761277198791504, 3.828294277191162, 0.009693587198853493, 7000.0, 7000.0, 7000.0, 7000.0, 0.9045218825340271, 3.0288093090057373
62685, 43.28559494018555, 22.270254135131836, 0.030346127226948738, 3.7635605335235596, 3.8362178802490234, 0.009497608989477158, 7000.0, 7000.0, 7000.0, 7000.0, 0.9081204533576965, 3.0624935626983643
62705, 43.420196533203125, 22.14287567138672, 0.029441729187965393, 3.7716524600982666, 3.8238391876220703, 0.0031473501585423946, 7000.0, 7000.0, 7000.0, 7000.0, 0.9094160795211792, 3.0639493465423584
62725, 43.49565887451172, 22.21941375732422, 0.029497699812054634, 3.7745063304901123, 3.831156015396118, 0.0021636569872498512, 7000.0, 7000.0, 7000.0, 7000.0, 0.909541130065918, 3.059417247772217
62745, 43.571170806884766, 22.29610824584961, 0.02954501286149025, 3.777345895767212, 3.838870048522949, 0.0014955040533095598, 7000.0, 7000.0, 7000.0, 7000.0, 0.9100199937820435, 3.0570619106292725
62765, 43.60310745239258, 22.499910354614258, 0.030270835384726524, 3.775883913040161, 3.8591768741607666, 0.004845652729272842, 7000.0, 7000.0, 7000.0, 7000.0, 0.9133689403533936, 3.0535385608673096
62785, 43.67864227294922, 22.57717514038086, 0.030370252206921577, 3.7779533863067627, 3.8672547340393066, 0.005171889904886484, 7000.0, 7000.0, 7000.0, 7000.0, 0.9156192541122437, 3.0528275966644287
62805, 43.725467681884766, 22.69856834411621, 0.030717233195900917, 3.776333808898926, 3.879582166671753, 0.006158053874969482, 7000.0, 7000.0, 7000.0, 7000.0, 0.9167319536209106, 3.049712657928467
62825, 43.80101776123047, 22.776233673095703, 0.030826762318611145, 3.77860426902771, 3.88735294342041, 0.005633436609059572, 7000.0, 7000.0, 7000.0, 7000.0, 0.9163771867752075, 3.053422451019287
62845, 43.87661361694336, 22.854049682617188, 0.030931448563933372, 3.7811849117279053, 3.894998788833618, 0.004884630907326937, 7000.0, 7000.0, 7000.0, 7000.0, 0.9165926575660706, 3.058156967163086
62865, 44.24269104003906, 22.693214416503906, 0.029607094824314117, 3.8175530433654785, 3.879455804824829, -0.003085732227191329, 7000.0, 7000.0, 7000.0, 7000.0, 0.9176768660545349, 3.059863567352295
62885, 44.322872161865234, 22.774768829345703, 0.029552660882472992, 3.8194994926452637, 3.887418270111084, -0.0028900939505547285, 7000.0, 7000.0, 7000.0, 7000.0, 0.9180936813354492, 3.034698724746704
62905, 44.490543365478516, 22.817964553833008, 0.02926832251250744, 3.832035779953003, 3.8923590183258057, -0.003501591272652149, 7000.0, 7000.0, 7000.0, 7000.0, 0.918038547039032, 3.0265023708343506
62925, 44.567203521728516, 22.895893096923828, 0.02918972261250019, 3.8334617614746094, 3.90030837059021, -0.003318054834380746, 7000.0, 7000.0, 7000.0, 7000.0, 0.9186335206031799, 3.019179344177246
62945, 44.643898010253906, 22.973976135253906, 0.02910919487476349, 3.835272789001465, 3.9081132411956787, -0.003701719455420971, 7000.0, 7000.0, 7000.0, 7000.0, 0.9187052249908447, 3.0214579105377197
62965, 45.02447509765625, 22.978029251098633, 0.02850205823779106, 3.8751134872436523, 3.9070584774017334, -0.007410627789795399, 7000.0, 7000.0, 7000.0, 7000.0, 0.9178872108459473, 3.0267364978790283
62985, 45.10200119018555, 23.056249618530273, 0.028355855494737625, 3.877657651901245, 3.914667844772339, -0.007888304069638252, 7000.0, 7000.0, 7000.0, 7000.0, 0.9197344183921814, 3.0106256008148193
63005, 44.262046813964844, 23.316911697387695, 0.029431171715259552, 3.7655129432678223, 3.9445202350616455, -0.001291800057515502, 7000.0, 7000.0, 7000.0, 7000.0, 0.9191168546676636, 3.008812665939331
63025, 44.33736801147461, 23.395893096923828, 0.029412047937512398, 3.7666068077087402, 3.952465295791626, -0.0004361939209047705, 7000.0, 7000.0, 7000.0, 7000.0, 0.9203778505325317, 3.059891939163208
63045, 44.412715911865234, 23.47503662109375, 0.029395297169685364, 3.7678067684173584, 3.9610204696655273, -0.0002186919009545818, 7000.0, 7000.0, 7000.0, 7000.0, 0.9194985032081604, 3.0602712631225586
63065, 44.79248809814453, 23.423648834228516, 0.028701767325401306, 3.806459426879883, 3.9544005393981934, -0.004224603530019522, 7000.0, 7000.0, 7000.0, 7000.0, 0.9177961349487305, 3.064713716506958
63085, 44.86863708496094, 23.502817153930664, 0.02860819175839424, 3.808166742324829, 3.962364673614502, -0.0050196233205497265, 7000.0, 7000.0, 7000.0, 7000.0, 0.9177693724632263, 3.0504112243652344
63105, 44.85702896118164, 23.62786865234375, 0.028705419972538948, 3.799407958984375, 3.9754395484924316, -0.004549946170300245, 7000.0, 7000.0, 7000.0, 7000.0, 0.9184237122535706, 3.052030324935913
63125, 44.93303298950195, 23.707456588745117, 0.02862793579697609, 3.801065444946289, 3.9827170372009277, -0.004072967916727066, 7000.0, 7000.0, 7000.0, 7000.0, 0.9182352423667908, 3.051954984664917
63145, 45.009063720703125, 23.787195205688477, 0.02855674736201763, 3.80214262008667, 3.9904751777648926, -0.0031713475473225117, 7000.0, 7000.0, 7000.0, 7000.0, 0.9182864427566528, 3.0526838302612305
63165, 45.407806396484375, 23.669557571411133, 0.027757925912737846, 3.841531276702881, 3.9755754470825195, -0.006302746012806892, 7000.0, 7000.0, 7000.0, 7000.0, 0.9148918390274048, 3.0498781204223633
63185, 45.484657287597656, 23.749149322509766, 0.027624372392892838, 3.84301495552063, 3.9835963249206543, -0.006150037050247192, 7000.0, 7000.0, 7000.0, 7000.0, 0.912348747253418, 3.036102294921875
63205, 45.4533576965332, 23.893630981445312, 0.027691034600138664, 3.8321473598480225, 3.9992105960845947, -0.005659154150635004, 7000.0, 7000.0, 7000.0, 7000.0, 0.909733772277832, 3.0383524894714355
63225, 45.53002166748047, 23.97368812561035, 0.027585329487919807, 3.834498167037964, 4.006546497344971, -0.006052011623978615, 7000.0, 7000.0, 7000.0, 7000.0, 0.9124849438667297, 3.046482563018799
63245, 45.60672378540039, 24.053895950317383, 0.027477575466036797, 3.8365230560302734, 4.01389217376709, -0.00582064688205719, 7000.0, 7000.0, 7000.0, 7000.0, 0.9134464859962463, 3.0447998046875
63265, 45.22919464111328, 24.4100284576416, 0.028129126876592636, 3.7835428714752197, 4.054892539978027, -0.0012528817169368267, 7000.0, 7000.0, 7000.0, 7000.0, 0.9136134386062622, 3.0364978313446045
63285, 45.30866241455078, 24.495269775390625, 0.028101269155740738, 3.7851123809814453, 4.063314437866211, -0.0005956917302682996, 7000.0, 7000.0, 7000.0, 7000.0, 0.9126103520393372, 3.062124252319336
63305, 45.6043815612793, 24.43658447265625, 0.02759210392832756, 3.8129191398620605, 4.055424690246582, -0.0035160870756953955, 7000.0, 7000.0, 7000.0, 7000.0, 0.9119069576263428, 3.063081741333008
63325, 45.680660247802734, 24.517763137817383, 0.027520785108208656, 3.8149259090423584, 4.06342887878418, -0.003681161208078265, 7000.0, 7000.0, 7000.0, 7000.0, 0.9135566353797913, 3.0524585247039795
63345, 45.75697326660156, 24.59910011291504, 0.02745867148041725, 3.8173084259033203, 4.0711493492126465, -0.003629305399954319, 7000.0, 7000.0, 7000.0, 7000.0, 0.9161777496337891, 3.0538170337677
63365, 45.50319290161133, 24.883398056030273, 0.02816753089427948, 3.7798168659210205, 4.1017842292785645, 0.0005842609098181129, 7000.0, 7000.0, 7000.0, 7000.0, 0.9191932678222656, 3.041806221008301
63385, 45.578792572021484, 24.965511322021484, 0.028184490278363228, 3.780874013900757, 4.109602928161621, 0.0009434373932890594, 7000.0, 7000.0, 7000.0, 7000.0, 0.9197087287902832, 3.06565523147583
63405, 45.538997650146484, 25.13227081298828, 0.02856273576617241, 3.768752098083496, 4.1274824142456055, 0.0032317652367055416, 7000.0, 7000.0, 7000.0, 7000.0, 0.9189563393592834, 3.0692760944366455
63425, 45.6143913269043, 25.21489906311035, 0.028612783178687096, 3.7704505920410156, 4.135723114013672, 0.002840681467205286, 7000.0, 7000.0, 7000.0, 7000.0, 0.9209859371185303, 3.072673797607422
63445, 45.6898193359375, 25.297687530517578, 0.02866039238870144, 3.7721900939941406, 4.143670558929443, 0.0022976109758019447, 7000.0, 7000.0, 7000.0, 7000.0, 0.9232960343360901, 3.069051742553711
63465, 45.54280471801758, 25.618913650512695, 0.02983851544559002, 3.7493844032287598, 4.175332069396973, 0.008037558756768703, 7000.0, 7000.0, 7000.0, 7000.0, 0.9224092960357666, 3.0658719539642334
63485, 45.617801666259766, 25.70249366760254, 0.030009379610419273, 3.7512247562408447, 4.182681083679199, 0.008063139393925667, 7000.0, 7000.0, 7000.0, 7000.0, 0.9210959672927856, 3.0808675289154053
63505, 45.69699478149414, 25.77705955505371, 0.03013613075017929, 3.7529428005218506, 4.189032554626465, 0.008256940171122551, 7000.0, 7000.0, 7000.0, 7000.0, 0.9220937490463257, 3.083695650100708
63525, 45.77206802368164, 25.860919952392578, 0.030294161289930344, 3.7542951107025146, 4.196965217590332, 0.008454561233520508, 7000.0, 7000.0, 7000.0, 7000.0, 0.9215303659439087, 3.0918333530426025
63545, 45.84716796875, 25.944936752319336, 0.030453845858573914, 3.755291700363159, 4.204864501953125, 0.008618933148682117, 7000.0, 7000.0, 7000.0, 7000.0, 0.9238668084144592, 3.091247320175171
63565, 45.94329833984375, 25.96255111694336, 0.030357087031006813, 3.75907301902771, 4.20624303817749, 0.006574319675564766, 7000.0, 7000.0, 7000.0, 7000.0, 0.9229795336723328, 3.084033250808716
63585, 46.01850509643555, 26.046751022338867, 0.03048677369952202, 3.7613370418548584, 4.213569641113281, 0.006156775634735823, 7000.0, 7000.0, 7000.0, 7000.0, 0.9220693111419678, 3.080167770385742
63605, 46.124481201171875, 26.057104110717773, 0.03038029931485653, 3.766530990600586, 4.2133073806762695, 0.005515381693840027, 7000.0, 7000.0, 7000.0, 7000.0, 0.920166552066803, 3.079542875289917
63625, 46.1998291015625, 26.141456604003906, 0.030497541651129723, 3.7684054374694824, 4.2207112312316895, 0.005958533845841885, 7000.0, 7000.0, 7000.0, 7000.0, 0.9194778800010681, 3.0847508907318115
63645, 46.27521896362305, 26.22595977783203, 0.03061448410153389, 3.770312786102295, 4.228416919708252, 0.006486294791102409, 7000.0, 7000.0, 7000.0, 7000.0, 0.9203487038612366, 3.0929055213928223
63665, 46.644203186035156, 25.836645126342773, 0.02944733202457428, 3.8049473762512207, 4.184450626373291, -0.00017867291171569377, 7000.0, 7000.0, 7000.0, 7000.0, 0.9230126142501831, 3.09553599357605
63685, 46.720333099365234, 25.920419692993164, 0.029436158016324043, 3.8075432777404785, 4.19268274307251, -0.000559369451366365, 7000.0, 7000.0, 7000.0, 7000.0, 0.9228886961936951, 3.0754449367523193
63705, 46.876304626464844, 25.90407371520996, 0.029235204681754112, 3.819152355194092, 4.188979148864746, -0.0017283714842051268, 7000.0, 7000.0, 7000.0, 7000.0, 0.9228808283805847, 3.0708088874816895
63725, 46.95270919799805, 25.98793601989746, 0.029209256172180176, 3.8217482566833496, 4.19666862487793, -0.0017620405415073037, 7000.0, 7000.0, 7000.0, 7000.0, 0.9207842350006104, 3.0714194774627686
63745, 47.02916717529297, 26.071950912475586, 0.029185021296143532, 3.824232816696167, 4.204178333282471, -0.0011301646009087563, 7000.0, 7000.0, 7000.0, 7000.0, 0.921972930431366, 3.0752110481262207
63765, 47.154701232910156, 26.102821350097656, 0.029078135266900063, 3.832491397857666, 4.205727577209473, -0.0011163187446072698, 7000.0, 7000.0, 7000.0, 7000.0, 0.9215028285980225, 3.075017213821411
63785, 47.231380462646484, 26.187015533447266, 0.029045647010207176, 3.8348143100738525, 4.213507652282715, -0.0011086236918345094, 7000.0, 7000.0, 7000.0, 7000.0, 0.9234306216239929, 3.071882486343384
63805, 47.31746292114258, 26.26182746887207, 0.029003269970417023, 3.8388140201568604, 4.2203288078308105, -0.00135457469150424, 7000.0, 7000.0, 7000.0, 7000.0, 0.922633945941925, 3.074023485183716
63825, 47.394264221191406, 26.3463134765625, 0.028976378962397575, 3.8411638736724854, 4.2285051345825195, -0.0018620718037709594, 7000.0, 7000.0, 7000.0, 7000.0, 0.9243402481079102, 3.071281909942627
63845, 47.471099853515625, 26.430967330932617, 0.02895236574113369, 3.84293794631958, 4.236636161804199, -0.001765966764651239, 7000.0, 7000.0, 7000.0, 7000.0, 0.9236428141593933, 3.0676302909851074
63865, 47.86198806762695, 26.22171401977539, 0.028463780879974365, 3.8817548751831055, 4.208912372589111, -0.004051731433719397, 7000.0, 7000.0, 7000.0, 7000.0, 0.923158586025238, 3.068079710006714
63885, 47.939632415771484, 26.30597686767578, 0.02838129922747612, 3.8831846714019775, 4.217256546020508, -0.004075395409017801, 7000.0, 7000.0, 7000.0, 7000.0, 0.9229794144630432, 3.0516884326934814
63905, 47.78211212158203, 26.61030387878418, 0.0285915806889534, 3.8568572998046875, 4.252264499664307, -0.0025056444574147463, 7000.0, 7000.0, 7000.0, 7000.0, 0.9252205491065979, 3.0528883934020996
63925, 47.85927200317383, 26.695417404174805, 0.028532763943076134, 3.8593084812164307, 4.260019302368164, -0.002935708500444889, 7000.0, 7000.0, 7000.0, 7000.0, 0.9261448979377747, 3.0586612224578857
63945, 47.93647766113281, 26.780683517456055, 0.02847020886838436, 3.8617372512817383, 4.267566204071045, -0.0036290311254560947, 7000.0, 7000.0, 7000.0, 7000.0, 0.9248763918876648, 3.057650089263916
63965, 48.171295166015625, 26.731632232666016, 0.02819034270942211, 3.8825225830078125, 4.258825302124023, -0.005053302738815546, 7000.0, 7000.0, 7000.0, 7000.0, 0.923393726348877, 3.0556986331939697
63985, 48.248958587646484, 26.816884994506836, 0.028096964582800865, 3.884744644165039, 4.26654052734375, -0.004883442539721727, 7000.0, 7000.0, 7000.0, 7000.0, 0.9213809370994568, 3.0458967685699463
64005, 48.00502395629883, 27.169227600097656, 0.028429735451936722, 3.8492684364318848, 4.307167053222656, -0.0018489230424165726, 7000.0, 7000.0, 7000.0, 7000.0, 0.9214816689491272, 3.048395872116089
64025, 48.08203125, 27.255455017089844, 0.028386466205120087, 3.8515167236328125, 4.31561803817749, -0.0017311699921265244, 7000.0, 7000.0, 7000.0, 7000.0, 0.9225021600723267, 3.0700318813323975
64045, 48.15908432006836, 27.341838836669922, 0.028341179713606834, 3.853609561920166, 4.323464870452881, -0.0020012292079627514, 7000.0, 7000.0, 7000.0, 7000.0, 0.9243462085723877, 3.0681850910186768
64065, 46.908573150634766, 28.406883239746094, 0.030534692108631134, 3.6999611854553223, 4.44644021987915, 0.008700828067958355, 7000.0, 7000.0, 7000.0, 7000.0, 0.9252596497535706, 3.063741683959961
64085, 46.98258590698242, 28.495887756347656, 0.030713168904185295, 3.7017412185668945, 4.454065799713135, 0.008608518168330193, 7000.0, 7000.0, 7000.0, 7000.0, 0.9259187579154968, 3.1315958499908447
64105, 47.069480895996094, 28.6810359954834, 0.02913239225745201, 3.6994636058807373, 4.485411643981934, -0.0008899940294213593, 7000.0, 7000.0, 7000.0, 7000.0, 0.925601065158844, 3.1310458183288574
64125, 47.14347457885742, 28.770830154418945, 0.029116598889231682, 3.700434446334839, 4.493650913238525, -0.000593997654505074, 7000.0, 7000.0, 7000.0, 7000.0, 0.9272739291191101, 3.128269672393799
64145, 47.21749496459961, 28.86078453063965, 0.02909870073199272, 3.701460361480713, 4.501541614532471, -0.00033319558133371174, 7000.0, 7000.0, 7000.0, 7000.0, 0.9275238513946533, 3.136331081390381
64165, 47.28165817260742, 28.98202133178711, 0.029036326333880424, 3.701528310775757, 4.513894557952881, -0.00043567328248173, 7000.0, 7000.0, 7000.0, 7000.0, 0.9292461276054382, 3.1341326236724854
64185, 47.355712890625, 29.072378158569336, 0.02902115136384964, 3.7035365104675293, 4.521764755249023, -0.0008102982537820935, 7000.0, 7000.0, 7000.0, 7000.0, 0.928451657295227, 3.1319644451141357
64205, 47.42807388305664, 29.16922378540039, 0.02900293469429016, 3.7052502632141113, 4.5303730964660645, -0.000712588254828006, 7000.0, 7000.0, 7000.0, 7000.0, 0.9272060394287109, 3.127139091491699
64225, 47.502197265625, 29.259920120239258, 0.028996869921684265, 3.7071306705474854, 4.53819465637207, -0.0004011899000033736, 7000.0, 7000.0, 7000.0, 7000.0, 0.925036609172821, 3.1265344619750977
64245, 47.576358795166016, 29.35077667236328, 0.028993314132094383, 3.7091171741485596, 4.546154499053955, 0.00016045200754888356, 7000.0, 7000.0, 7000.0, 7000.0, 0.9236323237419128, 3.132800817489624
64265, 47.72587203979492, 29.041671752929688, 0.02949441596865654, 3.721694231033325, 4.502826690673828, 0.0031982348300516605, 7000.0, 7000.0, 7000.0, 7000.0, 0.9238663911819458, 3.1330583095550537
64285, 47.800331115722656, 29.131813049316406, 0.029550405219197273, 3.723778009414673, 4.511139869689941, 0.0031487075611948967, 7000.0, 7000.0, 7000.0, 7000.0, 0.9247452616691589, 3.1266767978668213
64305, 47.870697021484375, 29.302053451538086, 0.029339056462049484, 3.724663496017456, 4.5305938720703125, 0.0014817588962614536, 7000.0, 7000.0, 7000.0, 7000.0, 0.9278801679611206, 3.1266820430755615
64325, 47.94521713256836, 29.39274787902832, 0.029372313991189003, 3.726935625076294, 4.53864049911499, 0.0013540220679715276, 7000.0, 7000.0, 7000.0, 7000.0, 0.9267479777336121, 3.1215624809265137
64345, 48.019771575927734, 29.483606338500977, 0.029407547786831856, 3.728788375854492, 4.54657506942749, 0.0014754509320482612, 7000.0, 7000.0, 7000.0, 7000.0, 0.9254997372627258, 3.1230392456054688
64365, 47.98509979248047, 29.57254409790039, 0.03021758794784546, 3.720257520675659, 4.549973487854004, 0.005542085971683264, 7000.0, 7000.0, 7000.0, 7000.0, 0.9242430329322815, 3.127469062805176
64385, 48.05952453613281, 29.66362953186035, 0.030331265181303024, 3.7221596240997314, 4.558252334594727, 0.006269747857004404, 7000.0, 7000.0, 7000.0, 7000.0, 0.9245036244392395, 3.1370396614074707
64405, 48.400054931640625, 29.361190795898438, 0.02934197708964348, 3.7518694400787354, 4.525517463684082, 0.00018631105194799602, 7000.0, 7000.0, 7000.0, 7000.0, 0.9269469976425171, 3.136087656021118
64425, 48.47511291503906, 29.4517822265625, 0.02934092842042446, 3.753587007522583, 4.533872127532959, -0.00016322641749866307, 7000.0, 7000.0, 7000.0, 7000.0, 0.9254064559936523, 3.1175804138183594
64445, 48.550201416015625, 29.542537689208984, 0.02933661825954914, 3.7553956508636475, 4.54176139831543, -0.000941910722758621, 7000.0, 7000.0, 7000.0, 7000.0, 0.9255484342575073, 3.1090548038482666
64465, 48.07777786254883, 30.444091796875, 0.030638057738542557, 3.695767879486084, 4.641634941101074, 0.00585515983402729, 7000.0, 7000.0, 7000.0, 7000.0, 0.924071729183197, 3.104978561401367
64485, 48.151702880859375, 30.537010192871094, 0.030764847993850708, 3.6973283290863037, 4.649890899658203, 0.006301097571849823, 7000.0, 7000.0, 7000.0, 7000.0, 0.9248476028442383, 3.138026714324951
64505, 48.536251068115234, 30.286794662475586, 0.030032794922590256, 3.732792377471924, 4.621570110321045, 0.0019776930566877127, 7000.0, 7000.0, 7000.0, 7000.0, 0.9250271916389465, 3.1404671669006348
64525, 48.610923767089844, 30.37930679321289, 0.03007221780717373, 3.734569787979126, 4.6304521560668945, 0.002320442581549287, 7000.0, 7000.0, 7000.0, 7000.0, 0.9245898723602295, 3.123170852661133
64545, 48.68563461303711, 30.471988677978516, 0.030115444213151932, 3.73679518699646, 4.638784408569336, 0.00213196431286633, 7000.0, 7000.0, 7000.0, 7000.0, 0.9243975281715393, 3.1183712482452393
64565, 48.7855224609375, 30.54581642150879, 0.030104853212833405, 3.741825580596924, 4.644561767578125, 0.0018841163255274296, 7000.0, 7000.0, 7000.0, 7000.0, 0.9262138605117798, 3.1169493198394775
64585, 48.86037826538086, 30.638782501220703, 0.03014841489493847, 3.744281053543091, 4.652379035949707, 0.0017400020733475685, 7000.0, 7000.0, 7000.0, 7000.0, 0.9240580797195435, 3.113996744155884
64605, 48.725921630859375, 30.862062454223633, 0.030582405626773834, 3.7231431007385254, 4.67439603805542, 0.004128263331949711, 7000.0, 7000.0, 7000.0, 7000.0, 0.9210153222084045, 3.1153032779693604
64625, 48.8004035949707, 30.95563316345215, 0.03066554106771946, 3.7252604961395264, 4.682751178741455, 0.004467093385756016, 7000.0, 7000.0, 7000.0, 7000.0, 0.9206997156143188, 3.1254730224609375
64645, 48.87493133544922, 31.04937171936035, 0.03074854239821434, 3.727513074874878, 4.691287040710449, 0.004400355741381645, 7000.0, 7000.0, 7000.0, 7000.0, 0.9226320385932922, 3.1234192848205566
64665, 49.12500762939453, 31.03435516357422, 0.03045831434428692, 3.7497503757476807, 4.6877970695495605, 0.0023759915493428707, 7000.0, 7000.0, 7000.0, 7000.0, 0.9234176278114319, 3.1233856678009033
64685, 49.20002746582031, 31.12818717956543, 0.030505700036883354, 3.7522926330566406, 4.695623397827148, 0.002222924493253231, 7000.0, 7000.0, 7000.0, 7000.0, 0.9223746061325073, 3.1145999431610107
64705, 49.4149284362793, 31.140926361083984, 0.03030429221689701, 3.770576238632202, 4.694471836090088, 0.0008478898089379072, 7000.0, 7000.0, 7000.0, 7000.0, 0.9216556549072266, 3.116980791091919
64725, 49.4903564453125, 31.23490333557129, 0.03032330609858036, 3.7724852561950684, 4.702661514282227, 0.0008480596588924527, 7000.0, 7000.0, 7000.0, 7000.0, 0.92034512758255, 3.10970139503479
64745, 49.565826416015625, 31.32904624938965, 0.030343418940901756, 3.7745349407196045, 4.7109694480896, 0.0013255105586722493, 7000.0, 7000.0, 7000.0, 7000.0, 0.9208289980888367, 3.1054835319519043
64765, 50.679229736328125, 30.847558975219727, 0.028714856132864952, 3.8944296836853027, 4.654839038848877, -0.007017182186245918, 7000.0, 7000.0, 7000.0, 7000.0, 0.9230408668518066, 3.1058878898620605
64785, 50.75714874267578, 30.940738677978516, 0.02856423705816269, 3.896899700164795, 4.663142681121826, -0.007445348892360926, 7000.0, 7000.0, 7000.0, 7000.0, 0.9220424294471741, 3.049511671066284
64805, 51.60958480834961, 30.65671730041504, 0.027698276564478874, 3.98850679397583, 4.625351428985596, -0.012183194048702717, 7000.0, 7000.0, 7000.0, 7000.0, 0.9225911498069763, 3.0470566749572754
64825, 51.689388275146484, 30.74930763244629, 0.027447618544101715, 3.991330146789551, 4.632965564727783, -0.012895217165350914, 7000.0, 7000.0, 7000.0, 7000.0, 0.9177627563476562, 3.0050318241119385
64845, 51.77323913574219, 30.846696853637695, 0.02717597782611847, 3.994407892227173, 4.64093542098999, -0.013124042190611362, 7000.0, 7000.0, 7000.0, 7000.0, 0.9171891212463379, 3.0056028366088867
64865, 51.98240661621094, 30.875141143798828, 0.02682613767683506, 4.012452602386475, 4.640746116638184, -0.013303047977387905, 7000.0, 7000.0, 7000.0, 7000.0, 0.919047474861145, 3.0087270736694336
64885, 52.06268310546875, 30.968046188354492, 0.026562882587313652, 4.014904975891113, 4.649041175842285, -0.012911330908536911, 7000.0, 7000.0, 7000.0, 7000.0, 0.9195167422294617, 3.0050528049468994
64905, 50.140892028808594, 32.10358428955078, 0.02757634036242962, 3.785318374633789, 4.787055969238281, -0.005585712380707264, 7000.0, 7000.0, 7000.0, 7000.0, 0.9207852482795715, 3.0050606727600098
64925, 50.21662521362305, 32.19940185546875, 0.027460942044854164, 3.787677764892578, 4.794994831085205, -0.0056358263827860355, 7000.0, 7000.0, 7000.0, 7000.0, 0.9252015948295593, 3.0997068881988525
64945, 50.29240417480469, 32.295379638671875, 0.027346951887011528, 3.7901628017425537, 4.802804946899414, -0.005666146520525217, 7000.0, 7000.0, 7000.0, 7000.0, 0.9252299666404724, 3.101672410964966
64965, 50.09426498413086, 32.47765350341797, 0.027568640187382698, 3.7609641551971436, 4.821171283721924, -0.003743625245988369, 7000.0, 7000.0, 7000.0, 7000.0, 0.9254599809646606, 3.1004278659820557
64985, 50.169498443603516, 32.574161529541016, 0.027497509494423866, 3.762718677520752, 4.829352855682373, -0.003745462978258729, 7000.0, 7000.0, 7000.0, 7000.0, 0.9253559112548828, 3.1145753860473633
65005, 49.8592414855957, 32.63089370727539, 0.028634555637836456, 3.7230279445648193, 4.828970909118652, 0.0031626352574676275, 7000.0, 7000.0, 7000.0, 7000.0, 0.9256324172019958, 3.114055633544922
65025, 49.933712005615234, 32.72755432128906, 0.028704578056931496, 3.7245421409606934, 4.837309837341309, 0.003900339361280203, 7000.0, 7000.0, 7000.0, 7000.0, 0.9253097176551819, 3.1359870433807373
65045, 50.00821304321289, 32.82438278198242, 0.02878095768392086, 3.72586989402771, 4.845754146575928, 0.003997835796326399, 7000.0, 7000.0, 7000.0, 7000.0, 0.9250708222389221, 3.136209487915039
65065, 50.03209686279297, 32.88072204589844, 0.028472144156694412, 3.720353364944458, 4.852239608764648, 0.002206219360232353, 7000.0, 7000.0, 7000.0, 7000.0, 0.9226705431938171, 3.132664918899536
65085, 50.10651397705078, 32.97784423828125, 0.028516661375761032, 3.7219250202178955, 4.860278129577637, 0.002111052628606558, 7000.0, 7000.0, 7000.0, 7000.0, 0.9201932549476624, 3.132716417312622
65105, 49.9468879699707, 32.94118118286133, 0.02783980406820774, 3.69352388381958, 4.859891414642334, -0.0017803363734856248, 7000.0, 7000.0, 7000.0, 7000.0, 0.9199177622795105, 3.1283507347106934
65125, 50.0207633972168, 33.0384635925293, 0.027812529355287552, 3.694713830947876, 4.86859655380249, -0.0014305530348792672, 7000.0, 7000.0, 7000.0, 7000.0, 0.9215517044067383, 3.1322405338287354
65145, 50.094661712646484, 33.13591384887695, 0.02778761275112629, 3.6958441734313965, 4.8770952224731445, -0.0014408313436433673, 7000.0, 7000.0, 7000.0, 7000.0, 0.9220042824745178, 3.1369447708129883
65165, 50.76519012451172, 33.545440673828125, 0.029335204511880875, 3.7726101875305176, 4.906483173370361, 0.006430670153349638, 7000.0, 7000.0, 7000.0, 7000.0, 0.9216970801353455, 3.1432747840881348
65185, 50.840660095214844, 33.643638610839844, 0.029458576813340187, 3.774259090423584, 4.914169788360596, 0.006382019724696875, 7000.0, 7000.0, 7000.0, 7000.0, 0.9193105697631836, 3.1202597618103027
65205, 50.8870964050293, 33.66127014160156, 0.029339967295527458, 3.771409034729004, 4.914865016937256, 0.004986163228750229, 7000.0, 7000.0, 7000.0, 7000.0, 0.9195436239242554, 3.120642900466919
65225, 50.96253967285156, 33.759647369384766, 0.029443809762597084, 3.7733850479125977, 4.922580242156982, 0.0052833398804068565, 7000.0, 7000.0, 7000.0, 7000.0, 0.9204276204109192, 3.116729736328125
65245, 51.04180145263672, 33.86311721801758, 0.02956136129796505, 3.7756078243255615, 4.93097448348999, 0.005531471688300371, 7000.0, 7000.0, 7000.0, 7000.0, 0.9203248023986816, 3.1181998252868652
65265, 51.09293746948242, 34.05366516113281, 0.02989279106259346, 3.775688886642456, 4.947934150695801, 0.0069475374184548855, 7000.0, 7000.0, 7000.0, 7000.0, 0.921669602394104, 3.118903636932373
65285, 51.16847229003906, 34.1527099609375, 0.030029375106096268, 3.777998685836792, 4.956274509429932, 0.007048191037029028, 7000.0, 7000.0, 7000.0, 7000.0, 0.9229027032852173, 3.1183695793151855
65305, 51.39912796020508, 34.006858825683594, 0.029642893001437187, 3.7964935302734375, 4.93978214263916, 0.003939986228942871, 7000.0, 7000.0, 7000.0, 7000.0, 0.9214728474617004, 3.116762399673462
65325, 51.47509002685547, 34.10573959350586, 0.029708869755268097, 3.7989072799682617, 4.947856426239014, 0.0032744514755904675, 7000.0, 7000.0, 7000.0, 7000.0, 0.9192624092102051, 3.1054909229278564
65345, 51.551090240478516, 34.20478057861328, 0.02976757474243641, 3.8011550903320312, 4.955687522888184, 0.0025889903772622347, 7000.0, 7000.0, 7000.0, 7000.0, 0.9218383431434631, 3.1012799739837646
65365, 52.03532791137695, 33.846134185791016, 0.02893180027604103, 3.846860647201538, 4.914930820465088, -0.0022114936728030443, 7000.0, 7000.0, 7000.0, 7000.0, 0.9218665361404419, 3.1018168926239014
65385, 52.11227798461914, 33.94451904296875, 0.028891606256365776, 3.848384380340576, 4.922954559326172, -0.0020956762600690126, 7000.0, 7000.0, 7000.0, 7000.0, 0.9211125373840332, 3.081038236618042
65405, 52.49357604980469, 33.740997314453125, 0.028435062617063522, 3.883758544921875, 4.896915435791016, -0.0038838505279272795, 7000.0, 7000.0, 7000.0, 7000.0, 0.9237462282180786, 3.082745313644409
65425, 52.5712776184082, 33.839019775390625, 0.028355291113257408, 3.886063575744629, 4.905088901519775, -0.0033533351961523294, 7000.0, 7000.0, 7000.0, 7000.0, 0.9248194098472595, 3.0743253231048584
65445, 52.64902877807617, 33.93720626831055, 0.028280211612582207, 3.8886327743530273, 4.913237571716309, -0.0035000841598957777, 7000.0, 7000.0, 7000.0, 7000.0, 0.9266312122344971, 3.07611083984375
65465, 52.85268020629883, 33.910728454589844, 0.028061531484127045, 3.9053680896759033, 4.906681060791016, -0.0049080573953688145, 7000.0, 7000.0, 7000.0, 7000.0, 0.925783634185791, 3.0765702724456787
65485, 52.930809020996094, 34.00894546508789, 0.027966812252998352, 3.9078714847564697, 4.914690017700195, -0.0052942014299333096, 7000.0, 7000.0, 7000.0, 7000.0, 0.9249946475028992, 3.0679352283477783
65505, 51.593482971191406, 35.53300476074219, 0.029303578659892082, 3.7529025077819824, 5.0873847007751465, 0.0019887441303581, 7000.0, 7000.0, 7000.0, 7000.0, 0.9272974729537964, 3.070774793624878
65525, 51.66856002807617, 35.634830474853516, 0.029346507042646408, 3.7552366256713867, 5.095568656921387, 0.0021821721456944942, 7000.0, 7000.0, 7000.0, 7000.0, 0.9321749806404114, 3.13820743560791
65545, 51.743682861328125, 35.73682403564453, 0.02938828244805336, 3.7573602199554443, 5.104268550872803, 0.0025219088420271873, 7000.0, 7000.0, 7000.0, 7000.0, 0.9339651465415955, 3.142766237258911
65565, 52.47361755371094, 35.71038818359375, 0.02821274846792221, 3.830265760421753, 5.1010541915893555, -0.003778045065701008, 7000.0, 7000.0, 7000.0, 7000.0, 0.9316579103469849, 3.145606517791748
65585, 52.55024337768555, 35.81249237060547, 0.028132867068052292, 3.832256555557251, 5.109949111938477, -0.004095480311661959, 7000.0, 7000.0, 7000.0, 7000.0, 0.9304953217506409, 3.1091084480285645
65605, 52.93266677856445, 36.093040466308594, 0.027519596740603447, 3.8671512603759766, 5.13955020904541, -0.007207308895885944, 7000.0, 7000.0, 7000.0, 7000.0, 0.9299399256706238, 3.10862135887146
65625, 53.01388931274414, 36.20106506347656, 0.027376297861337662, 3.8690695762634277, 5.1488165855407715, -0.0074343131855130196, 7000.0, 7000.0, 7000.0, 7000.0, 0.9311562180519104, 3.090013027191162
65645, 53.09128189086914, 36.30412673950195, 0.027230555191636086, 3.8706488609313965, 5.157544136047363, -0.00746867386624217, 7000.0, 7000.0, 7000.0, 7000.0, 0.9318749904632568, 3.093832492828369
65665, 52.1298713684082, 35.194725036621094, 0.02852889895439148, 3.758518695831299, 5.028842926025391, 0.0007115488988347352, 7000.0, 7000.0, 7000.0, 7000.0, 0.9323214292526245, 3.0976502895355225
65685, 52.20506286621094, 35.295372009277344, 0.028535954654216766, 3.7604873180389404, 5.036614418029785, 0.0007828904199413955, 7000.0, 7000.0, 7000.0, 7000.0, 0.9277573227882385, 3.147662401199341
65705, 52.19841766357422, 35.42264175415039, 0.028756964951753616, 3.7543838024139404, 5.046817302703857, 0.001204213360324502, 7000.0, 7000.0, 7000.0, 7000.0, 0.9273004531860352, 3.1416265964508057
65725, 52.27352523803711, 35.523651123046875, 0.02878355234861374, 3.7569146156311035, 5.054591178894043, 0.0010809446685016155, 7000.0, 7000.0, 7000.0, 7000.0, 0.9264283180236816, 3.1377899646759033
65745, 52.34867858886719, 35.62482833862305, 0.028810838237404823, 3.7593469619750977, 5.063089370727539, 0.000738761096727103, 7000.0, 7000.0, 7000.0, 7000.0, 0.9245028495788574, 3.14096999168396
65765, 52.50931167602539, 34.845314025878906, 0.027879945933818817, 3.7674477100372314, 4.97788143157959, -0.004288363736122847, 7000.0, 7000.0, 7000.0, 7000.0, 0.9242902994155884, 3.139434576034546
65785, 52.584678649902344, 34.9449577331543, 0.027792973443865776, 3.7691845893859863, 4.986170291900635, -0.0037525324150919914, 7000.0, 7000.0, 7000.0, 7000.0, 0.9238503575325012, 3.1345884799957275
65805, 52.641578674316406, 35.958778381347656, 0.028290102258324623, 3.7717771530151367, 5.0934319496154785, -0.0007102687377482653, 7000.0, 7000.0, 7000.0, 7000.0, 0.925034761428833, 3.140268325805664
65825, 52.717044830322266, 36.060733795166016, 0.02825797162950039, 3.7738823890686035, 5.101558208465576, -0.0016341476002708077, 7000.0, 7000.0, 7000.0, 7000.0, 0.9285032153129578, 3.137017250061035
65845, 52.79254913330078, 36.16284942626953, 0.028219135478138924, 3.77618670463562, 5.109715938568115, -0.002304181456565857, 7000.0, 7000.0, 7000.0, 7000.0, 0.9292598962783813, 3.1349122524261475
65865, 52.87882995605469, 36.116615295410156, 0.02805688977241516, 3.779106378555298, 5.102016448974609, -0.0034750259947031736, 7000.0, 7000.0, 7000.0, 7000.0, 0.9304510354995728, 3.1330320835113525
65885, 52.95442199707031, 36.218753814697266, 0.027996394783258438, 3.780667543411255, 5.110574722290039, -0.003216401906684041, 7000.0, 7000.0, 7000.0, 7000.0, 0.933771014213562, 3.1284773349761963
65905, 53.10942077636719, 35.773189544677734, 0.02745760977268219, 3.789123296737671, 5.0604329109191895, -0.005216199904680252, 7000.0, 7000.0, 7000.0, 7000.0, 0.9349091053009033, 3.133416175842285
65925, 53.18522644042969, 35.87449264526367, 0.02734491042792797, 3.7906644344329834, 5.06933069229126, -0.005021172109991312, 7000.0, 7000.0, 7000.0, 7000.0, 0.934355616569519, 3.128854990005493
65945, 53.26106643676758, 35.97596740722656, 0.02722754329442978, 3.792612314224243, 5.077792644500732, -0.005824657157063484, 7000.0, 7000.0, 7000.0, 7000.0, 0.9355047941207886, 3.1233253479003906
65965, 53.077056884765625, 37.2408561706543, 0.028020130470395088, 3.7693893909454346, 5.2120184898376465, -0.0022033911664038897, 7000.0, 7000.0, 7000.0, 7000.0, 0.9350479245185852, 3.1212525367736816
65985, 53.152462005615234, 37.345184326171875, 0.02797728031873703, 3.771422863006592, 5.220665454864502, -0.0029829004779458046, 7000.0, 7000.0, 7000.0, 7000.0, 0.9380131959915161, 3.135117769241333
66005, 53.06888961791992, 37.75981521606445, 0.028407804667949677, 3.757268190383911, 5.261916160583496, -0.0005323574878275394, 7000.0, 7000.0, 7000.0, 7000.0, 0.937929093837738, 3.134120225906372
66025, 53.14780807495117, 37.870418548583984, 0.028399605304002762, 3.7590107917785645, 5.270994186401367, -0.000196627268451266, 7000.0, 7000.0, 7000.0, 7000.0, 0.9375235438346863, 3.1469390392303467
66045, 53.2230110168457, 37.975929260253906, 0.028385445475578308, 3.7609446048736572, 5.279786109924316, -0.00038444920210167766, 7000.0, 7000.0, 7000.0, 7000.0, 0.9370039105415344, 3.1471073627471924
66065, 53.19005584716797, 38.06118392944336, 0.02868187427520752, 3.7527174949645996, 5.284725666046143, 0.0007383552729152143, 7000.0, 7000.0, 7000.0, 7000.0, 0.9378389120101929, 3.1433422565460205
66085, 53.26513671875, 38.166954040527344, 0.02869604155421257, 3.7552883625030518, 5.2930989265441895, 0.0005380813381634653, 7000.0, 7000.0, 7000.0, 7000.0, 0.9392332434654236, 3.147683620452881
66105, 53.410560607910156, 38.286434173583984, 0.028390387073159218, 3.766878604888916, 5.305840492248535, -0.00010121634841198102, 7000.0, 7000.0, 7000.0, 7000.0, 0.9397121071815491, 3.145874261856079
66125, 53.48592758178711, 38.39263916015625, 0.02837493270635605, 3.769110679626465, 5.314357280731201, -4.655675365938805e-05, 7000.0, 7000.0, 7000.0, 7000.0, 0.9386658072471619, 3.137450695037842
66145, 53.561344146728516, 38.4990119934082, 0.028358658775687218, 3.77176833152771, 5.322694778442383, -0.0008021544199436903, 7000.0, 7000.0, 7000.0, 7000.0, 0.9370265603065491, 3.139840602874756
66165, 53.709014892578125, 38.67049026489258, 0.02816447988152504, 3.781926155090332, 5.338826656341553, -0.002360994229093194, 7000.0, 7000.0, 7000.0, 7000.0, 0.9371219873428345, 3.1430766582489014
66185, 53.7846794128418, 38.7773551940918, 0.02812892198562622, 3.7847163677215576, 5.347050189971924, -0.002134311944246292, 7000.0, 7000.0, 7000.0, 7000.0, 0.9393981099128723, 3.141969919204712
66205, 54.1113395690918, 39.10027313232422, 0.02759302593767643, 3.8132245540618896, 5.380801677703857, -0.004081469029188156, 7000.0, 7000.0, 7000.0, 7000.0, 0.9395430684089661, 3.137220621109009
66225, 54.1876220703125, 39.20798110961914, 0.02751467190682888, 3.8149566650390625, 5.389313220977783, -0.0033461807761341333, 7000.0, 7000.0, 7000.0, 7000.0, 0.9398977160453796, 3.12141752243042
66245, 54.263946533203125, 39.315860748291016, 0.027438759803771973, 3.817049741744995, 5.398158550262451, -0.003147274721413851, 7000.0, 7000.0, 7000.0, 7000.0, 0.9381124377250671, 3.1217031478881836
66265, 53.0930061340332, 38.244110107421875, 0.029148584231734276, 3.6860413551330566, 5.274271011352539, 0.00590523611754179, 7000.0, 7000.0, 7000.0, 7000.0, 0.9372881054878235, 3.1237056255340576
66285, 53.166748046875, 38.349674224853516, 0.02926379255950451, 3.6883022785186768, 5.282429218292236, 0.005303049925714731, 7000.0, 7000.0, 7000.0, 7000.0, 0.9354104995727539, 3.1824164390563965
66305, 53.532928466796875, 37.89060592651367, 0.028331849724054337, 3.71956467628479, 5.234472751617432, -0.0007393371197395027, 7000.0, 7000.0, 7000.0, 7000.0, 0.9369416236877441, 3.1817216873168945
66325, 53.60734176635742, 37.99538040161133, 0.028328893706202507, 3.72223162651062, 5.242456436157227, -0.00045477398089133203, 7000.0, 7000.0, 7000.0, 7000.0, 0.9367918968200684, 3.162778854370117
66345, 53.68180465698242, 38.10031509399414, 0.02832099422812462, 3.7242867946624756, 5.2507524490356445, -0.00026045204140245914, 7000.0, 7000.0, 7000.0, 7000.0, 0.9365414977073669, 3.1620266437530518
66365, 53.72557830810547, 38.77821731567383, 0.028648408129811287, 3.7242469787597656, 5.319614410400391, 0.0018029669299721718, 7000.0, 7000.0, 7000.0, 7000.0, 0.9377560019493103, 3.1660397052764893
66385, 53.800079345703125, 38.88468933105469, 0.02867162972688675, 3.7258708477020264, 5.3282928466796875, 0.001284299767576158, 7000.0, 7000.0, 7000.0, 7000.0, 0.9403076171875, 3.170541524887085
66405, 53.86186218261719, 39.23401641845703, 0.028836779296398163, 3.7272627353668213, 5.362197399139404, 0.0016684908187016845, 7000.0, 7000.0, 7000.0, 7000.0, 0.9421235918998718, 3.178713798522949
66425, 53.94015121459961, 39.34670639038086, 0.028876813128590584, 3.7294459342956543, 5.370949745178223, 0.0011145907919853926, 7000.0, 7000.0, 7000.0, 7000.0, 0.9431084990501404, 3.1789963245391846
66445, 54.01474380493164, 39.45420455932617, 0.028911100700497627, 3.7309882640838623, 5.379191875457764, 0.0013993063475936651, 7000.0, 7000.0, 7000.0, 7000.0, 0.9465157389640808, 3.1693177223205566
66465, 54.000831604003906, 40.265865325927734, 0.02947714738547802, 3.724794387817383, 5.461064338684082, 0.004690860398113728, 7000.0, 7000.0, 7000.0, 7000.0, 0.947442889213562, 3.163360834121704
66485, 54.07533645629883, 40.37517166137695, 0.029568566009402275, 3.7259206771850586, 5.469963550567627, 0.005262182094156742, 7000.0, 7000.0, 7000.0, 7000.0, 0.9516220092773438, 3.1689023971557617
66505, 54.217010498046875, 40.279354095458984, 0.029383040964603424, 3.732944965362549, 5.457655429840088, 0.003646139521151781, 7000.0, 7000.0, 7000.0, 7000.0, 0.9526130557060242, 3.1693532466888428
66525, 54.291683197021484, 40.388580322265625, 0.029449887573719025, 3.7342031002044678, 5.46603536605835, 0.0033387714065611362, 7000.0, 7000.0, 7000.0, 7000.0, 0.95287024974823, 3.1661481857299805
66545, 54.36638259887695, 40.497982025146484, 0.029520366340875626, 3.7360756397247314, 5.474419593811035, 0.0032597570680081844, 7000.0, 7000.0, 7000.0, 7000.0, 0.9555582404136658, 3.1704297065734863
66565, 54.53759765625, 40.52987289428711, 0.02932332642376423, 3.746997117996216, 5.475440502166748, 0.00263723311945796, 7000.0, 7000.0, 7000.0, 7000.0, 0.9584255218505859, 3.166870594024658
66585, 54.612548828125, 40.63947296142578, 0.029382582753896713, 3.7482476234436035, 5.483521461486816, 0.0031563774682581425, 7000.0, 7000.0, 7000.0, 7000.0, 0.95822674036026, 3.1637158393859863
66605, 54.57218933105469, 40.788658142089844, 0.029704760760068893, 3.7381317615509033, 5.494742393493652, 0.004505819175392389, 7000.0, 7000.0, 7000.0, 7000.0, 0.9593586921691895, 3.158189535140991
66625, 54.64697265625, 40.89863586425781, 0.0297867264598608, 3.7397308349609375, 5.503026008605957, 0.004693180322647095, 7000.0, 7000.0, 7000.0, 7000.0, 0.9555092453956604, 3.16208815574646
66645, 54.7217903137207, 41.00878143310547, 0.02987157739698887, 3.741558313369751, 5.511584758758545, 0.004326877184212208, 7000.0, 7000.0, 7000.0, 7000.0, 0.9556921720504761, 3.165186882019043
66665, 55.02334213256836, 41.08018493652344, 0.029503606259822845, 3.7672805786132812, 5.517239093780518, 0.0014360996428877115, 7000.0, 7000.0, 7000.0, 7000.0, 0.9584600925445557, 3.1658473014831543
66685, 55.09870910644531, 41.190616607666016, 0.0295344777405262, 3.7695834636688232, 5.525665760040283, 0.0011469023302197456, 7000.0, 7000.0, 7000.0, 7000.0, 0.9592416286468506, 3.153822898864746
66705, 55.045082092285156, 41.308780670166016, 0.02976585179567337, 3.7581164836883545, 5.53485107421875, 0.0025590425357222557, 7000.0, 7000.0, 7000.0, 7000.0, 0.9591965079307556, 3.15142822265625
66725, 55.120262145996094, 41.41957473754883, 0.02981533482670784, 3.759524345397949, 5.543542861938477, 0.0026859871577471495, 7000.0, 7000.0, 7000.0, 7000.0, 0.9580458402633667, 3.155648708343506
66745, 55.195472717285156, 41.53053283691406, 0.02986166626214981, 3.7608540058135986, 5.551967144012451, 0.0026519340462982655, 7000.0, 7000.0, 7000.0, 7000.0, 0.9555391669273376, 3.153604745864868
66765, 54.90458679199219, 41.702579498291016, 0.03045390546321869, 3.724513053894043, 5.565781593322754, 0.005359982140362263, 7000.0, 7000.0, 7000.0, 7000.0, 0.9547221064567566, 3.1519060134887695
66785, 54.979095458984375, 41.81398010253906, 0.030559269711375237, 3.7260854244232178, 5.573976516723633, 0.005209730472415686, 7000.0, 7000.0, 7000.0, 7000.0, 0.9551978707313538, 3.173679828643799
66805, 55.70504379272461, 41.614707946777344, 0.02948552370071411, 3.794419765472412, 5.552056312561035, -0.0019506276585161686, 7000.0, 7000.0, 7000.0, 7000.0, 0.956081211566925, 3.169011354446411
66825, 55.784751892089844, 41.73139953613281, 0.02944827824831009, 3.7969629764556885, 5.560637950897217, -0.0020645447075366974, 7000.0, 7000.0, 7000.0, 7000.0, 0.9537153840065002, 3.137005567550659
66845, 55.8607063293457, 41.84270477294922, 0.0294062290340662, 3.7989537715911865, 5.5697760581970215, -0.002131157787516713, 7000.0, 7000.0, 7000.0, 7000.0, 0.9547951817512512, 3.136648178100586
66865, 55.34370422363281, 42.238101959228516, 0.030169028788805008, 3.7396297454833984, 5.609151840209961, 0.0025218757800757885, 7000.0, 7000.0, 7000.0, 7000.0, 0.9527895450592041, 3.13427996635437
66885, 55.41851043701172, 42.35036849975586, 0.030218767002224922, 3.7412784099578857, 5.6180806159973145, 0.002789957681670785, 7000.0, 7000.0, 7000.0, 7000.0, 0.9530195593833923, 3.1635375022888184
66905, 55.83427810668945, 42.24901580810547, 0.029700445011258125, 3.7774817943573, 5.604962348937988, -0.0006342712440527976, 7000.0, 7000.0, 7000.0, 7000.0, 0.9540626406669617, 3.1615450382232666
66925, 55.90984344482422, 42.3611946105957, 0.029691969975829124, 3.7792365550994873, 5.613354682922363, -0.00035981525434181094, 7000.0, 7000.0, 7000.0, 7000.0, 0.9556398987770081, 3.145573854446411
66945, 55.985435485839844, 42.47354507446289, 0.02968660183250904, 3.780395984649658, 5.621804237365723, -0.0006014957325533032, 7000.0, 7000.0, 7000.0, 7000.0, 0.9555509686470032, 3.146080732345581
66965, 56.8889274597168, 42.00640869140625, 0.028335371986031532, 3.86604380607605, 5.570888996124268, -0.008091835305094719, 7000.0, 7000.0, 7000.0, 7000.0, 0.9554066061973572, 3.139009952545166
66985, 56.96625518798828, 42.1179084777832, 0.02818026952445507, 3.867288827896118, 5.579483985900879, -0.007544118445366621, 7000.0, 7000.0, 7000.0, 7000.0, 0.9524564743041992, 3.0984973907470703
67005, 56.6810302734375, 42.46577072143555, 0.028440512716770172, 3.8311691284179688, 5.61434268951416, -0.005158606451004744, 7000.0, 7000.0, 7000.0, 7000.0, 0.9520198106765747, 3.098843812942505
67025, 56.75767135620117, 42.57813262939453, 0.028336625546216965, 3.8333725929260254, 5.622807025909424, -0.004920803476125002, 7000.0, 7000.0, 7000.0, 7000.0, 0.9531046152114868, 3.118528127670288
67045, 56.8343620300293, 42.690670013427734, 0.028241407126188278, 3.8358023166656494, 5.631297588348389, -0.004420310724526644, 7000.0, 7000.0, 7000.0, 7000.0, 0.9560600519180298, 3.1197609901428223
67065, 57.00023651123047, 42.747032165527344, 0.028057152405381203, 3.8474369049072266, 5.632941722869873, -0.004790731705725193, 7000.0, 7000.0, 7000.0, 7000.0, 0.9596821665763855, 3.124584436416626
67085, 57.077205657958984, 42.859771728515625, 0.027967266738414764, 3.8500936031341553, 5.640964031219482, -0.00452778022736311, 7000.0, 7000.0, 7000.0, 7000.0, 0.9603682160377502, 3.1217057704925537
67105, 57.53157424926758, 42.72745895385742, 0.027455665171146393, 3.8913633823394775, 5.622356414794922, -0.0071383994072675705, 7000.0, 7000.0, 7000.0, 7000.0, 0.9595980644226074, 3.1187727451324463
67125, 57.60942077636719, 42.839988708496094, 0.027310887351632118, 3.8933138847351074, 5.630636215209961, -0.0071600438095629215, 7000.0, 7000.0, 7000.0, 7000.0, 0.959868848323822, 3.0999343395233154
67145, 57.687313079833984, 42.95268249511719, 0.027157634496688843, 3.895570755004883, 5.638820171356201, -0.00741737661883235, 7000.0, 7000.0, 7000.0, 7000.0, 0.9600600600242615, 3.0959649085998535
67165, 57.31566619873047, 43.38025665283203, 0.027457989752292633, 3.8512394428253174, 5.682276248931885, -0.005190306808799505, 7000.0, 7000.0, 7000.0, 7000.0, 0.9607808589935303, 3.094012975692749
67185, 57.392723083496094, 43.493995666503906, 0.027343619614839554, 3.853986978530884, 5.690926551818848, -0.005658393260091543, 7000.0, 7000.0, 7000.0, 7000.0, 0.9619830250740051, 3.1138689517974854
67205, 56.811214447021484, 44.07064437866211, 0.028004316613078117, 3.788339376449585, 5.7492218017578125, -0.001791178248822689, 7000.0, 7000.0, 7000.0, 7000.0, 0.9614033102989197, 3.1144251823425293
67225, 56.887001037597656, 44.18572235107422, 0.02796952798962593, 3.790663719177246, 5.7577924728393555, -0.0020228195935487747, 7000.0, 7000.0, 7000.0, 7000.0, 0.9638236165046692, 3.140655040740967
67245, 56.962833404541016, 44.30097198486328, 0.027932461351156235, 3.792752981185913, 5.766536235809326, -0.0018313712207600474, 7000.0, 7000.0, 7000.0, 7000.0, 0.9639520049095154, 3.1415231227874756
67265, 56.80227279663086, 44.568973541259766, 0.028435146436095238, 3.771550416946411, 5.789506912231445, 0.001412136945873499, 7000.0, 7000.0, 7000.0, 7000.0, 0.9640586376190186, 3.1426684856414795
67285, 56.87773132324219, 44.68485641479492, 0.028456108644604683, 3.773613452911377, 5.798384189605713, 0.0015890290960669518, 7000.0, 7000.0, 7000.0, 7000.0, 0.9640815854072571, 3.1517579555511475
67305, 56.80020523071289, 44.95090103149414, 0.02917921356856823, 3.762178897857666, 5.818422317504883, 0.005011080764234066, 7000.0, 7000.0, 7000.0, 7000.0, 0.9646058082580566, 3.152027130126953
67325, 56.87547302246094, 45.067359924316406, 0.029279455542564392, 3.7645397186279297, 5.826889514923096, 0.0049446625635027885, 7000.0, 7000.0, 7000.0, 7000.0, 0.9649722576141357, 3.1579110622406006
67345, 56.95078659057617, 45.18398666381836, 0.029380328953266144, 3.7668840885162354, 5.835395336151123, 0.0045755114406347275, 7000.0, 7000.0, 7000.0, 7000.0, 0.9652307629585266, 3.1562376022338867
67365, 57.021270751953125, 45.38386917114258, 0.02976103499531746, 3.7698440551757812, 5.850109577178955, 0.006156293675303459, 7000.0, 7000.0, 7000.0, 7000.0, 0.9668928384780884, 3.1567113399505615
67385, 57.0966911315918, 45.50096130371094, 0.029887426644563675, 3.7721776962280273, 5.858932018280029, 0.006646914407610893, 7000.0, 7000.0, 7000.0, 7000.0, 0.9665009379386902, 3.1600136756896973
67405, 57.179054260253906, 45.32362747192383, 0.029129326343536377, 3.771484613418579, 5.845263957977295, 0.002321803942322731, 7000.0, 7000.0, 7000.0, 7000.0, 0.9675469398498535, 3.160907745361328
67425, 57.25450897216797, 45.44061279296875, 0.029170114547014236, 3.7739336490631104, 5.85373592376709, 0.002506934804841876, 7000.0, 7000.0, 7000.0, 7000.0, 0.9676617383956909, 3.1525747776031494
67445, 57.33000946044922, 45.55776596069336, 0.0292210690677166, 3.7762999534606934, 5.861952304840088, 0.002352004637941718, 7000.0, 7000.0, 7000.0, 7000.0, 0.9681350588798523, 3.1510603427886963
67465, 57.472137451171875, 45.46526336669922, 0.028663476929068565, 3.782639980316162, 5.8533854484558105, -0.0005308581166900694, 7000.0, 7000.0, 7000.0, 7000.0, 0.9681837558746338, 3.1489410400390625
67485, 57.54779815673828, 45.58240509033203, 0.02866286225616932, 3.784101724624634, 5.861255645751953, -0.00027428148314356804, 7000.0, 7000.0, 7000.0, 7000.0, 0.9674088358879089, 3.149420738220215
67505, 57.49785232543945, 45.95579528808594, 0.02927110530436039, 3.774470329284668, 5.892760753631592, 0.003868064610287547, 7000.0, 7000.0, 7000.0, 7000.0, 0.9691202044487, 3.152017831802368
67525, 57.5733528137207, 46.07373046875, 0.029345545917749405, 3.7755303382873535, 5.901626110076904, 0.004353730473667383, 7000.0, 7000.0, 7000.0, 7000.0, 0.971206545829773, 3.1610920429229736
67545, 57.64887619018555, 46.19184494018555, 0.0294217336922884, 3.776718854904175, 5.910270690917969, 0.004090959671884775, 7000.0, 7000.0, 7000.0, 7000.0, 0.9715875387191772, 3.160816192626953
67565, 57.64751434326172, 46.43519973754883, 0.029760124161839485, 3.7717981338500977, 5.930200099945068, 0.004941271152347326, 7000.0, 7000.0, 7000.0, 7000.0, 0.9718937277793884, 3.156412124633789
67585, 57.72296142578125, 46.55388641357422, 0.02985755167901516, 3.773442506790161, 5.938535213470459, 0.004179817624390125, 7000.0, 7000.0, 7000.0, 7000.0, 0.9708220362663269, 3.146898031234741
67605, 58.264766693115234, 46.06145477294922, 0.028632497414946556, 3.817983388900757, 5.889864444732666, -0.0031228517182171345, 7000.0, 7000.0, 7000.0, 7000.0, 0.9674488306045532, 3.146568775177002
67625, 58.34113693237305, 46.179344177246094, 0.02857827953994274, 3.8192660808563232, 5.899097919464111, -0.002265035640448332, 7000.0, 7000.0, 7000.0, 7000.0, 0.9652193188667297, 3.1284401416778564
67645, 58.417537689208984, 46.29741668701172, 0.028528863564133644, 3.8207948207855225, 5.908279895782471, -0.0017911959439516068, 7000.0, 7000.0, 7000.0, 7000.0, 0.963528037071228, 3.13230037689209
67665, 59.266029357910156, 45.6669921875, 0.02722160890698433, 3.8985908031463623, 5.840609550476074, -0.009080732241272926, 7000.0, 7000.0, 7000.0, 7000.0, 0.9650524258613586, 3.1285784244537354
67685, 59.34402847290039, 45.78388214111328, 0.0270361490547657, 3.900803327560425, 5.848501682281494, -0.009043613448739052, 7000.0, 7000.0, 7000.0, 7000.0, 0.961688220500946, 3.0923044681549072
67705, 58.97006607055664, 46.32225799560547, 0.02734493464231491, 3.8577895164489746, 5.901616096496582, -0.006404218263924122, 7000.0, 7000.0, 7000.0, 7000.0, 0.9600361585617065, 3.088620662689209
67725, 59.047245025634766, 46.44038009643555, 0.027226384729146957, 3.860307455062866, 5.909765243530273, -0.006168927997350693, 7000.0, 7000.0, 7000.0, 7000.0, 0.9634638428688049, 3.1039984226226807
67745, 59.124473571777344, 46.55867004394531, 0.02710856683552265, 3.862633228302002, 5.918149948120117, -0.005750287789851427, 7000.0, 7000.0, 7000.0, 7000.0, 0.9618909955024719, 3.110278606414795
67765, 58.74418258666992, 47.04740524291992, 0.027473336085677147, 3.818344831466675, 5.9670491218566895, -0.0023739750031381845, 7000.0, 7000.0, 7000.0, 7000.0, 0.9629284739494324, 3.114042043685913
67785, 58.820579528808594, 47.16684341430664, 0.027410229668021202, 3.8205463886260986, 5.976125240325928, -0.002654899377375841, 7000.0, 7000.0, 7000.0, 7000.0, 0.9661418199539185, 3.1325972080230713
67805, 57.551090240478516, 48.21039962768555, 0.029007181525230408, 3.6880853176116943, 6.083702564239502, 0.0058923931792378426, 7000.0, 7000.0, 7000.0, 7000.0, 0.9694859385490417, 3.126525640487671
67825, 57.62487030029297, 48.33216094970703, 0.029125530272722244, 3.6901533603668213, 6.092312812805176, 0.005397789180278778, 7000.0, 7000.0, 7000.0, 7000.0, 0.9722843170166016, 3.1747796535491943
67845, 57.69868469238281, 48.454097747802734, 0.02924652211368084, 3.6915624141693115, 6.1009016036987305, 0.005668700207024813, 7000.0, 7000.0, 7000.0, 7000.0, 0.9726565480232239, 3.173236131668091
67865, 57.7225456237793, 48.571144104003906, 0.02971574291586876, 3.6893692016601562, 6.106598377227783, 0.00838030967861414, 7000.0, 7000.0, 7000.0, 7000.0, 0.9723816514015198, 3.1741998195648193
67885, 57.79634475708008, 48.693363189697266, 0.029883045703172684, 3.6908323764801025, 6.115100383758545, 0.008904502727091312, 7000.0, 7000.0, 7000.0, 7000.0, 0.9726909399032593, 3.1755478382110596
67905, 57.7930793762207, 48.8823356628418, 0.029160335659980774, 3.6795074939727783, 6.139932632446289, 0.004195771180093288, 7000.0, 7000.0, 7000.0, 7000.0, 0.9738414883613586, 3.1765105724334717
67925, 57.86669158935547, 49.005218505859375, 0.02923279069364071, 3.6816699504852295, 6.148911952972412, 0.0037844297476112843, 7000.0, 7000.0, 7000.0, 7000.0, 0.9754371047019958, 3.172574996948242
67945, 57.94034957885742, 49.12828063964844, 0.029308896511793137, 3.6843018531799316, 6.157745838165283, 0.003522284561768174, 7000.0, 7000.0, 7000.0, 7000.0, 0.9760982394218445, 3.1621992588043213
67965, 57.83359909057617, 49.690826416015625, 0.02825811877846718, 3.6617321968078613, 6.223379611968994, -0.0024365519639104605, 7000.0, 7000.0, 7000.0, 7000.0, 0.9756220579147339, 3.1604056358337402
67985, 57.90684509277344, 49.81538391113281, 0.02822258695960045, 3.6641392707824707, 6.232414245605469, -0.0018584413919597864, 7000.0, 7000.0, 7000.0, 7000.0, 0.9757433533668518, 3.1692566871643066
68005, 58.02048110961914, 49.49116134643555, 0.028565526008605957, 3.6721017360687256, 6.19195556640625, 0.0005531373899430037, 7000.0, 7000.0, 7000.0, 7000.0, 0.9762354493141174, 3.1724374294281006
68025, 58.09394073486328, 49.615089416503906, 0.028565390035510063, 3.674239158630371, 6.20123291015625, 0.0005187852657400072, 7000.0, 7000.0, 7000.0, 7000.0, 0.9743261933326721, 3.1709463596343994
68045, 58.167449951171875, 49.73919677734375, 0.02856425754725933, 3.676680564880371, 6.210175037384033, 0.0002348248817725107, 7000.0, 7000.0, 7000.0, 7000.0, 0.9746874570846558, 3.1664958000183105
68065, 58.241207122802734, 49.681541442871094, 0.028788968920707703, 3.6801376342773438, 6.198847770690918, 0.0010094363242387772, 7000.0, 7000.0, 7000.0, 7000.0, 0.9739482998847961, 3.1596322059631348
68085, 58.31482696533203, 49.80560302734375, 0.02881176583468914, 3.6826372146606445, 6.207800388336182, 0.00035110057797282934, 7000.0, 7000.0, 7000.0, 7000.0, 0.9714688658714294, 3.1569793224334717
68105, 58.27296829223633, 49.63238525390625, 0.029884647578001022, 3.6773829460144043, 6.1794352531433105, 0.006892737001180649, 7000.0, 7000.0, 7000.0, 7000.0, 0.9687560796737671, 3.161391496658325
68125, 58.34652328491211, 49.756065368652344, 0.030025692656636238, 3.6784167289733887, 6.188498020172119, 0.007512514945119619, 7000.0, 7000.0, 7000.0, 7000.0, 0.9664566516876221, 3.1694347858428955
68145, 58.420108795166016, 49.87992858886719, 0.030166512355208397, 3.6796205043792725, 6.197408199310303, 0.007975075393915176, 7000.0, 7000.0, 7000.0, 7000.0, 0.9680731892585754, 3.174262762069702
68165, 58.37663650512695, 50.63543701171875, 0.03125298023223877, 3.673577070236206, 6.264139175415039, 0.013071555644273758, 7000.0, 7000.0, 7000.0, 7000.0, 0.9681890606880188, 3.1682825088500977
68185, 58.45013427734375, 50.760807037353516, 0.03151216357946396, 3.6759350299835205, 6.272644519805908, 0.013116976246237755, 7000.0, 7000.0, 7000.0, 7000.0, 0.969963550567627, 3.1654443740844727
68205, 58.58853530883789, 50.56310272216797, 0.03146732971072197, 3.683499336242676, 6.250204086303711, 0.011038209311664104, 7000.0, 7000.0, 7000.0, 7000.0, 0.9692112803459167, 3.1601552963256836
68225, 58.66222381591797, 50.688201904296875, 0.03169667720794678, 3.685753345489502, 6.259054183959961, 0.011194700375199318, 7000.0, 7000.0, 7000.0, 7000.0, 0.9679046869277954, 3.1598827838897705
68245, 58.73595428466797, 50.81348419189453, 0.03192058950662613, 3.687258720397949, 6.2681145668029785, 0.011348110623657703, 7000.0, 7000.0, 7000.0, 7000.0, 0.9675473570823669, 3.1642627716064453
68265, 59.09230041503906, 49.77048873901367, 0.031160978600382805, 3.714045763015747, 6.164622783660889, 0.006283096503466368, 7000.0, 7000.0, 7000.0, 7000.0, 0.9690908789634705, 3.1695396900177
68285, 59.16660690307617, 49.89387130737305, 0.03127003461122513, 3.7157864570617676, 6.173616886138916, 0.005730150267481804, 7000.0, 7000.0, 7000.0, 7000.0, 0.9675588011741638, 3.1548779010772705
68305, 59.522857666015625, 48.780540466308594, 0.0307350754737854, 3.7438740730285645, 6.059617042541504, 0.0017405473627150059, 7000.0, 7000.0, 7000.0, 7000.0, 0.9689857363700867, 3.1510074138641357
68325, 59.597747802734375, 48.90182113647461, 0.030775949358940125, 3.745346784591675, 6.06801700592041, 0.0018321172101423144, 7000.0, 7000.0, 7000.0, 7000.0, 0.9661170840263367, 3.134615421295166
68345, 59.67266845703125, 49.02326965332031, 0.03082585521042347, 3.7469491958618164, 6.076253414154053, 0.00226763472892344, 7000.0, 7000.0, 7000.0, 7000.0, 0.9671080112457275, 3.1322224140167236
68365, 60.22990798950195, 46.60996627807617, 0.029907502233982086, 3.793783664703369, 5.829473495483398, -0.0031196395866572857, 7000.0, 7000.0, 7000.0, 7000.0, 0.9700830578804016, 3.134003162384033
68385, 60.3057975769043, 46.726646423339844, 0.029845435172319412, 3.795382261276245, 5.837841510772705, -0.002395769115537405, 7000.0, 7000.0, 7000.0, 7000.0, 0.9645649194717407, 3.120011329650879
68405, 60.073280334472656, 49.43645095825195, 0.030419444665312767, 3.7680695056915283, 6.108709335327148, 0.0014132984215393662, 7000.0, 7000.0, 7000.0, 7000.0, 0.9670549631118774, 3.1225056648254395
68425, 60.14867401123047, 49.55870819091797, 0.030444186180830002, 3.770905017852783, 6.117404460906982, 0.0012748087756335735, 7000.0, 7000.0, 7000.0, 7000.0, 0.9733615517616272, 3.132136583328247
68445, 60.22411346435547, 49.68113708496094, 0.030472690239548683, 3.7735204696655273, 6.126091480255127, 0.0008072429336607456, 7000.0, 7000.0, 7000.0, 7000.0, 0.9742445945739746, 3.1286427974700928
68465, 61.40322494506836, 44.743309020996094, 0.028598850592970848, 3.882826089859009, 5.621208190917969, -0.011057703755795956, 7000.0, 7000.0, 7000.0, 7000.0, 0.9753260016441345, 3.1273984909057617
68485, 61.48089599609375, 44.85581588745117, 0.028385503217577934, 3.884891986846924, 5.629372596740723, -0.010745191015303135, 7000.0, 7000.0, 7000.0, 7000.0, 0.9609019160270691, 3.0877532958984375
68505, 61.07387924194336, 48.754966735839844, 0.0291217602789402, 3.8398869037628174, 6.021814346313477, -0.004594558384269476, 7000.0, 7000.0, 7000.0, 7000.0, 0.9594162106513977, 3.0897767543792725
68525, 61.150691986083984, 48.875484466552734, 0.0290211271494627, 3.8412628173828125, 6.030752658843994, -0.004509609658271074, 7000.0, 7000.0, 7000.0, 7000.0, 0.968664288520813, 3.1085376739501953
68545, 61.2275276184082, 48.996177673339844, 0.028926493600010872, 3.842731237411499, 6.039377212524414, -0.004497591871768236, 7000.0, 7000.0, 7000.0, 7000.0, 0.9702963829040527, 3.104011058807373
68565, 60.90567398071289, 50.462093353271484, 0.02941202186048031, 3.805506944656372, 6.185301303863525, -0.0017134440131485462, 7000.0, 7000.0, 7000.0, 7000.0, 0.9699461460113525, 3.0976438522338867
68585, 60.98179626464844, 50.585880279541016, 0.029391378164291382, 3.807490348815918, 6.193403720855713, -0.0010847524972632527, 7000.0, 7000.0, 7000.0, 7000.0, 0.972919225692749, 3.1110663414001465
68605, 61.64290237426758, 50.3209114074707, 0.02871178649365902, 3.8670101165771484, 6.160680770874023, -0.003952661994844675, 7000.0, 7000.0, 7000.0, 7000.0, 0.9718928337097168, 3.1124978065490723
68625, 61.72026062011719, 50.4442138671875, 0.028631599619984627, 3.869394063949585, 6.169527530670166, -0.003618447110056877, 7000.0, 7000.0, 7000.0, 7000.0, 0.9696120023727417, 3.0943171977996826
68645, 61.797672271728516, 50.567691802978516, 0.028553785756230354, 3.8717398643493652, 6.178447723388672, -0.003435929538682103, 7000.0, 7000.0, 7000.0, 7000.0, 0.9704837203025818, 3.095325469970703
68665, 62.167510986328125, 50.82274627685547, 0.02819201722741127, 3.903221368789673, 6.198877334594727, -0.005242141429334879, 7000.0, 7000.0, 7000.0, 7000.0, 0.9722620844841003, 3.0920774936676025
68685, 62.245601654052734, 50.946800231933594, 0.028085986152291298, 3.905712604522705, 6.206958293914795, -0.005323370918631554, 7000.0, 7000.0, 7000.0, 7000.0, 0.9724796414375305, 3.075355291366577
68705, 62.95911407470703, 51.636741638183594, 0.027476990595459938, 3.9712045192718506, 6.268917560577393, -0.008642686530947685, 7000.0, 7000.0, 7000.0, 7000.0, 0.9703874588012695, 3.0685646533966064
68725, 63.0385627746582, 51.76221466064453, 0.027310088276863098, 3.9734771251678467, 6.277559757232666, -0.008201880380511284, 7000.0, 7000.0, 7000.0, 7000.0, 0.9692712426185608, 3.041191816329956
68745, 63.1180534362793, 51.88786315917969, 0.027149302884936333, 3.975109100341797, 6.286514759063721, -0.007497346494346857, 7000.0, 7000.0, 7000.0, 7000.0, 0.9693217277526855, 3.0411999225616455
68765, 62.54998779296875, 51.280364990234375, 0.027437571436166763, 3.911673069000244, 6.226125717163086, -0.004631302785128355, 7000.0, 7000.0, 7000.0, 7000.0, 0.9706172347068787, 3.044687271118164
68785, 62.63215637207031, 51.411216735839844, 0.027333151549100876, 3.913393020629883, 6.23581075668335, -0.0044780392199754715, 7000.0, 7000.0, 7000.0, 7000.0, 0.9716868996620178, 3.066681146621704
68805, 60.41775131225586, 49.26969909667969, 0.029044630005955696, 3.6881773471832275, 6.028753280639648, 0.005001808982342482, 7000.0, 7000.0, 7000.0, 7000.0, 0.9732255935668945, 3.061408758163452
68825, 60.49153518676758, 49.39036178588867, 0.02914838120341301, 3.6900486946105957, 6.036927700042725, 0.005171508528292179, 7000.0, 7000.0, 7000.0, 7000.0, 0.9691041111946106, 3.1461338996887207
68845, 60.56535339355469, 49.51118850708008, 0.029258793219923973, 3.692082166671753, 6.044744968414307, 0.005397391505539417, 7000.0, 7000.0, 7000.0, 7000.0, 0.9676438570022583, 3.1491200923919678
68865, 60.57930374145508, 48.907081604003906, 0.028725361451506615, 3.68448805809021, 5.986640930175781, 0.002063056221231818, 7000.0, 7000.0, 7000.0, 7000.0, 0.9683999419212341, 3.14752197265625
68885, 60.653011322021484, 49.02689743041992, 0.028773251920938492, 3.686246633529663, 5.994946479797363, 0.003214866854250431, 7000.0, 7000.0, 7000.0, 7000.0, 0.9678179025650024, 3.1580376625061035
68905, 61.98210144042969, 53.25126266479492, 0.030422931537032127, 3.825099229812622, 6.386110782623291, 0.012572440318763256, 7000.0, 7000.0, 7000.0, 7000.0, 0.9694622755050659, 3.1600444316864014
68925, 62.058631896972656, 53.379066467285156, 0.0306717436760664, 3.827824354171753, 6.3946733474731445, 0.012606540694832802, 7000.0, 7000.0, 7000.0, 7000.0, 0.978858232498169, 3.114203691482544
68945, 62.135215759277344, 53.50704574584961, 0.03092402033507824, 3.830470085144043, 6.403441905975342, 0.012522680684924126, 7000.0, 7000.0, 7000.0, 7000.0, 0.9769260883331299, 3.114799976348877
68965, 61.767547607421875, 51.82795333862305, 0.02917741797864437, 3.7783162593841553, 6.256216526031494, 0.001793951727449894, 7000.0, 7000.0, 7000.0, 7000.0, 0.9760628938674927, 3.115358829498291
68985, 61.84312438964844, 51.95316696166992, 0.029217613860964775, 3.780099868774414, 6.264889240264893, 0.001991725293919444, 7000.0, 7000.0, 7000.0, 7000.0, 0.9705377817153931, 3.1279730796813965
69005, 61.913963317871094, 52.01505661010742, 0.029143668711185455, 3.7806272506713867, 6.2686381340026855, 0.0012815693626180291, 7000.0, 7000.0, 7000.0, 7000.0, 0.9720242023468018, 3.1271347999572754
69025, 61.98958206176758, 52.1405143737793, 0.029166322201490402, 3.7816662788391113, 6.277642250061035, 0.0013400200987234712, 7000.0, 7000.0, 7000.0, 7000.0, 0.9754722118377686, 3.1259517669677734
69045, 62.06522750854492, 52.26614761352539, 0.029192885383963585, 3.782998561859131, 6.286482810974121, 0.0015750867314636707, 7000.0, 7000.0, 7000.0, 7000.0, 0.9772816896438599, 3.1245245933532715
69065, 62.22504806518555, 52.205360412597656, 0.0286411102861166, 3.789870500564575, 6.280406475067139, -0.0005234735435806215, 7000.0, 7000.0, 7000.0, 7000.0, 0.9757285118103027, 3.1183650493621826
69085, 62.30086135864258, 52.331050872802734, 0.02863818220794201, 3.7919020652770996, 6.288800239562988, 3.276366987847723e-05, 7000.0, 7000.0, 7000.0, 7000.0, 0.9734368920326233, 3.1191983222961426
69105, 62.01975631713867, 52.72626876831055, 0.029766865074634552, 3.7640676498413086, 6.318949222564697, 0.00671723997220397, 7000.0, 7000.0, 7000.0, 7000.0, 0.972938597202301, 3.115626096725464
69125, 62.09505844116211, 52.85272979736328, 0.029906628653407097, 3.7665154933929443, 6.327357292175293, 0.007194455247372389, 7000.0, 7000.0, 7000.0, 7000.0, 0.9748189449310303, 3.1297242641448975
69145, 62.17041015625, 52.9793586730957, 0.030047615990042686, 3.7686474323272705, 6.33577823638916, 0.007115040440112352, 7000.0, 7000.0, 7000.0, 7000.0, 0.9756620526313782, 3.137282371520996
69165, 62.256473541259766, 53.105098724365234, 0.03016815520823002, 3.771845579147339, 6.344063758850098, 0.007201367057859898, 7000.0, 7000.0, 7000.0, 7000.0, 0.9771984219551086, 3.142737865447998
69185, 62.331932067871094, 53.23206329345703, 0.03030819445848465, 3.773946762084961, 6.352517127990723, 0.007237573154270649, 7000.0, 7000.0, 7000.0, 7000.0, 0.97523432970047, 3.1417930126190186
69205, 62.306541442871094, 53.47148132324219, 0.030743466690182686, 3.7670416831970215, 6.371042728424072, 0.008334407582879066, 7000.0, 7000.0, 7000.0, 7000.0, 0.9748921394348145, 3.1379640102386475
69225, 62.38189697265625, 53.5989990234375, 0.03091023676097393, 3.768726110458374, 6.379915237426758, 0.008292322978377342, 7000.0, 7000.0, 7000.0, 7000.0, 0.976668655872345, 3.1357293128967285
69245, 62.45728302001953, 53.726688385009766, 0.03108450397849083, 3.7700490951538086, 6.388297080993652, 0.00901370495557785, 7000.0, 7000.0, 7000.0, 7000.0, 0.9778828024864197, 3.1318562030792236
69265, 62.73039627075195, 53.65867614746094, 0.03071521408855915, 3.7885525226593018, 6.380688667297363, 0.006796472240239382, 7000.0, 7000.0, 7000.0, 7000.0, 0.979783833026886, 3.1294071674346924
69285, 62.806182861328125, 53.786380767822266, 0.030848579481244087, 3.7899022102355957, 6.3894171714782715, 0.007086401805281639, 7000.0, 7000.0, 7000.0, 7000.0, 0.9790392518043518, 3.120718240737915
69305, 63.58708953857422, 53.43117904663086, 0.029561463743448257, 3.856333017349243, 6.354251861572266, -0.0009204503730870783, 7000.0, 7000.0, 7000.0, 7000.0, 0.9779494404792786, 3.117452383041382
69325, 63.66425323486328, 53.558349609375, 0.029533877968788147, 3.859306573867798, 6.3622894287109375, -0.0013768153730779886, 7000.0, 7000.0, 7000.0, 7000.0, 0.9748530983924866, 3.086618185043335
69345, 63.74147033691406, 53.68568801879883, 0.02949943020939827, 3.861893892288208, 6.370734214782715, -0.0017404515529051423, 7000.0, 7000.0, 7000.0, 7000.0, 0.9743893146514893, 3.0826947689056396
69365, 64.02326965332031, 53.7562141418457, 0.02921348437666893, 3.883127450942993, 6.37312126159668, -0.0028448919765651226, 7000.0, 7000.0, 7000.0, 7000.0, 0.976519763469696, 3.079810380935669
69385, 64.10094451904297, 53.883766174316406, 0.02916615828871727, 3.884411573410034, 6.381485939025879, -0.00222847075201571, 7000.0, 7000.0, 7000.0, 7000.0, 0.9767680168151855, 3.0764753818511963
69405, 64.25411987304688, 53.99985885620117, 0.029059242457151413, 3.8938138484954834, 6.388670921325684, -0.001635123509913683, 7000.0, 7000.0, 7000.0, 7000.0, 0.977078378200531, 3.078106641769409
69425, 64.33202362060547, 54.127716064453125, 0.02902909740805626, 3.8963937759399414, 6.397248268127441, -0.0007875909213908017, 7000.0, 7000.0, 7000.0, 7000.0, 0.9765112400054932, 3.079977035522461
69445, 64.40998077392578, 54.25574493408203, 0.02901134081184864, 3.8989808559417725, 6.405973434448242, -0.0004287334450054914, 7000.0, 7000.0, 7000.0, 7000.0, 0.9770089983940125, 3.0777933597564697
69465, 63.93924331665039, 54.45701217651367, 0.029506225138902664, 3.8487892150878906, 6.4250311851501465, 0.0019124997779726982, 7000.0, 7000.0, 7000.0, 7000.0, 0.9779422879219055, 3.07370924949646
69485, 64.0162353515625, 54.58559799194336, 0.02954791486263275, 3.8511736392974854, 6.4339494705200195, 0.0015954182017594576, 7000.0, 7000.0, 7000.0, 7000.0, 0.9791773557662964, 3.0903139114379883
69505, 64.76463317871094, 54.542903900146484, 0.028848782181739807, 3.917189836502075, 6.4228997230529785, -0.002335816388949752, 7000.0, 7000.0, 7000.0, 7000.0, 0.9787386059761047, 3.0890731811523438
69525, 64.8429946899414, 54.67144012451172, 0.02880670316517353, 3.9187769889831543, 6.43104362487793, -0.0020411203149706125, 7000.0, 7000.0, 7000.0, 7000.0, 0.9771754741668701, 3.066105604171753
69545, 64.92138671875, 54.800140380859375, 0.02876354195177555, 3.920452833175659, 6.439772129058838, -0.0015497553395107388, 7000.0, 7000.0, 7000.0, 7000.0, 0.9764175415039062, 3.06909441947937
69565, 63.86176681518555, 55.20602798461914, 0.02991071157157421, 3.813335418701172, 6.480957984924316, 0.005135329440236092, 7000.0, 7000.0, 7000.0, 7000.0, 0.97455894947052, 3.0706145763397217
69585, 63.93805694580078, 55.335731506347656, 0.030013924464583397, 3.8157637119293213, 6.489785671234131, 0.0053559960797429085, 7000.0, 7000.0, 7000.0, 7000.0, 0.9749941825866699, 3.108313798904419
69605, 64.60150146484375, 55.115928649902344, 0.029143981635570526, 3.8727431297302246, 6.464864253997803, 7.571263995487243e-05, 7000.0, 7000.0, 7000.0, 7000.0, 0.9724053144454956, 3.1020448207855225
69625, 64.67897033691406, 55.24531555175781, 0.02915971353650093, 3.8751347064971924, 6.473813533782959, 0.0006885500042699277, 7000.0, 7000.0, 7000.0, 7000.0, 0.9754065871238708, 3.082597017288208
69645, 64.75648498535156, 55.374881744384766, 0.029181402176618576, 3.876981019973755, 6.4828200340271, 0.001477392390370369, 7000.0, 7000.0, 7000.0, 7000.0, 0.9759759306907654, 3.0843210220336914
69665, 64.60970306396484, 55.67902374267578, 0.029655246064066887, 3.858116626739502, 6.5079569816589355, 0.004966200795024633, 7000.0, 7000.0, 7000.0, 7000.0, 0.9790416955947876, 3.092331886291504
69685, 64.6868896484375, 55.809261322021484, 0.029743250459432602, 3.8593790531158447, 6.516193389892578, 0.005037643015384674, 7000.0, 7000.0, 7000.0, 7000.0, 0.9804384708404541, 3.0989186763763428
69705, 64.7111587524414, 55.99129104614258, 0.029955696314573288, 3.8569324016571045, 6.528998851776123, 0.005090492777526379, 7000.0, 7000.0, 7000.0, 7000.0, 0.9802051186561584, 3.0903937816619873
69725, 64.78832244873047, 56.12195587158203, 0.03006031922996044, 3.860041618347168, 6.537139892578125, 0.004947972949594259, 7000.0, 7000.0, 7000.0, 7000.0, 0.9781263470649719, 3.088890790939331
69745, 64.86554718017578, 56.25278854370117, 0.030168045312166214, 3.8624777793884277, 6.545286655426025, 0.005119622685015202, 7000.0, 7000.0, 7000.0, 7000.0, 0.9775705337524414, 3.0917084217071533
69765, 64.97489166259766, 56.34781265258789, 0.030189184471964836, 3.8671789169311523, 6.5507965087890625, 0.005466254893690348, 7000.0, 7000.0, 7000.0, 7000.0, 0.9789626598358154, 3.0949716567993164
69785, 65.05226135253906, 56.47892761230469, 0.030298082157969475, 3.868978977203369, 6.559609889984131, 0.00633065402507782, 7000.0, 7000.0, 7000.0, 7000.0, 0.9784489870071411, 3.09829044342041
69805, 65.00486755371094, 56.748069763183594, 0.030748020857572556, 3.8597910404205322, 6.580712795257568, 0.007899307645857334, 7000.0, 7000.0, 7000.0, 7000.0, 0.9792457818984985, 3.100381374359131
69825, 65.08208465576172, 56.87977600097656, 0.03089592605829239, 3.861447334289551, 6.589801788330078, 0.007596432697027922, 7000.0, 7000.0, 7000.0, 7000.0, 0.9807542562484741, 3.0957460403442383
69845, 65.15933227539062, 57.011661529541016, 0.031051862984895706, 3.8628427982330322, 6.5983967781066895, 0.007521910592913628, 7000.0, 7000.0, 7000.0, 7000.0, 0.9818365573883057, 3.0925323963165283
69865, 65.86019897460938, 56.543399810791016, 0.029596781358122826, 3.918546676635742, 6.555370330810547, -0.0010618079686537385, 7000.0, 7000.0, 7000.0, 7000.0, 0.9824538230895996, 3.090085983276367
69885, 65.93858337402344, 56.674598693847656, 0.02958441525697708, 3.9205381870269775, 6.563871383666992, -0.0005249515525065362, 7000.0, 7000.0, 7000.0, 7000.0, 0.9811437129974365, 3.0702221393585205
69905, 65.30262756347656, 57.1787223815918, 0.030745185911655426, 3.857273817062378, 6.608041763305664, 0.006439490243792534, 7000.0, 7000.0, 7000.0, 7000.0, 0.9802857637405396, 3.0753703117370605
69925, 65.37979888916016, 57.31096649169922, 0.03086480312049389, 3.8594987392425537, 6.616726875305176, 0.006773483008146286, 7000.0, 7000.0, 7000.0, 7000.0, 0.9811367988586426, 3.1010427474975586
69945, 65.45701599121094, 57.443389892578125, 0.030993664637207985, 3.8620827198028564, 6.625863552093506, 0.006802689284086227, 7000.0, 7000.0, 7000.0, 7000.0, 0.9810736775398254, 3.095407724380493
69965, 66.06487274169922, 57.20335006713867, 0.030078517273068428, 3.911858558654785, 6.6004486083984375, 0.0007215781952254474, 7000.0, 7000.0, 7000.0, 7000.0, 0.9813336730003357, 3.0888137817382812
69985, 66.14312744140625, 57.335445404052734, 0.03010702133178711, 3.9144859313964844, 6.609246253967285, 0.0009688548161648214, 7000.0, 7000.0, 7000.0, 7000.0, 0.9790662527084351, 3.0665459632873535
70005, 66.2541275024414, 57.44985580444336, 0.030086683109402657, 3.9202089309692383, 6.6163434982299805, 0.0012194928713142872, 7000.0, 7000.0, 7000.0, 7000.0, 0.9798339009284973, 3.068157196044922
70025, 66.33255004882812, 57.58226776123047, 0.030111756175756454, 3.922450065612793, 6.62489652633667, 0.0016528918640688062, 7000.0, 7000.0, 7000.0, 7000.0, 0.9808530211448669, 3.074676275253296
70045, 66.37178039550781, 57.64853286743164, 0.030122919008135796, 3.9238080978393555, 6.628427982330322, 0.0007307765772566199, 7000.0, 7000.0, 7000.0, 7000.0, 0.9808266162872314, 3.0803773403167725
70065, 67.2449951171875, 57.415462493896484, 0.02905435487627983, 3.999431848526001, 6.600129127502441, -0.005326644983142614, 7000.0, 7000.0, 7000.0, 7000.0, 0.9808536171913147, 3.075090169906616
70085, 67.32501220703125, 57.54756546020508, 0.028954047709703445, 4.002098083496094, 6.60892391204834, -0.004565158858895302, 7000.0, 7000.0, 7000.0, 7000.0, 0.9803443551063538, 3.041135549545288
70105, 68.28526306152344, 57.43646240234375, 0.027961941435933113, 4.087649822235107, 6.589417934417725, -0.00926941353827715, 7000.0, 7000.0, 7000.0, 7000.0, 0.9806296229362488, 3.0357484817504883
70125, 68.36705017089844, 57.56834030151367, 0.02776460349559784, 4.090342998504639, 6.598208904266357, -0.009203753434121609, 7000.0, 7000.0, 7000.0, 7000.0, 0.9790886640548706, 3.0033397674560547
70145, 68.44888305664062, 57.70038604736328, 0.027578167617321014, 4.09324836730957, 6.606642246246338, -0.009167008101940155, 7000.0, 7000.0, 7000.0, 7000.0, 0.9782286882400513, 3.0083110332489014
70165, 68.15372467041016, 57.86848449707031, 0.0276664849370718, 4.059715270996094, 6.62174654006958, -0.0077946907840669155, 7000.0, 7000.0, 7000.0, 7000.0, 0.9780957102775574, 3.0107831954956055
70185, 68.23493194580078, 58.001007080078125, 0.027524691075086594, 4.061824321746826, 6.630587100982666, -0.007499481551349163, 7000.0, 7000.0, 7000.0, 7000.0, 0.9798615574836731, 3.0242788791656494
70205, 67.29706573486328, 58.2485237121582, 0.02810944989323616, 3.965664863586426, 6.659343719482422, -0.0029214818496257067, 7000.0, 7000.0, 7000.0, 7000.0, 0.9811488389968872, 3.0186216831207275
70225, 67.37639617919922, 58.38180160522461, 0.02804798260331154, 3.9674601554870605, 6.668369293212891, -0.0024273048620671034, 7000.0, 7000.0, 7000.0, 7000.0, 0.9845976233482361, 3.052936553955078
70245, 67.45576477050781, 58.515254974365234, 0.027987783774733543, 3.9691851139068604, 6.677306175231934, -0.002473690314218402, 7000.0, 7000.0, 7000.0, 7000.0, 0.9836843013763428, 3.0546281337738037
70265, 67.51756286621094, 58.656005859375, 0.027948088943958282, 3.9697184562683105, 6.686666011810303, -0.002964438172057271, 7000.0, 7000.0, 7000.0, 7000.0, 0.9854686260223389, 3.0573551654815674
70285, 67.59697723388672, 58.78981399536133, 0.027888191863894463, 3.9716289043426514, 6.695136547088623, -0.0037836821284145117, 7000.0, 7000.0, 7000.0, 7000.0, 0.9865917563438416, 3.0610766410827637
70305, 67.92011260986328, 58.75381851196289, 0.027428431436419487, 3.9954943656921387, 6.687429428100586, -0.006156718824058771, 7000.0, 7000.0, 7000.0, 7000.0, 0.9877998232841492, 3.0590968132019043
70325, 68.00003051757812, 58.88766098022461, 0.02731655165553093, 3.9970574378967285, 6.69651985168457, -0.005276394542306662, 7000.0, 7000.0, 7000.0, 7000.0, 0.9874903559684753, 3.041942596435547
70345, 68.0799789428711, 59.02168273925781, 0.027209309861063957, 3.9984488487243652, 6.705717086791992, -0.004778278060257435, 7000.0, 7000.0, 7000.0, 7000.0, 0.9876276850700378, 3.0439202785491943
70365, 67.94763946533203, 59.375152587890625, 0.0275206808000803, 3.9813027381896973, 6.73480749130249, -0.002747806953266263, 7000.0, 7000.0, 7000.0, 7000.0, 0.9865710139274597, 3.040949821472168
70385, 68.02729034423828, 59.50992965698242, 0.027456941083073616, 3.9840803146362305, 6.743408679962158, -0.002883313689380884, 7000.0, 7000.0, 7000.0, 7000.0, 0.9886702299118042, 3.0535199642181396
70405, 67.81269836425781, 60.0002326965332, 0.02812940441071987, 3.9616575241088867, 6.7829179763793945, 0.001070744008757174, 7000.0, 7000.0, 7000.0, 7000.0, 0.9905372262001038, 3.058537006378174
70425, 67.89195251464844, 60.13597869873047, 0.028164025396108627, 3.9641897678375244, 6.791232109069824, 0.001746986759826541, 7000.0, 7000.0, 7000.0, 7000.0, 0.9939756989479065, 3.0701169967651367
70445, 67.97125244140625, 60.27189636230469, 0.028210563585162163, 3.966388463973999, 6.799748420715332, 0.0027083319146186113, 7000.0, 7000.0, 7000.0, 7000.0, 0.9933527708053589, 3.0613200664520264
70465, 67.9610824584961, 60.57868576049805, 0.028646476566791534, 3.9619390964508057, 6.822342395782471, 0.004907684866338968, 7000.0, 7000.0, 7000.0, 7000.0, 0.9948228597640991, 3.0579023361206055
70485, 68.04035186767578, 60.71522903442383, 0.028728347271680832, 3.9643921852111816, 6.8314948081970215, 0.004711659625172615, 7000.0, 7000.0, 7000.0, 7000.0, 0.9908940196037292, 3.0594184398651123
70505, 68.09806060791016, 60.893531799316406, 0.028912534937262535, 3.9652864933013916, 6.8439412117004395, 0.004318790510296822, 7000.0, 7000.0, 7000.0, 7000.0, 0.9895200729370117, 3.0671329498291016
70525, 68.1773910522461, 61.03050231933594, 0.02899262309074402, 3.967501401901245, 6.8527045249938965, 0.003480128711089492, 7000.0, 7000.0, 7000.0, 7000.0, 0.9895412921905518, 3.070460557937622
70545, 68.25675964355469, 61.16764831542969, 0.029071122407913208, 3.96940279006958, 6.8613362312316895, 0.0035376623272895813, 7000.0, 7000.0, 7000.0, 7000.0, 0.9867697358131409, 3.0679004192352295
70565, 68.58305358886719, 60.94621658325195, 0.028079533949494362, 3.989643096923828, 6.844314098358154, -0.0019442880293354392, 7000.0, 7000.0, 7000.0, 7000.0, 0.9858831167221069, 3.0643529891967773
70585, 68.6628646850586, 61.08320617675781, 0.02804328128695488, 3.991187810897827, 6.853870391845703, -0.0011128268670290709, 7000.0, 7000.0, 7000.0, 7000.0, 0.9844154715538025, 3.0493998527526855
70605, 68.74742889404297, 61.217525482177734, 0.02799820341169834, 3.9930644035339355, 6.863236427307129, -0.0010740208672359586, 7000.0, 7000.0, 7000.0, 7000.0, 0.9818774461746216, 3.050957679748535
70625, 68.82731628417969, 61.354881286621094, 0.027965392917394638, 3.9945755004882812, 6.8726019859313965, -0.0013283247826620936, 7000.0, 7000.0, 7000.0, 7000.0, 0.9815168976783752, 3.0569891929626465
70645, 68.9072265625, 61.4924201965332, 0.02794085256755352, 3.996332883834839, 6.8814616203308105, -0.0013129328144714236, 7000.0, 7000.0, 7000.0, 7000.0, 0.9814918041229248, 3.0635199546813965
70665, 68.70130920410156, 61.723960876464844, 0.028460722416639328, 3.9735920429229736, 6.897943019866943, 0.0017885516863316298, 7000.0, 7000.0, 7000.0, 7000.0, 0.982764482498169, 3.06213116645813
70685, 68.78079223632812, 61.86201095581055, 0.028509648516774178, 3.9753353595733643, 6.906577110290527, 0.002377663040533662, 7000.0, 7000.0, 7000.0, 7000.0, 0.98392254114151, 3.0715742111206055
70705, 68.98223114013672, 61.93244171142578, 0.028321493417024612, 3.987420082092285, 6.909969806671143, 0.0021641862113028765, 7000.0, 7000.0, 7000.0, 7000.0, 0.9835147261619568, 3.0740301609039307
70725, 69.06199645996094, 62.07073211669922, 0.02835863269865513, 3.98945689201355, 6.919222354888916, 0.0023348985705524683, 7000.0, 7000.0, 7000.0, 7000.0, 0.9817643165588379, 3.066929340362549
70745, 69.14579772949219, 62.216121673583984, 0.028396092355251312, 3.991490602493286, 6.928180694580078, 0.0019957907497882843, 7000.0, 7000.0, 7000.0, 7000.0, 0.9827077388763428, 3.071336507797241
70765, 69.08209991455078, 62.46733856201172, 0.02872360311448574, 3.9818031787872314, 6.946521282196045, 0.0027367996517568827, 7000.0, 7000.0, 7000.0, 7000.0, 0.9828065633773804, 3.072492837905884
70785, 69.16175079345703, 62.60634231567383, 0.02878354862332344, 3.984306812286377, 6.954651832580566, 0.002781366929411888, 7000.0, 7000.0, 7000.0, 7000.0, 0.9864397644996643, 3.0739824771881104
70805, 69.20051574707031, 62.78053665161133, 0.02893723174929619, 3.983238697052002, 6.965882301330566, 0.004027428571134806, 7000.0, 7000.0, 7000.0, 7000.0, 0.9897725582122803, 3.0741007328033447
70825, 69.28019714355469, 62.91994094848633, 0.029024040326476097, 3.9856960773468018, 6.974531173706055, 0.004861770663410425, 7000.0, 7000.0, 7000.0, 7000.0, 0.9903669953346252, 3.069664716720581
70845, 69.35993194580078, 63.05952072143555, 0.02912231720983982, 3.9876720905303955, 6.983428001403809, 0.005743739195168018, 7000.0, 7000.0, 7000.0, 7000.0, 0.9892652034759521, 3.0695536136627197
70865, 69.48207092285156, 63.1617546081543, 0.029141828417778015, 3.9937007427215576, 6.988813877105713, 0.005602245219051838, 7000.0, 7000.0, 7000.0, 7000.0, 0.991405725479126, 3.0707006454467773
70885, 69.56197357177734, 63.301612854003906, 0.029252732172608376, 3.996490716934204, 6.997038841247559, 0.005812184885144234, 7000.0, 7000.0, 7000.0, 7000.0, 0.9923686981201172, 3.0694420337677
70905, 69.94088745117188, 63.17876434326172, 0.02875484712421894, 4.025359630584717, 6.981743812561035, 0.002302484819665551, 7000.0, 7000.0, 7000.0, 7000.0, 0.9944347143173218, 3.070525646209717
70925, 70.02142333984375, 63.318485260009766, 0.02880340814590454, 4.028255462646484, 6.989908218383789, 0.0022146394476294518, 7000.0, 7000.0, 7000.0, 7000.0, 0.9960207939147949, 3.058790445327759
70945, 70.10201263427734, 63.4583854675293, 0.028849855065345764, 4.030754566192627, 6.998860836029053, 0.002653987379744649, 7000.0, 7000.0, 7000.0, 7000.0, 0.99910968542099, 3.055866003036499
70965, 69.82076263427734, 63.836421966552734, 0.029480982571840286, 4.000580787658691, 7.030080318450928, 0.006857238709926605, 7000.0, 7000.0, 7000.0, 7000.0, 0.9971525073051453, 3.056692361831665
70985, 69.90080261230469, 63.977115631103516, 0.029614977538585663, 4.003111839294434, 7.039124011993408, 0.007272887974977493, 7000.0, 7000.0, 7000.0, 7000.0, 0.9972620010375977, 3.070361375808716
71005, 69.89635467529297, 64.18081665039062, 0.02989836595952511, 3.9979684352874756, 7.053828716278076, 0.00781660620123148, 7000.0, 7000.0, 7000.0, 7000.0, 0.9969981908798218, 3.0716700553894043
71025, 69.9763412475586, 64.32198333740234, 0.030053388327360153, 4.000625133514404, 7.06256103515625, 0.0077997613698244095, 7000.0, 7000.0, 7000.0, 7000.0, 0.9986708164215088, 3.071734666824341
71045, 70.05638122558594, 64.46332550048828, 0.030207501724362373, 4.0031585693359375, 7.071472644805908, 0.007486752700060606, 7000.0, 7000.0, 7000.0, 7000.0, 1.0008883476257324, 3.0721476078033447
71065, 71.00230407714844, 63.90153503417969, 0.028700608760118484, 4.080232620239258, 7.017979621887207, -0.0018284216057509184, 7000.0, 7000.0, 7000.0, 7000.0, 1.0014846324920654, 3.0732975006103516
71085, 71.08393096923828, 64.0419921875, 0.028662685304880142, 4.081845283508301, 7.027278900146484, -0.0017421668162569404, 7000.0, 7000.0, 7000.0, 7000.0, 0.9965779185295105, 3.044462203979492
71105, 71.03585052490234, 64.24607849121094, 0.028790613636374474, 4.072017669677734, 7.0429368019104, -0.0006462106248363853, 7000.0, 7000.0, 7000.0, 7000.0, 0.9965420365333557, 3.0428600311279297
71125, 71.1173095703125, 64.38702392578125, 0.028776289895176888, 4.0741868019104, 7.05171012878418, -0.0003569402324501425, 7000.0, 7000.0, 7000.0, 7000.0, 0.9951462149620056, 3.0398941040039062
71145, 71.20289611816406, 64.53520202636719, 0.028773201629519463, 4.076786041259766, 7.060841083526611, 0.00019795108528342098, 7000.0, 7000.0, 7000.0, 7000.0, 0.9955781102180481, 3.041604518890381
71165, 70.22618103027344, 65.0715103149414, 0.029916830360889435, 3.9841132164001465, 7.112207889556885, 0.006632643286138773, 7000.0, 7000.0, 7000.0, 7000.0, 0.9967619180679321, 3.0456490516662598
71185, 70.30589294433594, 65.21383666992188, 0.030048755928874016, 3.987004041671753, 7.120823383331299, 0.006223699543625116, 7000.0, 7000.0, 7000.0, 7000.0, 0.9992520213127136, 3.0811009407043457
71205, 70.12557983398438, 65.52357482910156, 0.030584922060370445, 3.9667372703552246, 7.145178318023682, 0.007915831170976162, 7000.0, 7000.0, 7000.0, 7000.0, 0.9981092810630798, 3.081120252609253
71225, 70.2049331665039, 65.66656494140625, 0.030742354691028595, 3.9686670303344727, 7.1544952392578125, 0.008091268129646778, 7000.0, 7000.0, 7000.0, 7000.0, 1.0021597146987915, 3.088798999786377
71245, 70.2843246459961, 65.80973815917969, 0.030907072126865387, 3.9705960750579834, 7.163739204406738, 0.008768969215452671, 7000.0, 7000.0, 7000.0, 7000.0, 1.0016887187957764, 3.0912303924560547
71265, 70.90461730957031, 65.02119445800781, 0.029030252248048782, 4.011893272399902, 7.097544193267822, -0.0025589128490537405, 7000.0, 7000.0, 7000.0, 7000.0, 0.9983240962028503, 3.089237928390503
71285, 70.98487091064453, 65.16322326660156, 0.028979463502764702, 4.013415336608887, 7.105987071990967, -0.0022517815232276917, 7000.0, 7000.0, 7000.0, 7000.0, 0.9959417581558228, 3.0745368003845215
71305, 71.0586929321289, 65.31412506103516, 0.02896082028746605, 4.014867782592773, 7.115507125854492, -0.0016462277853861451, 7000.0, 7000.0, 7000.0, 7000.0, 0.9940370917320251, 3.07269024848938
71325, 71.13900756835938, 65.4565200805664, 0.028933778405189514, 4.017121315002441, 7.124408721923828, -0.001558707794174552, 7000.0, 7000.0, 7000.0, 7000.0, 0.995157778263092, 3.0707082748413086
71345, 71.21936798095703, 65.5990982055664, 0.028906255960464478, 4.0192131996154785, 7.133556842803955, -0.0013919821940362453, 7000.0, 7000.0, 7000.0, 7000.0, 0.9960646033287048, 3.0761866569519043
71365, 71.05596160888672, 65.99720764160156, 0.029442565515637398, 4.001325607299805, 7.1659417152404785, 0.0021976460702717304, 7000.0, 7000.0, 7000.0, 7000.0, 0.9949195384979248, 3.0732369422912598
71385, 71.1360092163086, 66.14060974121094, 0.02948238141834736, 4.003176212310791, 7.174649715423584, 0.002541986992582679, 7000.0, 7000.0, 7000.0, 7000.0, 0.9946103692054749, 3.0822784900665283
71405, 71.70361328125, 65.77286529541016, 0.028362929821014404, 4.04494571685791, 7.138250827789307, -0.004060065373778343, 7000.0, 7000.0, 7000.0, 7000.0, 0.9952964782714844, 3.0805742740631104
71425, 71.78453826904297, 65.91571807861328, 0.028281113132834435, 4.046694755554199, 7.146905422210693, -0.004112209193408489, 7000.0, 7000.0, 7000.0, 7000.0, 0.9937687516212463, 3.061267137527466
71445, 71.86548614501953, 66.05874633789062, 0.028205186128616333, 4.048328876495361, 7.155327320098877, -0.0037720047403126955, 7000.0, 7000.0, 7000.0, 7000.0, 0.9971926212310791, 3.0599722862243652
71465, 71.99921417236328, 66.16426086425781, 0.02804928831756115, 4.054844379425049, 7.160423755645752, -0.003898395225405693, 7000.0, 7000.0, 7000.0, 7000.0, 0.9981537461280823, 3.065591812133789
71485, 72.08033752441406, 66.30757141113281, 0.027973419055342674, 4.056917190551758, 7.1696319580078125, -0.003117507556453347, 7000.0, 7000.0, 7000.0, 7000.0, 1.0008078813552856, 3.066007375717163
71505, 72.14142608642578, 66.46414184570312, 0.02793269418179989, 4.057747840881348, 7.180262088775635, -0.002617532853037119, 7000.0, 7000.0, 7000.0, 7000.0, 1.00106942653656, 3.06400465965271
71525, 72.22667694091797, 66.61503601074219, 0.02786777727305889, 4.060756206512451, 7.189721584320068, -0.002770092338323593, 7000.0, 7000.0, 7000.0, 7000.0, 1.0018104314804077, 3.0642104148864746
71545, 72.30791473388672, 66.75892639160156, 0.027806950733065605, 4.063686370849609, 7.198574066162109, -0.0033759514335542917, 7000.0, 7000.0, 7000.0, 7000.0, 1.003050684928894, 3.056767225265503
71565, 71.56092071533203, 67.41277313232422, 0.028882836923003197, 3.993419647216797, 7.257853984832764, 0.002990491921082139, 7000.0, 7000.0, 7000.0, 7000.0, 1.0042191743850708, 3.0542733669281006
71585, 71.64080810546875, 67.55802154541016, 0.028949104249477386, 3.9955317974090576, 7.266776084899902, 0.0031521618366241455, 7000.0, 7000.0, 7000.0, 7000.0, 1.0066134929656982, 3.0821805000305176
71605, 71.93885803222656, 67.50494384765625, 0.02855176292359829, 4.015355587005615, 7.2583417892456055, 0.0008414088515564799, 7000.0, 7000.0, 7000.0, 7000.0, 1.0064760446548462, 3.0868420600891113
71625, 72.0191879272461, 67.65019226074219, 0.028560543432831764, 4.01681661605835, 7.267410755157471, 0.0011891111498698592, 7000.0, 7000.0, 7000.0, 7000.0, 1.006930947303772, 3.083954334259033
71645, 72.09954833984375, 67.79562377929688, 0.02857627533376217, 4.018784046173096, 7.276553153991699, 0.0012171254493296146, 7000.0, 7000.0, 7000.0, 7000.0, 1.0066897869110107, 3.0841715335845947
71665, 72.10137939453125, 68.02617645263672, 0.028807494789361954, 4.01454496383667, 7.2922563552856445, 0.0018050424987450242, 7000.0, 7000.0, 7000.0, 7000.0, 1.0067651271820068, 3.0852842330932617
71685, 72.18167877197266, 68.17211151123047, 0.028858812525868416, 4.016384124755859, 7.301025867462158, 0.0023484784178435802, 7000.0, 7000.0, 7000.0, 7000.0, 1.0046414136886597, 3.0816895961761475
71705, 72.57553100585938, 67.97537994384766, 0.028035640716552734, 4.0436177253723145, 7.282144069671631, -0.0019162913085892797, 7000.0, 7000.0, 7000.0, 7000.0, 1.0039703845977783, 3.081125020980835
71725, 72.65642547607422, 68.1211166381836, 0.028005484491586685, 4.046226501464844, 7.290987491607666, -0.0008033936028368771, 7000.0, 7000.0, 7000.0, 7000.0, 1.0045734643936157, 3.0753161907196045
71745, 72.73737335205078, 68.26702117919922, 0.027979250997304916, 4.0486907958984375, 7.299796104431152, -0.0007631825283169746, 7000.0, 7000.0, 7000.0, 7000.0, 1.0050932168960571, 3.076209545135498
71765, 72.8094253540039, 68.41857147216797, 0.027968736365437508, 4.050282001495361, 7.3092360496521, -0.0008871210739016533, 7000.0, 7000.0, 7000.0, 7000.0, 1.0049421787261963, 3.070329189300537
71785, 72.89045715332031, 68.56483459472656, 0.027951791882514954, 4.053165912628174, 7.317781925201416, -0.0009678256465122104, 7000.0, 7000.0, 7000.0, 7000.0, 1.0051296949386597, 3.0596513748168945
71805, 71.85581970214844, 69.2959213256836, 0.029827170073986053, 3.960162878036499, 7.3801140785217285, 0.009772279299795628, 7000.0, 7000.0, 7000.0, 7000.0, 1.0054326057434082, 3.0621745586395264
71825, 71.9350357055664, 69.44361114501953, 0.030032481998205185, 3.961707353591919, 7.388939380645752, 0.010342594236135483, 7000.0, 7000.0, 7000.0, 7000.0, 1.0055986642837524, 3.0985639095306396
71845, 72.0142822265625, 69.59148406982422, 0.03024538792669773, 3.9629507064819336, 7.398024559020996, 0.011564607731997967, 7000.0, 7000.0, 7000.0, 7000.0, 1.0049457550048828, 3.103137731552124
71865, 72.30380249023438, 69.15254974365234, 0.029346762225031853, 3.978257179260254, 7.361976623535156, 0.006454802583903074, 7000.0, 7000.0, 7000.0, 7000.0, 1.0020828247070312, 3.1044068336486816
71885, 72.3833999633789, 69.29988098144531, 0.029462825506925583, 3.9806432723999023, 7.370834827423096, 0.006277128588408232, 7000.0, 7000.0, 7000.0, 7000.0, 1.000882863998413, 3.0968542098999023
71905, 72.37801361083984, 69.94438171386719, 0.030289584770798683, 3.979452133178711, 7.418578147888184, 0.009646187536418438, 7000.0, 7000.0, 7000.0, 7000.0, 1.0038127899169922, 3.0941247940063477
71925, 72.46160125732422, 70.10027313232422, 0.030499931424856186, 3.9816439151763916, 7.427389144897461, 0.009609606117010117, 7000.0, 7000.0, 7000.0, 7000.0, 1.0039279460906982, 3.091625928878784
71945, 72.54125213623047, 70.2489242553711, 0.030706387013196945, 3.9837565422058105, 7.436123371124268, 0.010429623536765575, 7000.0, 7000.0, 7000.0, 7000.0, 1.0014333724975586, 3.0940661430358887
71965, 72.89715576171875, 69.29773712158203, 0.028995050117373466, 4.000936031341553, 7.360363006591797, 0.0003435146063566208, 7000.0, 7000.0, 7000.0, 7000.0, 1.0017893314361572, 3.0999536514282227
71985, 72.97720336914062, 69.4450454711914, 0.028991956263780594, 4.003537654876709, 7.36961555480957, 0.0007303914753720164, 7000.0, 7000.0, 7000.0, 7000.0, 1.0002779960632324, 3.0938684940338135
72005, 73.05626678466797, 69.59465789794922, 0.02899743989109993, 4.0059638023376465, 7.379062175750732, 0.0006273802137002349, 7000.0, 7000.0, 7000.0, 7000.0, 0.9995355010032654, 3.0926899909973145
72025, 73.13641357421875, 69.7423324584961, 0.029005667194724083, 4.008408069610596, 7.388118267059326, 0.0003443343739490956, 7000.0, 7000.0, 7000.0, 7000.0, 1.001226544380188, 3.0871388912200928
72045, 73.21659851074219, 69.89018249511719, 0.029018038883805275, 4.010572910308838, 7.3967509269714355, 0.0002535214589443058, 7000.0, 7000.0, 7000.0, 7000.0, 0.9996559619903564, 3.083735942840576
72065, 73.51839447021484, 69.71692657470703, 0.028503969311714172, 4.030169486999512, 7.376775741577148, -0.0019871145486831665, 7000.0, 7000.0, 7000.0, 7000.0, 0.9992382526397705, 3.08105206489563
72085, 73.59901428222656, 69.86455535888672, 0.0284709669649601, 4.031790733337402, 7.385924339294434, -0.0010855146683752537, 7000.0, 7000.0, 7000.0, 7000.0, 1.0003479719161987, 3.0800063610076904
72105, 73.52169036865234, 70.19499969482422, 0.028717266395688057, 4.019989967346191, 7.412267684936523, 0.0014264294877648354, 7000.0, 7000.0, 7000.0, 7000.0, 1.0005196332931519, 3.0813591480255127
72125, 73.60211181640625, 70.34333038330078, 0.028744282200932503, 4.021800518035889, 7.421561241149902, 0.002087540924549103, 7000.0, 7000.0, 7000.0, 7000.0, 1.002310872077942, 3.0783042907714844
72145, 73.68257141113281, 70.4918441772461, 0.028784193098545074, 4.0241851806640625, 7.430263996124268, 0.001826074905693531, 7000.0, 7000.0, 7000.0, 7000.0, 1.0030717849731445, 3.0754151344299316
72165, 74.34088134765625, 70.0797348022461, 0.02789953723549843, 4.075784206390381, 7.385665416717529, -0.0030705430544912815, 7000.0, 7000.0, 7000.0, 7000.0, 1.0020220279693604, 3.072223424911499
72185, 74.42241668701172, 70.22753143310547, 0.027849992737174034, 4.078479766845703, 7.394227981567383, -0.002558112842962146, 7000.0, 7000.0, 7000.0, 7000.0, 1.000746726989746, 3.054497241973877
72205, 72.74284362792969, 71.88175964355469, 0.02985662966966629, 3.9268882274627686, 7.552103042602539, 0.009802477434277534, 7000.0, 7000.0, 7000.0, 7000.0, 1.001451015472412, 3.062443494796753
72225, 72.8213882446289, 72.03289031982422, 0.03004859946668148, 3.9281203746795654, 7.561375617980957, 0.010275066830217838, 7000.0, 7000.0, 7000.0, 7000.0, 1.0065405368804932, 3.122910499572754
72245, 72.89996337890625, 72.18419647216797, 0.030244329944252968, 3.9296915531158447, 7.5704216957092285, 0.01017708145081997, 7000.0, 7000.0, 7000.0, 7000.0, 1.0055572986602783, 3.120854139328003
72265, 73.64733123779297, 71.92929077148438, 0.028775202110409737, 3.983031749725342, 7.547184944152832, 0.0009301335085183382, 7000.0, 7000.0, 7000.0, 7000.0, 1.0056349039077759, 3.118450403213501
72285, 73.72700500488281, 72.080322265625, 0.028796622529625893, 3.9849376678466797, 7.5562238693237305, 0.0009505301713943481, 7000.0, 7000.0, 7000.0, 7000.0, 1.0037609338760376, 3.0951638221740723
72305, 73.99832916259766, 72.32415771484375, 0.028432007879018784, 4.00238561630249, 7.574405193328857, -0.0006017510313540697, 7000.0, 7000.0, 7000.0, 7000.0, 1.002031922340393, 3.095057249069214
72325, 74.0823974609375, 72.48332214355469, 0.02842746116220951, 4.004873275756836, 7.5840606689453125, 0.0002551898651290685, 7000.0, 7000.0, 7000.0, 7000.0, 1.0013680458068848, 3.0917253494262695
72345, 74.16252136230469, 72.63510131835938, 0.028430113568902016, 4.007652759552002, 7.59309196472168, 0.0007537035271525383, 7000.0, 7000.0, 7000.0, 7000.0, 1.0012489557266235, 3.0947585105895996
72365, 73.43722534179688, 72.0063247680664, 0.029774781316518784, 3.9443819522857666, 7.532736301422119, 0.007867573760449886, 7000.0, 7000.0, 7000.0, 7000.0, 1.001929521560669, 3.0925421714782715
72385, 73.51614379882812, 72.15706634521484, 0.029924267902970314, 3.947115182876587, 7.541621685028076, 0.007667168043553829, 7000.0, 7000.0, 7000.0, 7000.0, 1.0017101764678955, 3.111996650695801
72405, 73.3587646484375, 72.68215942382812, 0.0310670156031847, 3.9339511394500732, 7.578792095184326, 0.013602866791188717, 7000.0, 7000.0, 7000.0, 7000.0, 1.0004664659500122, 3.1073460578918457
72425, 73.43746948242188, 72.83383178710938, 0.03134114667773247, 3.9362213611602783, 7.587973117828369, 0.013692356646060944, 7000.0, 7000.0, 7000.0, 7000.0, 0.9993945956230164, 3.115084409713745
72445, 73.5162124633789, 72.98568725585938, 0.03161843493580818, 3.9376797676086426, 7.597170829772949, 0.014165204018354416, 7000.0, 7000.0, 7000.0, 7000.0, 0.9982248544692993, 3.11380672454834
72465, 73.60044860839844, 73.3268051147461, 0.032099317759275436, 3.9404137134552, 7.621542930603027, 0.015384983271360397, 7000.0, 7000.0, 7000.0, 7000.0, 0.999333381652832, 3.1147713661193848
72485, 73.67926788330078, 73.47933197021484, 0.03240520507097244, 3.9418399333953857, 7.630922794342041, 0.01575569622218609, 7000.0, 7000.0, 7000.0, 7000.0, 1.0006955862045288, 3.115518093109131
72505, 73.65650177001953, 72.10819244384766, 0.031447604298591614, 3.928215503692627, 7.518749237060547, 0.008448592387139797, 7000.0, 7000.0, 7000.0, 7000.0, 0.9996007084846497, 3.1141908168792725
72525, 73.73509216308594, 72.25865936279297, 0.031619392335414886, 3.930666446685791, 7.5276312828063965, 0.008888269774615765, 7000.0, 7000.0, 7000.0, 7000.0, 0.9979979395866394, 3.119392156600952
72545, 73.81372833251953, 72.4093017578125, 0.031802043318748474, 3.933309555053711, 7.536273002624512, 0.009182734414935112, 7000.0, 7000.0, 7000.0, 7000.0, 0.9975709319114685, 3.118802070617676
72565, 73.70275115966797, 70.00318145751953, 0.030519206076860428, 3.911728858947754, 7.332524299621582, 0.0011502819834277034, 7000.0, 7000.0, 7000.0, 7000.0, 0.9997575879096985, 3.1181845664978027
72585, 73.78099822998047, 70.1499252319336, 0.030547138303518295, 3.913466215133667, 7.341848373413086, 0.001603405107744038, 7000.0, 7000.0, 7000.0, 7000.0, 0.9971102476119995, 3.1238455772399902
72605, 73.58767700195312, 67.71359252929688, 0.02978760376572609, 3.8863043785095215, 7.128911972045898, -0.003052837448194623, 7000.0, 7000.0, 7000.0, 7000.0, 0.9973745942115784, 3.1261110305786133
72625, 73.66541290283203, 67.85624694824219, 0.029721643775701523, 3.8873579502105713, 7.137365818023682, -0.0030208672396838665, 7000.0, 7000.0, 7000.0, 7000.0, 0.9936487078666687, 3.1348540782928467
72645, 73.74317932128906, 67.99906921386719, 0.029662102460861206, 3.8892087936401367, 7.1455888748168945, -0.0027415375225245953, 7000.0, 7000.0, 7000.0, 7000.0, 0.9924468994140625, 3.135338306427002
72665, 73.5987548828125, 66.47855377197266, 0.029221247881650925, 3.870107889175415, 7.009612083435059, -0.005741551984101534, 7000.0, 7000.0, 7000.0, 7000.0, 0.9913275241851807, 3.1327483654022217
72685, 73.6761703491211, 66.61882781982422, 0.029108542948961258, 3.87233829498291, 7.018021583557129, -0.005751876160502434, 7000.0, 7000.0, 7000.0, 7000.0, 0.9857143759727478, 3.1347086429595947
72705, 74.15904998779297, 69.49929809570312, 0.0295223668217659, 3.912600040435791, 7.264283657073975, -0.0022187514696270227, 7000.0, 7000.0, 7000.0, 7000.0, 0.9872683882713318, 3.1366870403289795
72725, 74.23731994628906, 69.64466857910156, 0.029484452679753304, 3.9142255783081055, 7.273129463195801, -0.0017061650287359953, 7000.0, 7000.0, 7000.0, 7000.0, 0.9932096600532532, 3.121586561203003
72745, 74.31562042236328, 69.79021453857422, 0.029448654502630234, 3.91561222076416, 7.281688213348389, -0.0014574785018339753, 7000.0, 7000.0, 7000.0, 7000.0, 0.9924716949462891, 3.122340202331543
72765, 74.16455078125, 67.11800384521484, 0.028605956584215164, 3.8942699432373047, 7.044357776641846, -0.005778685212135315, 7000.0, 7000.0, 7000.0, 7000.0, 0.9930613040924072, 3.121683359146118
72785, 74.2424545288086, 67.25897216796875, 0.02848288230597973, 3.89642071723938, 7.0523362159729, -0.00609911885112524, 7000.0, 7000.0, 7000.0, 7000.0, 0.9860889911651611, 3.119537591934204
72805, 74.65512084960938, 72.22894287109375, 0.029714610427618027, 3.9325191974639893, 7.482306480407715, 0.0010537953348830342, 7000.0, 7000.0, 7000.0, 7000.0, 0.9836675524711609, 3.1152901649475098
72825, 74.73379516601562, 72.37867736816406, 0.029741277918219566, 3.9347727298736572, 7.491096496582031, 0.0013504421804100275, 7000.0, 7000.0, 7000.0, 7000.0, 0.9949065446853638, 3.106456995010376
72845, 74.81251525878906, 72.52859497070312, 0.02977021224796772, 3.9372081756591797, 7.500057220458984, 0.0015930966474115849, 7000.0, 7000.0, 7000.0, 7000.0, 0.9952860474586487, 3.1061108112335205
72865, 75.0768051147461, 72.33519744873047, 0.02939329296350479, 3.9549243450164795, 7.478299617767334, -0.0003811985079664737, 7000.0, 7000.0, 7000.0, 7000.0, 0.9969637989997864, 3.1095893383026123
72885, 75.15593719482422, 72.48485565185547, 0.02937701717019081, 3.9573850631713867, 7.487424850463867, -0.00033517787232995033, 7000.0, 7000.0, 7000.0, 7000.0, 0.9965428113937378, 3.0991158485412598
72905, 74.93413543701172, 72.4323959350586, 0.029673516750335693, 3.9340856075286865, 7.480078220367432, 0.0012356634251773357, 7000.0, 7000.0, 7000.0, 7000.0, 0.9965018033981323, 3.1015703678131104
72925, 75.0128402709961, 72.58209228515625, 0.029693106189370155, 3.9363207817077637, 7.489017963409424, 0.0008408342837356031, 7000.0, 7000.0, 7000.0, 7000.0, 0.9963954091072083, 3.107473611831665
72945, 75.09158325195312, 72.73196411132812, 0.029708636924624443, 3.938535451889038, 7.497664928436279, 0.00023132974456530064, 7000.0, 7000.0, 7000.0, 7000.0, 0.9960819482803345, 3.105307102203369
72965, 76.54888916015625, 74.41985321044922, 0.028296997770667076, 4.05817174911499, 7.6357011795043945, -0.007515382021665573, 7000.0, 7000.0, 7000.0, 7000.0, 0.9983084797859192, 3.1063427925109863
72985, 76.63008117675781, 74.57266235351562, 0.028146294876933098, 4.060677528381348, 7.645193576812744, -0.007145324721932411, 7000.0, 7000.0, 7000.0, 7000.0, 1.0004276037216187, 3.0667166709899902
73005, 75.920166015625, 73.60182189941406, 0.028466319665312767, 3.993959903717041, 7.561844348907471, -0.004219579976052046, 7000.0, 7000.0, 7000.0, 7000.0, 1.0010572671890259, 3.0731003284454346
73025, 76.00007629394531, 73.75314331054688, 0.0283767469227314, 3.996619939804077, 7.570901393890381, -0.003966466523706913, 7000.0, 7000.0, 7000.0, 7000.0, 0.9993323087692261, 3.094637632369995
73045, 76.08003234863281, 73.90464782714844, 0.02829938568174839, 3.9995288848876953, 7.5799360275268555, -0.003715427126735449, 7000.0, 7000.0, 7000.0, 7000.0, 0.9967594146728516, 3.089141845703125
73065, 74.88162994384766, 72.37614440917969, 0.029126660898327827, 3.891376495361328, 7.451524257659912, 0.0013507204130291939, 7000.0, 7000.0, 7000.0, 7000.0, 0.995951235294342, 3.088491916656494
73085, 74.95947265625, 72.5252685546875, 0.029166266322135925, 3.893923759460449, 7.460485458374023, 0.002123968442901969, 7000.0, 7000.0, 7000.0, 7000.0, 0.9955582618713379, 3.1287648677825928
73105, 75.74994659423828, 73.00664520263672, 0.028147980570793152, 3.954923629760742, 7.498380661010742, -0.0030165023636072874, 7000.0, 7000.0, 7000.0, 7000.0, 0.9949337244033813, 3.1321616172790527
73125, 75.8290786743164, 73.15669250488281, 0.028084004297852516, 3.957995653152466, 7.507161617279053, -0.0025824785698205233, 7000.0, 7000.0, 7000.0, 7000.0, 0.9972333908081055, 3.110053539276123
73145, 75.90827178955078, 73.30691528320312, 0.028025567531585693, 3.9608888626098633, 7.515908241271973, -0.002512706443667412, 7000.0, 7000.0, 7000.0, 7000.0, 0.9953527450561523, 3.109924554824829
73165, 75.46487426757812, 73.6683120727539, 0.029003329575061798, 3.921701192855835, 7.542165279388428, 0.0028453427366912365, 7000.0, 7000.0, 7000.0, 7000.0, 0.9944391250610352, 3.103977918624878
73185, 75.54332733154297, 73.8192367553711, 0.029066573828458786, 3.924065113067627, 7.550737380981445, 0.002711346372961998, 7000.0, 7000.0, 7000.0, 7000.0, 0.9938510656356812, 3.117396354675293
73205, 76.01971435546875, 72.95667266845703, 0.027600139379501343, 3.9536826610565186, 7.4781341552734375, -0.005469944793730974, 7000.0, 7000.0, 7000.0, 7000.0, 0.9950330257415771, 3.1217041015625
73225, 76.09879302978516, 73.10633087158203, 0.02749147079885006, 3.955110788345337, 7.487114906311035, -0.0048426068387925625, 7000.0, 7000.0, 7000.0, 7000.0, 0.9947525262832642, 3.113201856613159
73245, 76.17791748046875, 73.25615692138672, 0.027385039255023003, 3.9567313194274902, 7.496017932891846, -0.004574799444526434, 7000.0, 7000.0, 7000.0, 7000.0, 0.993705689907074, 3.1145060062408447
73265, 75.69488525390625, 75.10345458984375, 0.02917606569826603, 3.9161460399627686, 7.64926815032959, 0.005649579223245382, 7000.0, 7000.0, 7000.0, 7000.0, 0.9949865937232971, 3.1094698905944824
73285, 75.77323150634766, 75.25653076171875, 0.029285475611686707, 3.9178309440612793, 7.657930850982666, 0.005339037626981735, 7000.0, 7000.0, 7000.0, 7000.0, 0.9996444582939148, 3.125438690185547
73305, 75.89263916015625, 75.31092071533203, 0.029230818152427673, 3.922311544418335, 7.658952713012695, 0.004443068522959948, 7000.0, 7000.0, 7000.0, 7000.0, 0.9989866018295288, 3.121959686279297
73325, 75.97109985351562, 75.46419525146484, 0.029333027079701424, 3.924042224884033, 7.667495250701904, 0.00534038245677948, 7000.0, 7000.0, 7000.0, 7000.0, 1.0014301538467407, 3.1218578815460205
73345, 76.04959106445312, 75.6176528930664, 0.029444197192788124, 3.925128221511841, 7.6769304275512695, 0.006197517737746239, 7000.0, 7000.0, 7000.0, 7000.0, 1.0025967359542847, 3.1299006938934326
73365, 76.18672180175781, 75.69053649902344, 0.029336024075746536, 3.93083119392395, 7.680187225341797, 0.005641154013574123, 7000.0, 7000.0, 7000.0, 7000.0, 1.004127860069275, 3.127147912979126
73385, 76.26536560058594, 75.84422302246094, 0.029438693076372147, 3.9330787658691406, 7.689077854156494, 0.005771283991634846, 7000.0, 7000.0, 7000.0, 7000.0, 1.0043050050735474, 3.125739097595215
73405, 76.25762176513672, 76.06785583496094, 0.029812129214406013, 3.929151773452759, 7.702460765838623, 0.006475684233009815, 7000.0, 7000.0, 7000.0, 7000.0, 1.0066176652908325, 3.118532180786133
73425, 76.33622741699219, 76.22199249267578, 0.02994908019900322, 3.9317328929901123, 7.710737705230713, 0.006435784045606852, 7000.0, 7000.0, 7000.0, 7000.0, 1.0043340921401978, 3.1167123317718506
73445, 76.41487884521484, 76.37629699707031, 0.030088011175394058, 3.9337377548217773, 7.719125270843506, 0.007030900567770004, 7000.0, 7000.0, 7000.0, 7000.0, 1.0028815269470215, 3.114976644515991
73465, 76.29582214355469, 76.62084197998047, 0.030718689784407616, 3.920384645462036, 7.7339982986450195, 0.010362888686358929, 7000.0, 7000.0, 7000.0, 7000.0, 1.0037375688552856, 3.119999408721924
73485, 76.37425231933594, 76.7756118774414, 0.03091663308441639, 3.922365665435791, 7.743147850036621, 0.01080094650387764, 7000.0, 7000.0, 7000.0, 7000.0, 1.0057915449142456, 3.129559278488159
73505, 77.21199798583984, 76.44775390625, 0.029191289097070694, 3.982792854309082, 7.717464447021484, -0.0001309287326876074, 0.0, 0.0, 0.0, 0.0, 1.0065349340438843, 3.129671573638916
73525, 77.29167175292969, 76.60218811035156, 0.029187241569161415, 3.9851906299591064, 7.726064205169678, -0.0004258569679223001, 0.0, 0.0, 0.0, 0.0, 1.0048004388809204, 3.1015844345092773
73545, 77.37139892578125, 76.75679779052734, 0.029184138402342796, 3.9876065254211426, 7.7347612380981445, -0.00014102624845691025, 0.0, 0.0, 0.0, 0.0, 1.0049418210983276, 3.0998406410217285
73565, 77.10350036621094, 76.89982604980469, 0.029635492712259293, 3.9605252742767334, 7.744586944580078, 0.0026689223013818264, 0.0, 0.0, 0.0, 0.0, 1.0038717985153198, 3.100367784500122
73585, 77.18273162841797, 77.0548095703125, 0.029692815616726875, 3.962786912918091, 7.754225730895996, 0.002969175111502409, 0.0, 0.0, 0.0, 0.0, 1.0044840574264526, 3.110934019088745
73605, 77.14271545410156, 77.21341705322266, 0.029903223738074303, 3.9550793170928955, 7.763876914978027, 0.0036612607073038816, 0.0, 0.0, 0.0, 0.0, 1.0109657049179077, 3.1120223999023438
73625, 77.22183227539062, 77.3687744140625, 0.029979053884744644, 3.957129955291748, 7.7724385261535645, 0.0037889957893639803, 0.0, 0.0, 0.0, 0.0, 1.0072896480560303, 3.107565402984619
73645, 77.30099487304688, 77.52430725097656, 0.030054761096835136, 3.9592275619506836, 7.781199932098389, 0.0037195151671767235, 0.0, 0.0, 0.0, 0.0, 1.0032315254211426, 3.109187364578247
73665, 77.40191650390625, 77.67664337158203, 0.030102292075753212, 3.9630398750305176, 7.789689540863037, 0.0038876922335475683, 0.0, 0.0, 0.0, 0.0, 1.0022704601287842, 3.1124422550201416
73685, 77.48119354248047, 77.83252716064453, 0.030178993940353394, 3.9651687145233154, 7.79869270324707, 0.003897805232554674, 0.0, 0.0, 0.0, 0.0, 1.0011231899261475, 3.109997034072876
73705, 77.6235580444336, 77.97337341308594, 0.030171463266015053, 3.9724905490875244, 7.806018352508545, 0.003711852477863431, 0.0, 0.0, 0.0, 0.0, 0.9990857839584351, 3.1126320362091064
73725, 77.7030258178711, 78.12957763671875, 0.030246125534176826, 3.9746434688568115, 7.815197944641113, 0.004006784874945879, 0.0, 0.0, 0.0, 0.0, 1.000270962715149, 3.1092331409454346
73745, 77.78253936767578, 78.28597259521484, 0.03032619319856167, 3.9769906997680664, 7.824193954467773, 0.004251046571880579, 0.0, 0.0, 0.0, 0.0, 1.0008704662322998, 3.1080143451690674
73765, 77.61151123046875, 78.52777862548828, 0.030776796862483025, 3.9583094120025635, 7.8417158126831055, 0.006484287325292826, 0.0, 0.0, 0.0, 0.0, 0.9996460676193237, 3.109255790710449
73785, 77.6906967163086, 78.68470001220703, 0.03090352937579155, 3.9605331420898438, 7.850772380828857, 0.006405646447092295, 0.0, 0.0, 0.0, 0.0, 0.9997014403343201, 3.115039587020874
73805, 77.7414321899414, 78.8568115234375, 0.031078964471817017, 3.9601547718048096, 7.861014366149902, 0.006872640457004309, 0.0, 0.0, 0.0, 0.0, 0.9998186230659485, 3.1130075454711914
73825, 77.8206558227539, 79.01412963867188, 0.03121662326157093, 3.962447166442871, 7.870207786560059, 0.007126082666218281, 0.0, 0.0, 0.0, 0.0, 1.0004116296768188, 3.112109899520874
73845, 77.8999252319336, 79.171630859375, 0.03135981038212776, 3.9648983478546143, 7.879419326782227, 0.007435844745486975, 0.0, 0.0, 0.0, 0.0, 0.9988152980804443, 3.109065055847168
73865, 78.93291473388672, 78.65121459960938, 0.029692713171243668, 4.043211936950684, 7.830959320068359, -0.0023012685123831034, 0.0, 0.0, 0.0, 0.0, 0.9993144869804382, 3.1067652702331543
73885, 79.0178451538086, 78.81576538085938, 0.029650691896677017, 4.045507431030273, 7.840593338012695, -0.0013744228053838015, 0.0, 0.0, 0.0, 0.0, 0.9969369173049927, 3.0769007205963135
73905, 78.95149230957031, 79.01749420166016, 0.02979685366153717, 4.03554630279541, 7.854241371154785, -0.00010338990978198126, 0.0, 0.0, 0.0, 0.0, 0.9972308278083801, 3.0750577449798584
73925, 79.0322265625, 79.17467498779297, 0.02979280799627304, 4.03776216506958, 7.863236904144287, -8.227056969190016e-05, 0.0, 0.0, 0.0, 0.0, 0.9972988367080688, 3.0738954544067383
73945, 79.11300659179688, 79.33203887939453, 0.029791705310344696, 4.039981365203857, 7.872427940368652, 0.00022605287085752934, 0.0, 0.0, 0.0, 0.0, 0.9980299472808838, 3.074018716812134
73965, 79.03936767578125, 79.43057250976562, 0.029899049550294876, 4.031335353851318, 7.884332656860352, 0.0006209890707395971, 0.0, 0.0, 0.0, 0.0, 0.997532844543457, 3.0723819732666016
73985, 79.1200180053711, 79.5882568359375, 0.029910266399383545, 4.033563137054443, 7.888869762420654, 0.0009152333368547261, 0.0, 0.0, 0.0, 0.0, 0.998814046382904, 3.0715866088867188
74005, 78.66134643554688, 79.83462524414062, 0.030449217185378075, 3.9903738498687744, 7.910477638244629, 0.004368753172457218, 0.0, 0.0, 0.0, 0.0, 0.9979408383369446, 3.0730841159820557
74025, 78.74117279052734, 79.992919921875, 0.03053727187216282, 3.992701768875122, 7.919546127319336, 0.004667390137910843, 0.0, 0.0, 0.0, 0.0, 0.9991582036018372, 3.0923118591308594
74045, 78.821044921875, 80.15139770507812, 0.030630964785814285, 3.9948790073394775, 7.92881441116333, 0.004935792181640863, 0.0, 0.0, 0.0, 0.0, 0.9995838403701782, 3.090878963470459
74065, 79.92707824707031, 79.89399719238281, 0.029329929500818253, 4.08065938949585, 7.8968329429626465, -0.0028593598399311304, 0.0, 0.0, 0.0, 0.0, 0.9988788366317749, 3.0934231281280518
74085, 80.00871276855469, 80.05203247070312, 0.02927353046834469, 4.083171367645264, 7.906055927276611, -0.002547553274780512, 0.0, 0.0, 0.0, 0.0, 0.9976924061775208, 3.065803050994873
74105, 80.20445251464844, 80.18730926513672, 0.029109042137861252, 4.095240116119385, 7.912310600280762, -0.0026607683394104242, 0.0, 0.0, 0.0, 0.0, 0.9959526062011719, 3.0645012855529785
74125, 80.286376953125, 80.34564971923828, 0.029055144637823105, 4.097396373748779, 7.921187877655029, -0.0025042686611413956, 0.0, 0.0, 0.0, 0.0, 0.9978631734848022, 3.0645525455474854
74145, 80.36833953857422, 80.5041732788086, 0.02900688163936138, 4.099491119384766, 7.9304518699646, -0.002005938906222582, 0.0, 0.0, 0.0, 0.0, 0.9964562654495239, 3.0666964054107666
74165, 80.4432144165039, 80.66370391845703, 0.02897743321955204, 4.101365566253662, 7.939508438110352, -0.0013903004582971334, 0.0, 0.0, 0.0, 0.0, 0.9972022175788879, 3.067380905151367
74185, 80.5252685546875, 80.82257843017578, 0.028951987624168396, 4.103893280029297, 7.948324680328369, -0.0008823240641504526, 0.0, 0.0, 0.0, 0.0, 0.998451292514801, 3.0683748722076416
74205, 80.5777359008789, 80.98509216308594, 0.028964094817638397, 4.103494167327881, 7.9583210945129395, -0.00022986417752690613, 0.0, 0.0, 0.0, 0.0, 1.0006335973739624, 3.0656533241271973
74225, 80.65982818603516, 81.14434814453125, 0.028962193056941032, 4.105745792388916, 7.967592716217041, 0.00031972394208423793, 0.0, 0.0, 0.0, 0.0, 1.0002528429031372, 3.0656495094299316
74245, 80.74195861816406, 81.30378723144531, 0.02896888554096222, 4.107912540435791, 7.976933479309082, 0.0005299033364281058, 0.0, 0.0, 0.0, 0.0, 1.000907063484192, 3.065376043319702
74265, 80.27751922607422, 81.55039978027344, 0.029507001861929893, 4.063992500305176, 7.998727798461914, 0.0037542833015322685, 0.0, 0.0, 0.0, 0.0, 1.0009372234344482, 3.065894365310669
74285, 80.36288452148438, 81.71847534179688, 0.029587795957922935, 4.066156387329102, 8.008254051208496, 0.00410943478345871, 0.0, 0.0, 0.0, 0.0, 1.0010806322097778, 3.0800182819366455
74305, 81.03804779052734, 81.64962768554688, 0.028897184878587723, 4.117603778839111, 7.994529724121094, -0.000274297985015437, 0.0, 0.0, 0.0, 0.0, 1.0012969970703125, 3.08048415184021
74325, 81.12042236328125, 81.80961608886719, 0.02889343351125717, 4.119920253753662, 8.003578186035156, 0.00021132394613232464, 0.0, 0.0, 0.0, 0.0, 1.0003440380096436, 3.0677011013031006
74345, 81.20284271240234, 81.96977233886719, 0.02890196442604065, 4.12211275100708, 8.01262092590332, 0.0009099836461246014, 0.0, 0.0, 0.0, 0.0, 1.0007084608078003, 3.069685459136963
74365, 81.24835968017578, 82.14263916015625, 0.028964342549443245, 4.121277809143066, 8.023314476013184, 0.0010240236297249794, 0.0, 0.0, 0.0, 0.0, 1.000288724899292, 3.070744514465332
74385, 81.330810546875, 82.3031997680664, 0.0289812833070755, 4.1237335205078125, 8.032608032226562, 0.0010259216651320457, 0.0, 0.0, 0.0, 0.0, 1.000097393989563, 3.07403302192688
74405, 81.03889465332031, 82.59208679199219, 0.029484756290912628, 4.094992160797119, 8.055007934570312, 0.004094589501619339, 0.0, 0.0, 0.0, 0.0, 1.0004210472106934, 3.0736052989959717
74425, 81.12081146240234, 82.75328063964844, 0.029565809294581413, 4.097025394439697, 8.064020156860352, 0.004328372422605753, 0.0, 0.0, 0.0, 0.0, 1.0006074905395508, 3.0819625854492188
74445