timeTick, stateX, stateY, stateZ, stateVX, stateVY, stateVZ, motor1, motor2, motor3, motor4, yaw, pitch
23731, -1.3954135179519653, -0.6474644541740417, 0.031707704067230225, -0.6097230911254883, 1.5338343381881714, -0.05222230777144432, 0, 0, 0, 0, 0, 0
23753, -1.3996384143829346, -0.6351438164710999, 0.03113575465977192, -0.3188178837299347, 0.8686122298240662, -0.03302495554089546, 7000.0, 7000.0, 7000.0, 7000.0, 6.840793609619141, -0.6230124235153198
23770, -1.3964406251907349, -0.6437835693359375, 0.02840060368180275, -0.17940175533294678, 0.48580703139305115, -0.039326418191194534, 7000.0, 7000.0, 7000.0, 7000.0, 6.525136947631836, -0.7728809118270874
23790, -1.3950248956680298, -0.648220956325531, 0.028800901025533676, -0.0908961072564125, 0.23000848293304443, -0.025634996592998505, 7000.0, 7000.0, 7000.0, 7000.0, 6.479137420654297, -0.7070842981338501
23810, -1.3941811323165894, -0.6503129601478577, 0.02571907825767994, -0.054214511066675186, 0.13905537128448486, -0.04149838909506798, 7000.0, 7000.0, 7000.0, 7000.0, 6.400723934173584, -0.7191532254219055
23830, -1.3938546180725098, -0.6512967944145203, 0.022301524877548218, -0.03858637437224388, 0.09876170754432678, -0.05790121480822563, 7000.0, 7000.0, 7000.0, 7000.0, 6.369118690490723, -0.7012871503829956
23851, -1.3935632705688477, -0.6523025035858154, 0.023577289655804634, -0.029181621968746185, 0.07308366149663925, -0.04281289875507355, 7000.0, 7000.0, 7000.0, 7000.0, 6.357553958892822, -0.7285465002059937
23873, -1.3934036493301392, -0.6526683568954468, 0.020723717287182808, -0.025056565180420876, 0.06201372295618057, -0.056504685431718826, 7000.0, 7000.0, 7000.0, 7000.0, 6.310751914978027, -0.7553472518920898
23891, -1.39299476146698, -0.6536703109741211, 0.0226034726947546, -0.020052095875144005, 0.05046330764889717, -0.037995461374521255, 7000.0, 7000.0, 7000.0, 7000.0, 6.308999538421631, -0.7079533338546753
23910, -1.3928208351135254, -0.653963565826416, 0.020762071013450623, -0.01876673847436905, 0.047570083290338516, -0.04910162836313248, 7000.0, 7000.0, 7000.0, 7000.0, 6.326004505157471, -0.6357543468475342
23931, -1.392836332321167, -0.6539837718009949, 0.022668935358524323, -0.01802804134786129, 0.047314200550317764, -0.025142289698123932, 7000.0, 7000.0, 7000.0, 7000.0, 6.3170952796936035, -0.6087958216667175
23950, -1.3928720951080322, -0.6539524793624878, 0.02002725750207901, -0.018633078783750534, 0.047600336372852325, -0.04028207063674927, 7000.0, 7000.0, 7000.0, 7000.0, 6.289313793182373, -0.6409734487533569
23970, -1.3929485082626343, -0.6538203358650208, 0.023323625326156616, -0.018904538825154305, 0.049028199166059494, -0.010859288275241852, 7000.0, 7000.0, 7000.0, 7000.0, 6.2876973152160645, -0.6451895833015442
23990, -1.3929823637008667, -0.6537628173828125, 0.02060362696647644, -0.01936360076069832, 0.04998578503727913, -0.028722863644361496, 7000.0, 7000.0, 7000.0, 7000.0, 6.308990001678467, -0.6485952138900757
24010, -1.3930615186691284, -0.6535153388977051, 0.02377154491841793, -0.01942373998463154, 0.05314723402261734, -0.0024932234082370996, 7000.0, 7000.0, 7000.0, 7000.0, 6.308496952056885, -0.6302926540374756
24030, -1.3931915760040283, -0.6532758474349976, 0.02142244763672352, -0.02096029557287693, 0.05388939380645752, -0.01896124891936779, 7000.0, 7000.0, 7000.0, 7000.0, 6.275216579437256, -0.7319647669792175
24050, -1.3932828903198242, -0.6528931856155396, 0.0248030386865139, -0.021582234650850296, 0.05714469403028488, 0.007419954054057598, 7000.0, 7000.0, 7000.0, 7000.0, 6.305190086364746, -0.6077226996421814
24071, -1.3931914567947388, -0.6531324982643127, 0.022611470893025398, -0.02030610665678978, 0.0557103231549263, -0.009362938813865185, 7000.0, 7000.0, 7000.0, 7000.0, 6.306321144104004, -0.6281177401542664
24090, -1.3932392597198486, -0.6530070900917053, 0.019888222217559814, -0.020762888714671135, 0.05612923204898834, -0.027641436085104942, 7000.0, 7000.0, 7000.0, 7000.0, 6.315053462982178, -0.6281456351280212
24111, -1.3935309648513794, -0.6520423889160156, 0.023559318855404854, -0.02232319302856922, 0.06366216391324997, 0.0005615662666969001, 7000.0, 7000.0, 7000.0, 7000.0, 6.301292896270752, -0.7552137970924377
24130, -1.3934110403060913, -0.6523382663726807, 0.021242178976535797, -0.021047407761216164, 0.06226886808872223, -0.015886202454566956, 7000.0, 7000.0, 7000.0, 7000.0, 6.321599006652832, -0.6836331486701965
24150, -1.3935143947601318, -0.6520044207572937, 0.023904459550976753, -0.021450100466609, 0.0643029510974884, 0.004078567959368229, 7000.0, 7000.0, 7000.0, 7000.0, 6.323058605194092, -0.7194488644599915
24170, -1.3935941457748413, -0.6517001390457153, 0.02166110649704933, -0.021865054965019226, 0.06663880497217178, -0.013254852034151554, 7000.0, 7000.0, 7000.0, 7000.0, 6.298868179321289, -0.7111287117004395
24191, -1.3938307762145996, -0.6507596373558044, 0.025061041116714478, -0.02306445501744747, 0.07149060070514679, 0.009355640970170498, 7000.0, 7000.0, 7000.0, 7000.0, 6.299574375152588, -0.6511582732200623
24212, -1.3937404155731201, -0.6510118842124939, 0.02303648181259632, -0.022594399750232697, 0.07082142680883408, -0.004776989575475454, 7000.0, 7000.0, 7000.0, 7000.0, 6.304034233093262, -0.6595208048820496
24230, -1.393998622894287, -0.6501263976097107, 0.024865569546818733, -0.023456823080778122, 0.07448527961969376, 0.008257600478827953, 7000.0, 7000.0, 7000.0, 7000.0, 6.333744525909424, -0.6342946887016296
24251, -1.393789529800415, -0.6507105827331543, 0.02238505147397518, -0.023107582703232765, 0.07208817452192307, -0.00909575168043375, 7000.0, 7000.0, 7000.0, 7000.0, 6.322331428527832, -0.6478366851806641
24270, -1.3939409255981445, -0.6500421166419983, 0.02639325149357319, -0.022756999358534813, 0.07601232081651688, 0.021658096462488174, 7000.0, 7000.0, 7000.0, 7000.0, 6.29564094543457, -0.6592660546302795
24290, -1.3939815759658813, -0.649865448474884, 0.024078981950879097, -0.023259013891220093, 0.07588944584131241, 0.0021288376301527023, 7000.0, 7000.0, 7000.0, 7000.0, 6.277578353881836, -0.676568865776062
24312, -1.3939706087112427, -0.6497291326522827, 0.026182690635323524, -0.02277182973921299, 0.07753223180770874, 0.01780145801603794, 7000.0, 7000.0, 7000.0, 7000.0, 6.292776584625244, -0.6288477778434753
24331, -1.394087791442871, -0.6492927670478821, 0.024463653564453125, -0.023878680542111397, 0.0790766179561615, 0.0033840062096714973, 7000.0, 7000.0, 7000.0, 7000.0, 6.259124755859375, -0.7618659138679504
24350, -1.394197940826416, -0.6488800644874573, 0.022344933822751045, -0.023219725117087364, 0.0802011713385582, -0.011917073279619217, 7000.0, 7000.0, 7000.0, 7000.0, 6.306595325469971, -0.6668223142623901
24370, -1.3941683769226074, -0.6487627029418945, 0.025568541139364243, -0.022088561207056046, 0.08053696155548096, 0.011476969346404076, 7000.0, 7000.0, 7000.0, 7000.0, 6.288637161254883, -0.7943630814552307
24390, -1.3941552639007568, -0.6487820744514465, 0.022942084819078445, -0.022104332223534584, 0.07941248267889023, -0.008269071578979492, 7000.0, 7000.0, 7000.0, 7000.0, 6.298947811126709, -0.7263870239257812
24410, -1.3941951990127563, -0.6483908891677856, 0.02560160681605339, -0.02259385585784912, 0.0804726853966713, 0.01049940288066864, 7000.0, 7000.0, 7000.0, 7000.0, 6.329555034637451, -0.6913726329803467
24430, -1.3942636251449585, -0.6481674313545227, 0.023301493376493454, -0.023336149752140045, 0.08077619969844818, -0.006988913752138615, 7000.0, 7000.0, 7000.0, 7000.0, 6.331799507141113, -0.6229627728462219
24451, -1.3944120407104492, -0.6476185917854309, 0.026268353685736656, -0.02391662821173668, 0.08270300924777985, 0.014584634453058243, 7000.0, 7000.0, 7000.0, 7000.0, 6.304150581359863, -0.6357374787330627
24473, -1.3944898843765259, -0.6474451422691345, 0.023660216480493546, -0.02498735673725605, 0.08255469053983688, -0.005488099064677954, 7000.0, 7000.0, 7000.0, 7000.0, 6.327736854553223, -0.6183431148529053
24490, -1.3945204019546509, -0.6474267840385437, 0.025814399123191833, -0.02565031312406063, 0.08155962079763412, 0.010961263440549374, 7000.0, 7000.0, 7000.0, 7000.0, 6.326495170593262, -0.5857912302017212
24511, -1.3945578336715698, -0.6474545001983643, 0.023056546226143837, -0.024817388504743576, 0.08111307770013809, -0.01073020976036787, 7000.0, 7000.0, 7000.0, 7000.0, 6.346234321594238, -0.5055018663406372
24530, -1.3944096565246582, -0.6479042172431946, 0.02588328719139099, -0.02514282613992691, 0.07909878343343735, 0.013700119219720364, 7000.0, 7000.0, 7000.0, 7000.0, 6.287757873535156, -0.641291618347168
24553, -1.3944085836410522, -0.648075520992279, 0.023298874497413635, -0.024749379605054855, 0.07706829905509949, -0.008810687810182571, 7000.0, 7000.0, 7000.0, 7000.0, 6.318881511688232, -0.5866152048110962
24570, -1.3946022987365723, -0.6475591659545898, 0.021286962553858757, -0.025625543668866158, 0.07887633144855499, -0.02253756672143936, 7000.0, 7000.0, 7000.0, 7000.0, 6.296398639678955, -0.6261114478111267
24590, -1.3944610357284546, -0.6479308009147644, 0.023597467690706253, -0.025104645639657974, 0.07693763822317123, -0.005476371850818396, 7000.0, 7000.0, 7000.0, 7000.0, 6.314334869384766, -0.5581237077713013
24610, -1.3945081233978271, -0.6479442119598389, 0.02089553140103817, -0.02478022128343582, 0.07569556683301926, -0.025263279676437378, 7000.0, 7000.0, 7000.0, 7000.0, 6.303373336791992, -0.5946880578994751
24631, -1.394510269165039, -0.6478614807128906, 0.02387320250272751, -0.024442337453365326, 0.07651714235544205, -0.0022436294239014387, 7000.0, 7000.0, 7000.0, 7000.0, 6.288444995880127, -0.6153936386108398
24650, -1.3945918083190918, -0.6477097272872925, 0.021566657349467278, -0.025003798305988312, 0.07668834924697876, -0.018639858812093735, 7000.0, 7000.0, 7000.0, 7000.0, 6.305757999420166, -0.591032862663269
24673, -1.3945955038070679, -0.6478490829467773, 0.024055641144514084, -0.025552742183208466, 0.07396799325942993, 0.002588848350569606, 7000.0, 7000.0, 7000.0, 7000.0, 6.34328031539917, -0.5595489144325256
24690, -1.3945783376693726, -0.6480281949043274, 0.021549202501773834, -0.024694936349987984, 0.07200470566749573, -0.015382356010377407, 7000.0, 7000.0, 7000.0, 7000.0, 6.363522052764893, -0.5790312886238098
24710, -1.3945232629776, -0.6481673717498779, 0.02368573099374771, -0.0235530287027359, 0.07098523527383804, 0.0029218129348009825, 7000.0, 7000.0, 7000.0, 7000.0, 6.332769393920898, -0.6534963250160217
24731, -1.3944448232650757, -0.6485002040863037, 0.02100604958832264, -0.022686148062348366, 0.06943769007921219, -0.016679218038916588, 7000.0, 7000.0, 7000.0, 7000.0, 6.307811260223389, -0.696834921836853
24753, -1.3942391872406006, -0.6491239070892334, 0.024880627170205116, -0.021922918036580086, 0.06587567925453186, 0.01526595838367939, 7000.0, 7000.0, 7000.0, 7000.0, 6.308019161224365, -0.6747727990150452
24770, -1.3944004774093628, -0.6486950516700745, 0.023404985666275024, -0.021904001012444496, 0.06847269088029861, 0.0013578648213297129, 7000.0, 7000.0, 7000.0, 7000.0, 6.290018558502197, -0.7125162482261658
24790, -1.3943575620651245, -0.6487669944763184, 0.02653474546968937, -0.021168800070881844, 0.06970939040184021, 0.02672526426613331, 7000.0, 7000.0, 7000.0, 7000.0, 6.264832496643066, -0.7323350310325623
24810, -1.394287109375, -0.648946225643158, 0.02410498633980751, -0.020417703315615654, 0.06973551213741302, 0.005306864622980356, 7000.0, 7000.0, 7000.0, 7000.0, 6.241864204406738, -0.7617570161819458
24831, -1.39424467086792, -0.648923933506012, 0.021551426500082016, -0.01997195929288864, 0.07033681869506836, -0.013652150519192219, 7000.0, 7000.0, 7000.0, 7000.0, 6.257737636566162, -0.8174545764923096
24851, -1.3942053318023682, -0.6488925218582153, 0.023935584351420403, -0.019157785922288895, 0.07021798193454742, 0.003680954221636057, 7000.0, 7000.0, 7000.0, 7000.0, 6.271268367767334, -0.8232071995735168
24871, -1.3941950798034668, -0.6488484740257263, 0.021386204287409782, -0.017908340319991112, 0.07002022117376328, -0.01472705788910389, 7000.0, 7000.0, 7000.0, 7000.0, 6.286112308502197, -0.8310644626617432
24890, -1.3940106630325317, -0.6493442058563232, 0.024703649803996086, -0.017429059371352196, 0.06754349172115326, 0.009482099674642086, 7000.0, 7000.0, 7000.0, 7000.0, 6.294181823730469, -0.8367834091186523
24912, -1.3939497470855713, -0.6494648456573486, 0.02203339710831642, -0.017959529533982277, 0.0676516443490982, -0.011329874396324158, 7000.0, 7000.0, 7000.0, 7000.0, 6.319517135620117, -0.7518214583396912
24931, -1.393889307975769, -0.6495124101638794, 0.024435942992568016, -0.016967730596661568, 0.06810031086206436, 0.006618598476052284, 7000.0, 7000.0, 7000.0, 7000.0, 6.295645236968994, -0.7836249470710754
24951, -1.393931269645691, -0.6493775248527527, 0.022385913878679276, -0.01782151125371456, 0.06762699782848358, -0.009724536910653114, 7000.0, 7000.0, 7000.0, 7000.0, 6.307138919830322, -0.7720333933830261
24970, -1.3938628435134888, -0.6494976282119751, 0.02474125102162361, -0.017853470519185066, 0.06766068935394287, 0.007897238247096539, 7000.0, 7000.0, 7000.0, 7000.0, 6.315628528594971, -0.7060691118240356
24990, -1.3938908576965332, -0.6493347883224487, 0.022728189826011658, -0.018675122410058975, 0.06787969917058945, -0.008080360479652882, 7000.0, 7000.0, 7000.0, 7000.0, 6.3140549659729, -0.6950201988220215
25010, -1.3938326835632324, -0.6494613885879517, 0.02466757223010063, -0.01909196749329567, 0.0677863210439682, 0.008266600780189037, 7000.0, 7000.0, 7000.0, 7000.0, 6.302191734313965, -0.6749436855316162
25030, -1.3938523530960083, -0.649379312992096, 0.02242216095328331, -0.019015297293663025, 0.06751620024442673, -0.009098317474126816, 7000.0, 7000.0, 7000.0, 7000.0, 6.32274055480957, -0.6798248291015625
25051, -1.3938864469528198, -0.6493228673934937, 0.0244268998503685, -0.018882425501942635, 0.06704233586788177, 0.00913325883448124, 7000.0, 7000.0, 7000.0, 7000.0, 6.300725936889648, -0.7557165026664734
25071, -1.393894910812378, -0.6493377089500427, 0.02230091765522957, -0.01857670582830906, 0.06718908995389938, -0.007489831652492285, 7000.0, 7000.0, 7000.0, 7000.0, 6.340160369873047, -0.725304126739502
25090, -1.3939377069473267, -0.6491864919662476, 0.019799845293164253, -0.018426477909088135, 0.06776915490627289, -0.023951111361384392, 7000.0, 7000.0, 7000.0, 7000.0, 6.293944835662842, -0.7880489826202393
25110, -1.3939297199249268, -0.6489788889884949, 0.024108165875077248, -0.01731073670089245, 0.06988770514726639, 0.006308544427156448, 7000.0, 7000.0, 7000.0, 7000.0, 6.290509223937988, -0.8263735771179199
25131, -1.393956184387207, -0.6488957405090332, 0.021624522283673286, -0.017690209671854973, 0.06980770826339722, -0.01244292687624693, 7000.0, 7000.0, 7000.0, 7000.0, 6.306767463684082, -0.869692325592041
25150, -1.3939136266708374, -0.6489431262016296, 0.0245777927339077, -0.01767394132912159, 0.0693170577287674, 0.007159354630857706, 7000.0, 7000.0, 7000.0, 7000.0, 6.327397346496582, -0.8490484952926636
25170, -1.3937872648239136, -0.6494606137275696, 0.022150900214910507, -0.017941664904356003, 0.06773991882801056, -0.011567707173526287, 7000.0, 7000.0, 7000.0, 7000.0, 6.3441996574401855, -0.7537725567817688
25190, -1.3937665224075317, -0.6493576765060425, 0.0251723974943161, -0.01841544546186924, 0.06887862086296082, 0.010471568442881107, 7000.0, 7000.0, 7000.0, 7000.0, 6.327451705932617, -0.721085786819458
25212, -1.3937429189682007, -0.6495537757873535, 0.022477906197309494, -0.018079854547977448, 0.06724853068590164, -0.010312709026038647, 7000.0, 7000.0, 7000.0, 7000.0, 6.316170692443848, -0.7031023502349854
25230, -1.3937331438064575, -0.6495054364204407, 0.026066266000270844, -0.017623193562030792, 0.06664600223302841, 0.01574084348976612, 7000.0, 7000.0, 7000.0, 7000.0, 6.314367771148682, -0.7194749712944031
25251, -1.3937216997146606, -0.6494973301887512, 0.02373332530260086, -0.017786404117941856, 0.06689247488975525, -0.003650397527962923, 7000.0, 7000.0, 7000.0, 7000.0, 6.310637474060059, -0.7897343039512634
25271, -1.3937187194824219, -0.6493927836418152, 0.026948461309075356, -0.01756461337208748, 0.06811213493347168, 0.021070042625069618, 7000.0, 7000.0, 7000.0, 7000.0, 6.292132377624512, -0.7519803047180176
25292, -1.3937461376190186, -0.6494079232215881, 0.024677984416484833, -0.01769561506807804, 0.06752397865056992, 0.001958907814696431, 7000.0, 7000.0, 7000.0, 7000.0, 6.281538963317871, -0.7174778580665588
25310, -1.3937547206878662, -0.6493852734565735, 0.026621688157320023, -0.016645701602101326, 0.06761512160301208, 0.016815675422549248, 7000.0, 7000.0, 7000.0, 7000.0, 6.292148590087891, -0.7570438981056213
25330, -1.393697738647461, -0.6495386362075806, 0.02410622127354145, -0.016581621021032333, 0.0671272799372673, -0.0035365386866033077, 7000.0, 7000.0, 7000.0, 7000.0, 6.294675350189209, -0.8978479504585266
25350, -1.393700122833252, -0.6494298577308655, 0.02666812762618065, -0.016478678211569786, 0.06875039637088776, 0.01603643037378788, 7000.0, 7000.0, 7000.0, 7000.0, 6.289947509765625, -0.8560832738876343
25371, -1.3938390016555786, -0.6488882899284363, 0.024090126156806946, -0.01795639842748642, 0.07239215075969696, -0.004567059688270092, 7000.0, 7000.0, 7000.0, 7000.0, 6.285052299499512, -0.8789300918579102
25390, -1.3937950134277344, -0.6491590738296509, 0.02222334034740925, -0.017809538170695305, 0.07061433792114258, -0.017769301310181618, 7000.0, 7000.0, 7000.0, 7000.0, 6.289238929748535, -0.801429808139801
25410, -1.3937267065048218, -0.6493151783943176, 0.024577759206295013, -0.017179787158966064, 0.07062248885631561, 0.001170136034488678, 7000.0, 7000.0, 7000.0, 7000.0, 6.291121959686279, -0.81143718957901
25430, -1.393794059753418, -0.6490862965583801, 0.022463157773017883, -0.01736356131732464, 0.07149241864681244, -0.01384329330176115, 7000.0, 7000.0, 7000.0, 7000.0, 6.291568279266357, -0.8217765092849731
25451, -1.39389967918396, -0.648575484752655, 0.023827679455280304, -0.018478998914361, 0.07421249151229858, -0.0020459352526813745, 7000.0, 7000.0, 7000.0, 7000.0, 6.28994607925415, -0.8093190789222717
25471, -1.3937815427780151, -0.649039626121521, 0.02184070087969303, -0.017907435074448586, 0.07174866646528244, -0.017082400619983673, 7000.0, 7000.0, 7000.0, 7000.0, 6.317726135253906, -0.7379267811775208
25490, -1.393784761428833, -0.648908793926239, 0.02497873641550541, -0.016970615833997726, 0.07258050888776779, 0.005815381649881601, 7000.0, 7000.0, 7000.0, 7000.0, 6.316462993621826, -0.7705898284912109
25510, -1.3937911987304688, -0.6488633155822754, 0.02268075756728649, -0.017362330108880997, 0.07290887832641602, -0.011910326778888702, 7000.0, 7000.0, 7000.0, 7000.0, 6.310271739959717, -0.7827788591384888
25530, -1.393757939338684, -0.6489620208740234, 0.025007884949445724, -0.016365688294172287, 0.07140912115573883, 0.00678759953007102, 7000.0, 7000.0, 7000.0, 7000.0, 6.2860846519470215, -0.8523209095001221
25550, -1.3937506675720215, -0.6489288210868835, 0.022784937173128128, -0.015421561896800995, 0.07175692170858383, -0.009721463546156883, 7000.0, 7000.0, 7000.0, 7000.0, 6.285846710205078, -0.9091242551803589
25570, -1.3937827348709106, -0.6486621499061584, 0.025891680270433426, -0.016001766547560692, 0.07292316854000092, 0.014501831494271755, 7000.0, 7000.0, 7000.0, 7000.0, 6.28306770324707, -0.8573802709579468
25590, -1.3938171863555908, -0.6484280228614807, 0.02410396933555603, -0.015585328452289104, 0.07401926070451736, 0.000673323345836252, 7000.0, 7000.0, 7000.0, 7000.0, 6.269982814788818, -0.833146333694458
25611, -1.3937156200408936, -0.6487294435501099, 0.02575584687292576, -0.015759918838739395, 0.07263975590467453, 0.013228535652160645, 7000.0, 7000.0, 7000.0, 7000.0, 6.270792007446289, -0.8945645093917847
25630, -1.3938068151474, -0.648263692855835, 0.024325044825673103, -0.015996120870113373, 0.07515474408864975, 0.001537760836072266, 7000.0, 7000.0, 7000.0, 7000.0, 6.272150993347168, -0.7997170090675354
25650, -1.3937559127807617, -0.6485370397567749, 0.021309293806552887, -0.01607457734644413, 0.07386288046836853, -0.01796216331422329, 7000.0, 7000.0, 7000.0, 7000.0, 6.279806613922119, -0.8131806254386902
25673, -1.3937493562698364, -0.6483692526817322, 0.024436919018626213, -0.016044996678829193, 0.07530465722084045, 0.0021036614198237658, 7000.0, 7000.0, 7000.0, 7000.0, 6.298280715942383, -0.8291952013969421
25690, -1.3937956094741821, -0.6480844616889954, 0.02238062024116516, -0.01603797636926174, 0.07665000110864639, -0.01166759617626667, 7000.0, 7000.0, 7000.0, 7000.0, 6.288330078125, -0.8221414685249329
25711, -1.3936903476715088, -0.6483287811279297, 0.02468395046889782, -0.015328201465308666, 0.07642033696174622, 0.004487545229494572, 7000.0, 7000.0, 7000.0, 7000.0, 6.282773971557617, -0.8438045382499695
25730, -1.3937112092971802, -0.6482459306716919, 0.02244642935693264, -0.015823863446712494, 0.07667545229196548, -0.011072990484535694, 7000.0, 7000.0, 7000.0, 7000.0, 6.288183212280273, -0.8602579236030579
25751, -1.3937201499938965, -0.6480168104171753, 0.02439756505191326, -0.015523036941885948, 0.07778472453355789, 0.0031082872301340103, 7000.0, 7000.0, 7000.0, 7000.0, 6.289394855499268, -0.7945045828819275
25773, -1.3936870098114014, -0.6481683850288391, 0.021841099485754967, -0.015315174125134945, 0.07675258070230484, -0.014596818014979362, 7000.0, 7000.0, 7000.0, 7000.0, 6.265162467956543, -0.8613277077674866
25790, -1.3937397003173828, -0.647698700428009, 0.024737758561968803, -0.015501501969993114, 0.07899940013885498, 0.0068268305622041225, 7000.0, 7000.0, 7000.0, 7000.0, 6.275002479553223, -0.8755651712417603
25810, -1.3937197923660278, -0.6478774547576904, 0.0221888218075037, -0.014775070361793041, 0.07738495618104935, -0.010513589717447758, 7000.0, 7000.0, 7000.0, 7000.0, 6.278085231781006, -0.9315819144248962
25830, -1.3937292098999023, -0.6477469205856323, 0.024263709783554077, -0.015021132305264473, 0.07779305428266525, 0.0046569486148655415, 7000.0, 7000.0, 7000.0, 7000.0, 6.2655415534973145, -0.9910333156585693
25850, -1.393705129623413, -0.6477193832397461, 0.02206231653690338, -0.014121349900960922, 0.07740809768438339, -0.011115025728940964, 7000.0, 7000.0, 7000.0, 7000.0, 6.270375728607178, -0.9756511449813843
25870, -1.3937251567840576, -0.6475030183792114, 0.0195123590528965, -0.013243485242128372, 0.07859593629837036, -0.02693037874996662, 7000.0, 7000.0, 7000.0, 7000.0, 6.246532440185547, -0.9934160709381104
25890, -1.3918652534484863, -0.6567015647888184, 0.007757504004985094, -0.0008984674932435155, -0.0007491355645470321, 0.0006154313450679183, 7000.0, 7000.0, 7000.0, 7000.0, 0.0, 0.0
25912, -1.3918685913085938, -0.6566840410232544, 0.007802830543369055, -0.005336059257388115, -0.0006030250806361437, -2.183023934776429e-05, 7000.0, 7000.0, 7000.0, 7000.0, 1.158936619758606, -0.1348031759262085
25931, -1.3918871879577637, -0.6566655039787292, 0.023175662383437157, -0.006737130228430033, 0.001419380190782249, 0.007433108985424042, 7000.0, 7000.0, 7000.0, 7000.0, 1.8800500631332397, -0.20226070284843445
25951, -1.3920104503631592, -0.6565900444984436, 0.020704958587884903, -0.009046853519976139, 0.004172076936811209, 0.0021553111728280783, 7000.0, 7000.0, 7000.0, 7000.0, 2.4218239784240723, -0.2523273527622223
25973, -1.3921648263931274, -0.6564688682556152, 0.024144085124135017, -0.011698704212903976, 0.007971334271132946, 0.012579577043652534, 7000.0, 7000.0, 7000.0, 7000.0, 2.8864331245422363, -0.3198196589946747
25990, -1.3923871517181396, -0.6562488079071045, 0.0228610597550869, -0.013637439347803593, 0.011126438155770302, 0.0042947204783558846, 7000.0, 7000.0, 7000.0, 7000.0, 3.2198941707611084, -0.332859069108963
26010, -1.392513632774353, -0.6560221910476685, 0.025152474641799927, -0.0143516780808568, 0.016171671450138092, 0.019685016945004463, 7000.0, 7000.0, 7000.0, 7000.0, 3.4996073246002197, -0.38159143924713135
26030, -1.3926959037780762, -0.6556722521781921, 0.023153703659772873, -0.015646135434508324, 0.020605729892849922, 0.0014202762395143509, 7000.0, 7000.0, 7000.0, 7000.0, 3.721932888031006, -0.4362369477748871
26050, -1.3928337097167969, -0.6553158164024353, 0.02636348456144333, -0.016301600262522697, 0.02473875880241394, 0.02739253081381321, 7000.0, 7000.0, 7000.0, 7000.0, 3.9159598350524902, -0.4786250591278076
26070, -1.3928227424621582, -0.6552225351333618, 0.02439573034644127, -0.01640297658741474, 0.02707561105489731, 0.007559957914054394, 7000.0, 7000.0, 7000.0, 7000.0, 4.090311050415039, -0.5124701857566833
26090, -1.3930543661117554, -0.6546534895896912, 0.026538971811532974, -0.01752045378088951, 0.0306097362190485, 0.0236516110599041, 7000.0, 7000.0, 7000.0, 7000.0, 4.256596088409424, -0.5423451066017151
26110, -1.3931503295898438, -0.6543740034103394, 0.024018431082367897, -0.01764274574816227, 0.03299270570278168, 0.0004094473260920495, 7000.0, 7000.0, 7000.0, 7000.0, 4.381652355194092, -0.5635985136032104
26131, -1.3930734395980835, -0.6544080376625061, 0.026049891486763954, -0.01689903996884823, 0.033955276012420654, 0.016915928572416306, 7000.0, 7000.0, 7000.0, 7000.0, 4.4930033683776855, -0.586520254611969
26151, -1.3932735919952393, -0.6539411544799805, 0.023262005299329758, -0.016528379172086716, 0.035321466624736786, -0.006723290309309959, 7000.0, 7000.0, 7000.0, 7000.0, 4.587639808654785, -0.6212356090545654
26171, -1.3932620286941528, -0.6539830565452576, 0.020892150700092316, -0.016279514878988266, 0.0353102944791317, -0.024224068969488144, 7000.0, 7000.0, 7000.0, 7000.0, 4.67584228515625, -0.6470239162445068
26190, -1.3932546377182007, -0.6537975072860718, 0.02421458624303341, -0.015530066564679146, 0.03647962212562561, -0.0002836855419445783, 7000.0, 7000.0, 7000.0, 7000.0, 4.761869430541992, -0.6583188772201538
26210, -1.3932640552520752, -0.653635561466217, 0.021531088277697563, -0.015260115265846252, 0.03685511276125908, -0.01882031187415123, 7000.0, 7000.0, 7000.0, 7000.0, 4.83793306350708, -0.6823368668556213
26230, -1.3932057619094849, -0.6535999774932861, 0.02439834550023079, -0.014520197175443172, 0.03650587424635887, 0.0042199925519526005, 7000.0, 7000.0, 7000.0, 7000.0, 4.909025192260742, -0.6882051825523376
26251, -1.3932058811187744, -0.6534712314605713, 0.02190805785357952, -0.013675999827682972, 0.0359618104994297, -0.013499298132956028, 7000.0, 7000.0, 7000.0, 7000.0, 4.9781622886657715, -0.7267702221870422
26270, -1.3931593894958496, -0.6533908247947693, 0.025225086137652397, -0.013132589869201183, 0.036466509103775024, 0.011342902667820454, 7000.0, 7000.0, 7000.0, 7000.0, 5.019766807556152, -0.727349579334259
26290, -1.3931576013565063, -0.653262734413147, 0.022503845393657684, -0.012607121840119362, 0.03683106601238251, -0.008450379595160484, 7000.0, 7000.0, 7000.0, 7000.0, 5.075266361236572, -0.7474226951599121
26310, -1.3930374383926392, -0.6535289287567139, 0.025580180808901787, -0.012729676440358162, 0.0356268435716629, 0.012621958740055561, 7000.0, 7000.0, 7000.0, 7000.0, 5.114684104919434, -0.7558634281158447
26330, -1.3930432796478271, -0.6535115242004395, 0.023203959688544273, -0.013133824802935123, 0.03531578555703163, -0.007536343764513731, 7000.0, 7000.0, 7000.0, 7000.0, 5.159871578216553, -0.7772932052612305
26351, -1.3930916786193848, -0.6534454822540283, 0.02551712654531002, -0.012761847116053104, 0.03555569797754288, 0.011923616752028465, 7000.0, 7000.0, 7000.0, 7000.0, 5.186830520629883, -0.7765231728553772
26370, -1.393095850944519, -0.6534326076507568, 0.023247022181749344, -0.012342757545411587, 0.03541356325149536, -0.005891524255275726, 7000.0, 7000.0, 7000.0, 7000.0, 5.218115329742432, -0.7831193804740906
26390, -1.393085241317749, -0.6534028053283691, 0.020665572956204414, -0.011522330343723297, 0.035431161522865295, 0.013490462675690651, 7000.0, 7000.0, 7000.0, 7000.0, 5.253544807434082, -0.7953079342842102
26410, -1.3930721282958984, -0.6532890200614929, 0.023670939728617668, -0.011498901061713696, 0.03611435741186142, -0.001704658381640911, 7000.0, 7000.0, 7000.0, 7000.0, 5.274331092834473, -0.7990443110466003
26431, -1.3930667638778687, -0.6532493233680725, 0.02116224355995655, -0.011387304402887821, 0.03561005741357803, -0.018851663917303085, 7000.0, 7000.0, 7000.0, 7000.0, 5.308605670928955, -0.7909228801727295
26451, -1.393011212348938, -0.6532948017120361, 0.02375035546720028, -0.011035068891942501, 0.035464126616716385, -0.0011875462951138616, 7000.0, 7000.0, 7000.0, 7000.0, 5.324058532714844, -0.7900934219360352
26471, -1.3929871320724487, -0.6532559990882874, 0.021270260214805603, -0.01098643522709608, 0.03530226647853851, -0.018625766038894653, 7000.0, 7000.0, 7000.0, 7000.0, 5.31998872756958, -0.7887714505195618
26490, -1.3929728269577026, -0.6531858444213867, 0.024076232686638832, -0.011129622347652912, 0.03551468253135681, 0.002368650399148464, 7000.0, 7000.0, 7000.0, 7000.0, 5.325552463531494, -0.7897228598594666
26510, -1.3929883241653442, -0.6531651616096497, 0.02172856219112873, -0.011356025002896786, 0.035563595592975616, -0.013835900463163853, 7000.0, 7000.0, 7000.0, 7000.0, 5.3274736404418945, -0.7841671705245972
26530, -1.3929405212402344, -0.6532019972801208, 0.023247266188263893, -0.011339861899614334, 0.034733764827251434, -0.0014839160721749067, 7000.0, 7000.0, 7000.0, 7000.0, 5.328439712524414, -0.7892413139343262
26551, -1.392967700958252, -0.6531847715377808, 0.021036775782704353, -0.011469588615000248, 0.03392469510436058, -0.016059907153248787, 7000.0, 7000.0, 7000.0, 7000.0, 5.32875919342041, -0.7959867715835571
26570, -1.3929849863052368, -0.6531419157981873, 0.02377258986234665, -0.011467975564301014, 0.03364250808954239, 0.004422304220497608, 7000.0, 7000.0, 7000.0, 7000.0, 5.326390743255615, -0.7999930381774902
26590, -1.3930107355117798, -0.6531469225883484, 0.021638555452227592, -0.011637241579592228, 0.03359627723693848, -0.010572073049843311, 7000.0, 7000.0, 7000.0, 7000.0, 5.317098140716553, -0.7976675033569336
26610, -1.3930354118347168, -0.6531187295913696, 0.024970494210720062, -0.011474432423710823, 0.033946018666028976, 0.015070182271301746, 7000.0, 7000.0, 7000.0, 7000.0, 5.322444438934326, -0.8054682016372681
26630, -1.3930139541625977, -0.6531803011894226, 0.02272273227572441, -0.011477499268949032, 0.03376927226781845, -0.002055135555565357, 7000.0, 7000.0, 7000.0, 7000.0, 5.322978496551514, -0.8019677996635437
26650, -1.3930286169052124, -0.6531302332878113, 0.02512260526418686, -0.011624990031123161, 0.034738898277282715, 0.01564119942486286, 7000.0, 7000.0, 7000.0, 7000.0, 5.3091139793396, -0.7995373606681824
26670, -1.393073558807373, -0.6530234217643738, 0.023224836215376854, -0.011735359206795692, 0.0348714143037796, 0.000498052453622222, 7000.0, 7000.0, 7000.0, 7000.0, 5.306323051452637, -0.8022909164428711
26690, -1.393103003501892, -0.653034508228302, 0.02094217948615551, -0.011585500091314316, 0.03400934487581253, -0.014921260066330433, 7000.0, 7000.0, 7000.0, 7000.0, 5.316290378570557, -0.8042553067207336
26710, -1.3931243419647217, -0.6529991030693054, 0.023562351241707802, -0.01107264868915081, 0.034001339226961136, 0.002205460099503398, 7000.0, 7000.0, 7000.0, 7000.0, 5.3063459396362305, -0.8036839365959167
26730, -1.393086552619934, -0.6530749797821045, 0.02102484740316868, -0.010515238158404827, 0.03342822939157486, -0.01507946103811264, 7000.0, 7000.0, 7000.0, 7000.0, 5.30406379699707, -0.8144888877868652
26750, -1.3930853605270386, -0.6530393958091736, 0.02355702593922615, -0.010501210577785969, 0.033801570534706116, 0.001779079088009894, 7000.0, 7000.0, 7000.0, 7000.0, 5.293460369110107, -0.8114647269248962
26770, -1.3930964469909668, -0.6530371904373169, 0.021371856331825256, -0.010976936668157578, 0.03352641686797142, -0.01210969127714634, 7000.0, 7000.0, 7000.0, 7000.0, 5.284461498260498, -0.8097352981567383
26790, -1.3930861949920654, -0.6530063152313232, 0.024378182366490364, -0.010890337638556957, 0.03382464125752449, 0.008596218191087246, 7000.0, 7000.0, 7000.0, 7000.0, 5.274319648742676, -0.8082699179649353
26810, -1.3931100368499756, -0.6529949307441711, 0.02226184494793415, -0.01077516283839941, 0.03355869650840759, -0.005482193548232317, 7000.0, 7000.0, 7000.0, 7000.0, 5.275498867034912, -0.8025319576263428
26830, -1.393095850944519, -0.6529468894004822, 0.024755418300628662, -0.01075517013669014, 0.03391711786389351, 0.01188111025840044, 7000.0, 7000.0, 7000.0, 7000.0, 5.272103309631348, -0.8067319393157959
26850, -1.393075942993164, -0.6530394554138184, 0.022423995658755302, -0.01062169298529625, 0.033377598971128464, -0.004280704539269209, 7000.0, 7000.0, 7000.0, 7000.0, 5.269719123840332, -0.8090385794639587
26871, -1.3931008577346802, -0.6528905630111694, 0.02558465674519539, -0.010545597411692142, 0.0341927595436573, 0.01682361215353012, 7000.0, 7000.0, 7000.0, 7000.0, 5.2609429359436035, -0.8058022856712341
26890, -1.3930778503417969, -0.652976393699646, 0.023238513618707657, -0.010083689354360104, 0.03342029079794884, -0.00010174768976867199, 7000.0, 7000.0, 7000.0, 7000.0, 5.270931243896484, -0.8026154637336731
26912, -1.3930659294128418, -0.6529620289802551, 0.020938873291015625, -0.010242188349366188, 0.03301413357257843, -0.01452671829611063, 7000.0, 7000.0, 7000.0, 7000.0, 5.261020183563232, -0.7982673048973083
26930, -1.3930366039276123, -0.6530417203903198, 0.023822559043765068, -0.010185619816184044, 0.032184112817049026, 0.003642026102170348, 7000.0, 7000.0, 7000.0, 7000.0, 5.266485214233398, -0.8054741024971008
26951, -1.3930516242980957, -0.6530908942222595, 0.02121713198721409, -0.010827145539224148, 0.030768172815442085, -0.012864312157034874, 7000.0, 7000.0, 7000.0, 7000.0, 5.2612762451171875, -0.8093046545982361
26970, -1.392999529838562, -0.6532145142555237, 0.024258797988295555, -0.010123836807906628, 0.03135552257299423, 0.006376240868121386, 7000.0, 7000.0, 7000.0, 7000.0, 5.265477180480957, -0.8117974400520325
26990, -1.393004059791565, -0.6532378196716309, 0.022112656384706497, -0.010414878837764263, 0.0308745875954628, -0.008849294856190681, 7000.0, 7000.0, 7000.0, 7000.0, 5.261944770812988, -0.8104029297828674
27010, -1.3930329084396362, -0.6532772779464722, 0.02486182190477848, -0.010426318272948265, 0.0302077978849411, 0.009548545815050602, 7000.0, 7000.0, 7000.0, 7000.0, 5.259316444396973, -0.8132110834121704
27030, -1.3931214809417725, -0.6530841588973999, 0.022386325523257256, -0.011241355910897255, 0.029528196901082993, -0.007366787642240524, 7000.0, 7000.0, 7000.0, 7000.0, 5.25534725189209, -0.8151128888130188
27050, -1.3931035995483398, -0.6530598998069763, 0.02571675181388855, -0.010957297869026661, 0.029790932312607765, 0.015473942272365093, 7000.0, 7000.0, 7000.0, 7000.0, 5.244500160217285, -0.811622142791748
27071, -1.3930076360702515, -0.6533402800559998, 0.023574596270918846, -0.010415987111628056, 0.029652206227183342, -0.0006010646466165781, 7000.0, 7000.0, 7000.0, 7000.0, 5.24945592880249, -0.8152773380279541
27090, -1.393052577972412, -0.6532586216926575, 0.026121314615011215, -0.010481322184205055, 0.02987353689968586, 0.01766323857009411, 7000.0, 7000.0, 7000.0, 7000.0, 5.253401756286621, -0.8169081807136536
27111, -1.3930253982543945, -0.6534633040428162, 0.023519299924373627, -0.010252361185848713, 0.02927228808403015, -0.002412911271676421, 7000.0, 7000.0, 7000.0, 7000.0, 5.249995708465576, -0.8186402916908264
27130, -1.393017053604126, -0.6534510254859924, 0.025453733280301094, -0.0105442488566041, 0.02938847802579403, 0.011899798177182674, 7000.0, 7000.0, 7000.0, 7000.0, 5.241809844970703, -0.8211537599563599
27151, -1.3930355310440063, -0.6534687280654907, 0.02348238043487072, -0.010743483901023865, 0.028536356985569, -0.0025745860766619444, 7000.0, 7000.0, 7000.0, 7000.0, 5.230704307556152, -0.8178185820579529
27173, -1.3930857181549072, -0.6534298658370972, 0.02115715481340885, -0.011101879179477692, 0.028310466557741165, -0.01725832372903824, 7000.0, 7000.0, 7000.0, 7000.0, 5.227214336395264, -0.815635085105896
27190, -1.3930813074111938, -0.653388500213623, 0.023020079359412193, -0.011446177028119564, 0.028204072266817093, -0.004438845906406641, 7000.0, 7000.0, 7000.0, 7000.0, 5.228468894958496, -0.818072497844696
27210, -1.393105149269104, -0.6534293293952942, 0.02074766717851162, -0.01133330911397934, 0.0278359092772007, -0.018708743155002594, 7000.0, 7000.0, 7000.0, 7000.0, 5.216616630554199, -0.8137348890304565
27230, -1.3930758237838745, -0.6534935235977173, 0.023029152303934097, -0.011263890191912651, 0.02787090465426445, -0.0017388896085321903, 7000.0, 7000.0, 7000.0, 7000.0, 5.215157985687256, -0.8143472075462341
27251, -1.3931078910827637, -0.6534813642501831, 0.020866652950644493, -0.011513588018715382, 0.027557164430618286, -0.015161666087806225, 7000.0, 7000.0, 7000.0, 7000.0, 5.222239017486572, -0.8089509010314941
27270, -1.393101453781128, -0.6534580588340759, 0.02286997064948082, -0.011703692376613617, 0.02790830284357071, 0.00020305017824284732, 7000.0, 7000.0, 7000.0, 7000.0, 5.219864368438721, -0.8098383545875549
27291, -1.3931477069854736, -0.6534382700920105, 0.020800527185201645, -0.011527890339493752, 0.02835049293935299, -0.013702633790671825, 7000.0, 7000.0, 7000.0, 7000.0, 5.2115631103515625, -0.8063733577728271
27310, -1.393153429031372, -0.6533442735671997, 0.024584174156188965, -0.011156177148222923, 0.02904847264289856, 0.0148060517385602, 7000.0, 7000.0, 7000.0, 7000.0, 5.212401390075684, -0.8030137419700623
27331, -1.393115758895874, -0.6534247398376465, 0.022241836413741112, -0.011162904091179371, 0.028513019904494286, -0.002927761524915695, 7000.0, 7000.0, 7000.0, 7000.0, 5.208946704864502, -0.8045847415924072
27350, -1.3931384086608887, -0.6533166170120239, 0.025179846212267876, -0.010382059030234814, 0.029057525098323822, 0.019564660266041756, 7000.0, 7000.0, 7000.0, 7000.0, 5.207188129425049, -0.8012694120407104
27371, -1.393122911453247, -0.653347909450531, 0.023096393793821335, -0.010185298509895802, 0.028529249131679535, 0.002357003977522254, 7000.0, 7000.0, 7000.0, 7000.0, 5.195340633392334, -0.8020452260971069
27390, -1.3930433988571167, -0.6533678770065308, 0.024121202528476715, -0.00973011925816536, 0.027927381917834282, 0.010198496282100677, 7000.0, 7000.0, 7000.0, 7000.0, 5.186525821685791, -0.8021531105041504
27410, -1.3930219411849976, -0.6536821126937866, 0.02195495180785656, -0.009724111296236515, 0.02566615678369999, -0.006911364383995533, 7000.0, 7000.0, 7000.0, 7000.0, 5.191690921783447, -0.8078952431678772
27430, -1.393017292022705, -0.6536989212036133, 0.019586116075515747, -0.009615094400942326, 0.025345033034682274, -0.023449527099728584, 7000.0, 7000.0, 7000.0, 7000.0, 5.189281463623047, -0.8033976554870605
27451, -1.3930001258850098, -0.6536782383918762, 0.023888297379016876, -0.009418684057891369, 0.025267820805311203, 0.010092736221849918, 7000.0, 7000.0, 7000.0, 7000.0, 5.177707195281982, -0.8084620237350464
27471, -1.3929938077926636, -0.6537393927574158, 0.021641308441758156, -0.009263955987989902, 0.024740077555179596, -0.007626091595739126, 7000.0, 7000.0, 7000.0, 7000.0, 5.174654483795166, -0.8038943409919739
27490, -1.3930131196975708, -0.6536889672279358, 0.024466848000884056, -0.009862225502729416, 0.025217710062861443, 0.013364579528570175, 7000.0, 7000.0, 7000.0, 7000.0, 5.171657562255859, -0.8045738935470581
27510, -1.3929810523986816, -0.6538122892379761, 0.021920427680015564, -0.009832656010985374, 0.02432989701628685, -0.006784796714782715, 7000.0, 7000.0, 7000.0, 7000.0, 5.173343658447266, -0.8048564791679382
27530, -1.3929439783096313, -0.6538828611373901, 0.02483474649488926, -0.009384185075759888, 0.024061620235443115, 0.014943433925509453, 7000.0, 7000.0, 7000.0, 7000.0, 5.165090560913086, -0.8039684295654297
27551, -1.3929592370986938, -0.6539112329483032, 0.022592172026634216, -0.00951414369046688, 0.024089401587843895, -0.003952322993427515, 7000.0, 7000.0, 7000.0, 7000.0, 5.1661224365234375, -0.7986910343170166
27571, -1.3929250240325928, -0.6539188027381897, 0.025031758472323418, -0.009365823119878769, 0.02420828863978386, 0.01395860593765974, 7000.0, 7000.0, 7000.0, 7000.0, 5.159374237060547, -0.7954647541046143
27591, -1.3929762840270996, -0.6539145112037659, 0.022760052233934402, -0.010245004668831825, 0.02462761476635933, -0.004404578823596239, 7000.0, 7000.0, 7000.0, 7000.0, 5.155467510223389, -0.8023632168769836
27610, -1.3929980993270874, -0.653846263885498, 0.02529463730752468, -0.010012639686465263, 0.024886056780815125, 0.014952204190194607, 7000.0, 7000.0, 7000.0, 7000.0, 5.1539459228515625, -0.8019484281539917
27630, -1.3930150270462036, -0.6539123058319092, 0.02260737121105194, -0.010100338608026505, 0.024511300027370453, -0.005495669785887003, 7000.0, 7000.0, 7000.0, 7000.0, 5.144237995147705, -0.8018330931663513
27650, -1.3929909467697144, -0.6539062261581421, 0.025500383228063583, -0.009429514408111572, 0.024446653202176094, 0.015936100855469704, 7000.0, 7000.0, 7000.0, 7000.0, 5.144525051116943, -0.8069822192192078
27671, -1.3929154872894287, -0.6541866660118103, 0.023164821788668633, -0.008867299184203148, 0.022770848125219345, -0.0023614924866706133, 7000.0, 7000.0, 7000.0, 7000.0, 5.141499042510986, -0.8091067671775818
27690, -1.3929117918014526, -0.6542050242424011, 0.02069239504635334, -0.009079281240701675, 0.02308759093284607, -0.019929492846131325, 7000.0, 7000.0, 7000.0, 7000.0, 5.139551639556885, -0.80915766954422
27710, -1.3928877115249634, -0.6541391015052795, 0.023417029529809952, -0.009109008125960827, 0.023857735097408295, 0.0016444113571196795, 7000.0, 7000.0, 7000.0, 7000.0, 5.130618572235107, -0.8041632771492004
27731, -1.392888069152832, -0.6542108654975891, 0.02074386738240719, -0.009345217607915401, 0.023875106126070023, -0.01781788282096386, 7000.0, 7000.0, 7000.0, 7000.0, 5.130832672119141, -0.8053884506225586
27750, -1.392907738685608, -0.6541734337806702, 0.023284249007701874, -0.009643824771046638, 0.024531716480851173, 0.0022539671044796705, 7000.0, 7000.0, 7000.0, 7000.0, 5.137363433837891, -0.8086277842521667
27771, -1.3929259777069092, -0.6541710495948792, 0.021013444289565086, -0.010104333981871605, 0.024490971118211746, -0.014727235771715641, 7000.0, 7000.0, 7000.0, 7000.0, 5.140758037567139, -0.8125377893447876
27790, -1.3929334878921509, -0.6541154980659485, 0.024051133543252945, -0.009294850751757622, 0.024623502045869827, 0.011292338371276855, 7000.0, 7000.0, 7000.0, 7000.0, 5.144427299499512, -0.8181952238082886
27811, -1.3929322957992554, -0.6540983319282532, 0.021980484947562218, -0.009125198237597942, 0.02478621155023575, -0.004674539435654879, 7000.0, 7000.0, 7000.0, 7000.0, 5.132686614990234, -0.8132169246673584
27830, -1.3929157257080078, -0.6541281342506409, 0.024405216798186302, -0.008891841396689415, 0.024731198325753212, 0.014927247539162636, 7000.0, 7000.0, 7000.0, 7000.0, 5.1239705085754395, -0.8099045753479004
27850, -1.392971396446228, -0.6541997790336609, 0.022417547181248665, -0.009716248139739037, 0.023931188508868217, -0.0013929036213085055, 7000.0, 7000.0, 7000.0, 7000.0, 5.119247913360596, -0.8126056790351868
27871, -1.3929474353790283, -0.6541315317153931, 0.02543843351304531, -0.009675688110291958, 0.02434779517352581, 0.02141726389527321, 7000.0, 7000.0, 7000.0, 7000.0, 5.118042945861816, -0.8103230595588684
27890, -1.3929656744003296, -0.6540969014167786, 0.023537365719676018, -0.009770400822162628, 0.02379191853106022, 0.005884222686290741, 7000.0, 7000.0, 7000.0, 7000.0, 5.119304656982422, -0.804120659828186
27910, -1.3929595947265625, -0.6540939807891846, 0.02125278115272522, -0.009784295223653316, 0.023444321006536484, -0.010077117010951042, 7000.0, 7000.0, 7000.0, 7000.0, 5.109129905700684, -0.8045029044151306
27930, -1.3929425477981567, -0.6540422439575195, 0.024927590042352676, -0.010019145905971527, 0.023893928155303, 0.015492262318730354, 7000.0, 7000.0, 7000.0, 7000.0, 5.116626262664795, -0.8164197206497192
27951, -1.392929196357727, -0.6541008949279785, 0.022455532103776932, -0.01001488883048296, 0.023410292342305183, -0.003484737826511264, 7000.0, 7000.0, 7000.0, 7000.0, 5.114290237426758, -0.8182628154754639
27970, -1.3929516077041626, -0.6540724635124207, 0.024776805192232132, -0.01017356850206852, 0.02350364252924919, 0.011921822093427181, 7000.0, 7000.0, 7000.0, 7000.0, 5.113905906677246, -0.8209248185157776
27990, -1.3929651975631714, -0.6540582180023193, 0.02263856865465641, -0.01022390741854906, 0.023839062079787254, -0.004468662664294243, 7000.0, 7000.0, 7000.0, 7000.0, 5.111294269561768, -0.8189411759376526
28010, -1.392992615699768, -0.6539354920387268, 0.025481434538960457, -0.010156430304050446, 0.02471325546503067, 0.014857742935419083, 7000.0, 7000.0, 7000.0, 7000.0, 5.110300540924072, -0.8160156607627869
28030, -1.3930038213729858, -0.6540128588676453, 0.022953929379582405, -0.010215120390057564, 0.024431072175502777, -0.004347225185483694, 7000.0, 7000.0, 7000.0, 7000.0, 5.106903076171875, -0.8188208341598511
28050, -1.3929864168167114, -0.6540467143058777, 0.02530072070658207, -0.00998162291944027, 0.024538598954677582, 0.013768808916211128, 7000.0, 7000.0, 7000.0, 7000.0, 5.097367763519287, -0.8150677680969238
28070, -1.3930107355117798, -0.6540583968162537, 0.023207489401102066, -0.010018497705459595, 0.024585507810115814, -0.0026383211370557547, 7000.0, 7000.0, 7000.0, 7000.0, 5.10091495513916, -0.8052418231964111
28090, -1.3930327892303467, -0.6539429426193237, 0.02564677782356739, -0.009932425804436207, 0.025289833545684814, 0.015310793183743954, 7000.0, 7000.0, 7000.0, 7000.0, 5.095633506774902, -0.8090635538101196
28110, -1.3930057287216187, -0.654011607170105, 0.023335233330726624, -0.009814738295972347, 0.024880221113562584, -0.0018527378560975194, 7000.0, 7000.0, 7000.0, 7000.0, 5.09085750579834, -0.8127815127372742
28130, -1.3930234909057617, -0.6539185643196106, 0.021330514922738075, -0.009545459412038326, 0.025776157155632973, -0.014628671109676361, 7000.0, 7000.0, 7000.0, 7000.0, 5.089187145233154, -0.8105049729347229
28150, -1.3929460048675537, -0.653976321220398, 0.024480806663632393, -0.00869857706129551, 0.025868404656648636, 0.004966587293893099, 7000.0, 7000.0, 7000.0, 7000.0, 5.092719554901123, -0.8073657751083374
28170, -1.3929376602172852, -0.6539646983146667, 0.022158000618219376, -0.00922044925391674, 0.025689678266644478, -0.011492444202303886, 7000.0, 7000.0, 7000.0, 7000.0, 5.090021133422852, -0.8107210397720337
28190, -1.3929399251937866, -0.6539206504821777, 0.025302451103925705, -0.009358669631183147, 0.026238176971673965, 0.011261182837188244, 7000.0, 7000.0, 7000.0, 7000.0, 5.088991165161133, -0.8093740940093994
28210, -1.392974615097046, -0.6539170145988464, 0.023064924404025078, -0.009669870138168335, 0.026256712153553963, -0.005019222851842642, 7000.0, 7000.0, 7000.0, 7000.0, 5.079981327056885, -0.8092963695526123
28230, -1.3929692506790161, -0.6538731455802917, 0.02566295862197876, -0.009718420915305614, 0.02631521411240101, 0.01265906635671854, 7000.0, 7000.0, 7000.0, 7000.0, 5.078113555908203, -0.8048431277275085
28250, -1.392953872680664, -0.653926432132721, 0.02317805029451847, -0.009731688536703587, 0.025140853598713875, -0.005445217248052359, 7000.0, 7000.0, 7000.0, 7000.0, 5.069486141204834, -0.8033061623573303
28270, -1.3929574489593506, -0.6539026498794556, 0.025377701967954636, -0.009941288270056248, 0.025314953178167343, 0.008964553475379944, 7000.0, 7000.0, 7000.0, 7000.0, 5.068686485290527, -0.802496612071991
28290, -1.3930060863494873, -0.6538323760032654, 0.023517049849033356, -0.010043270885944366, 0.02574319764971733, -0.004306066781282425, 7000.0, 7000.0, 7000.0, 7000.0, 5.0659708976745605, -0.8109171986579895
28310, -1.392969012260437, -0.6538650989532471, 0.025563569739460945, -0.0099417045712471, 0.025793999433517456, 0.011152299121022224, 7000.0, 7000.0, 7000.0, 7000.0, 5.072222709655762, -0.812994658946991
28330, -1.393021821975708, -0.6537863612174988, 0.02378932759165764, -0.010286131873726845, 0.02582232654094696, -0.001134004327468574, 7000.0, 7000.0, 7000.0, 7000.0, 5.061838626861572, -0.8059468865394592
28351, -1.3929725885391235, -0.6538882255554199, 0.025710901245474815, -0.009649716317653656, 0.025195473805069923, 0.013612769544124603, 7000.0, 7000.0, 7000.0, 7000.0, 5.062774658203125, -0.807823121547699
28370, -1.392992377281189, -0.6538915038108826, 0.023717477917671204, -0.009084736928343773, 0.02527298778295517, -0.0011858269572257996, 7000.0, 7000.0, 7000.0, 7000.0, 5.058872699737549, -0.8072937726974487
28390, -1.3929924964904785, -0.6538507342338562, 0.021455075591802597, -0.009434467181563377, 0.025154585018754005, -0.016121389344334602, 7000.0, 7000.0, 7000.0, 7000.0, 5.064084053039551, -0.8124445080757141
28410, -1.392961859703064, -0.6538339853286743, 0.02374008484184742, -0.009434189647436142, 0.02494697831571102, -0.0010666653979569674, 7000.0, 7000.0, 7000.0, 7000.0, 5.06387996673584, -0.8102176189422607
28430, -1.3929580450057983, -0.6539422869682312, 0.021113507449626923, -0.009468715637922287, 0.023884253576397896, -0.018103517591953278, 7000.0, 7000.0, 7000.0, 7000.0, 5.053936958312988, -0.8090099096298218
28450, -1.392974615097046, -0.6539066433906555, 0.024249760434031487, -0.009870341047644615, 0.024235686287283897, 0.004182649310678244, 7000.0, 7000.0, 7000.0, 7000.0, 5.041840076446533, -0.8099952340126038
28471, -1.3929774761199951, -0.6539103984832764, 0.022088540717959404, -0.010358515195548534, 0.023992052301764488, -0.01051620114594698, 7000.0, 7000.0, 7000.0, 7000.0, 5.044656276702881, -0.8087370991706848
28493, -1.392995834350586, -0.6538800001144409, 0.02466265670955181, -0.010342096909880638, 0.024684375151991844, 0.006897369399666786, 7000.0, 7000.0, 7000.0, 7000.0, 5.0316267013549805, -0.8029593229293823
28510, -1.3930391073226929, -0.6539034843444824, 0.022498024627566338, -0.010040603578090668, 0.024398164823651314, -0.007463998161256313, 7000.0, 7000.0, 7000.0, 7000.0, 5.0279459953308105, -0.8069524168968201
28530, -1.3929919004440308, -0.6539366245269775, 0.02543962001800537, -0.009827631525695324, 0.02461773157119751, 0.011824648827314377, 7000.0, 7000.0, 7000.0, 7000.0, 5.016561985015869, -0.8056247234344482
28551, -1.3930009603500366, -0.6539309024810791, 0.02331220917403698, -0.010037094354629517, 0.024175282567739487, -0.0036450326442718506, 7000.0, 7000.0, 7000.0, 7000.0, 5.011154651641846, -0.803862988948822
28571, -1.3929835557937622, -0.6538923978805542, 0.02541106380522251, -0.009735945612192154, 0.02447962388396263, 0.01172561850398779, 7000.0, 7000.0, 7000.0, 7000.0, 5.010835647583008, -0.8063457012176514
28592, -1.3929553031921387, -0.6539522409439087, 0.023128455504775047, -0.009499464184045792, 0.024199750274419785, -0.0043738530948758125, 7000.0, 7000.0, 7000.0, 7000.0, 5.0030903816223145, -0.8032057881355286
28610, -1.3930288553237915, -0.6537714004516602, 0.021450091153383255, -0.010155183263123035, 0.025090478360652924, -0.014249565079808235, 7000.0, 7000.0, 7000.0, 7000.0, 4.9976582527160645, -0.8056977391242981
28630, -1.3929842710494995, -0.653791069984436, 0.023842407390475273, -0.009845190681517124, 0.025277122855186462, 0.0004449732950888574, 7000.0, 7000.0, 7000.0, 7000.0, 5.009439468383789, -0.8071005344390869
28651, -1.3930331468582153, -0.6538130044937134, 0.021226806566119194, -0.010404511354863644, 0.025474421679973602, -0.016880789771676064, 7000.0, 7000.0, 7000.0, 7000.0, 5.014019012451172, -0.8103854060173035
28670, -1.3930481672286987, -0.6536898016929626, 0.02418477088212967, -0.009975206106901169, 0.026243481785058975, 0.00233385618776083, 7000.0, 7000.0, 7000.0, 7000.0, 5.011908054351807, -0.811237096786499
28690, -1.392959475517273, -0.653919517993927, 0.021968215703964233, -0.009098422713577747, 0.024687327444553375, -0.012930084019899368, 7000.0, 7000.0, 7000.0, 7000.0, 5.001800537109375, -0.8084698915481567
28710, -1.3930414915084839, -0.6536253094673157, 0.0247536301612854, -0.009545814245939255, 0.026472337543964386, 0.007059762720018625, 7000.0, 7000.0, 7000.0, 7000.0, 4.999718189239502, -0.8079988956451416
28730, -1.3930803537368774, -0.6536225080490112, 0.022333677858114243, -0.009843673557043076, 0.0257133599370718, -0.010255465283989906, 7000.0, 7000.0, 7000.0, 7000.0, 4.990242958068848, -0.8106607794761658
28751, -1.3929773569107056, -0.6538795828819275, 0.024810664355754852, -0.009121413342654705, 0.024536971002817154, 0.007335652597248554, 7000.0, 7000.0, 7000.0, 7000.0, 4.979036331176758, -0.8120027184486389
28771, -1.3930104970932007, -0.6538337469100952, 0.022515632212162018, -0.009260514751076698, 0.024386605247855186, -0.010016954503953457, 7000.0, 7000.0, 7000.0, 7000.0, 4.974343299865723, -0.8136100172996521
28791, -1.3929985761642456, -0.6537862420082092, 0.025090426206588745, -0.00956472847610712, 0.024203404784202576, 0.00947474967688322, 7000.0, 7000.0, 7000.0, 7000.0, 4.980522632598877, -0.8181707859039307
28810, -1.3930200338363647, -0.6537809371948242, 0.02274922840297222, -0.00957466196268797, 0.023788614198565483, -0.007861414924263954, 7000.0, 7000.0, 7000.0, 7000.0, 4.971360206604004, -0.8187975883483887
28830, -1.393017292022705, -0.6537895202636719, 0.02618357725441456, -0.00921966228634119, 0.023700695484876633, 0.020568041130900383, 7000.0, 7000.0, 7000.0, 7000.0, 4.974565029144287, -0.8224552869796753
28850, -1.3930028676986694, -0.6538928747177124, 0.02365017682313919, -0.00934344157576561, 0.022311506792902946, 3.0338085252878955e-06, 7000.0, 7000.0, 7000.0, 7000.0, 4.966217994689941, -0.822110116481781
28870, -1.393027424812317, -0.6538780927658081, 0.02616513893008232, -0.009686758741736412, 0.022875284776091576, 0.02010623924434185, 7000.0, 7000.0, 7000.0, 7000.0, 4.974037170410156, -0.8246777057647705
28890, -1.3930414915084839, -0.6538606882095337, 0.024072818458080292, -0.009789585135877132, 0.02291746437549591, 0.002738767536357045, 7000.0, 7000.0, 7000.0, 7000.0, 4.963708877563477, -0.8211013078689575
28910, -1.392970323562622, -0.6540552377700806, 0.021950513124465942, -0.009398921392858028, 0.023193152621388435, -0.013890807516872883, 7000.0, 7000.0, 7000.0, 7000.0, 4.972626209259033, -0.814886748790741
28930, -1.3929251432418823, -0.6541219353675842, 0.024129627272486687, -0.009231808595359325, 0.02293093502521515, 0.003122820518910885, 7000.0, 7000.0, 7000.0, 7000.0, 4.9829816818237305, -0.8128886222839355
28950, -1.392940640449524, -0.6541366577148438, 0.021732147783041, -0.00904141366481781, 0.022614536806941032, -0.014450970105826855, 7000.0, 7000.0, 7000.0, 7000.0, 4.983768463134766, -0.8176624178886414
28971, -1.3929460048675537, -0.6540020108222961, 0.025495165959000587, -0.008925173431634903, 0.02306138351559639, 0.014829939231276512, 7000.0, 7000.0, 7000.0, 7000.0, 4.973819255828857, -0.8160621523857117
28991, -1.3929057121276855, -0.654077410697937, 0.02279556915163994, -0.00887470692396164, 0.022077256813645363, -0.00667211227118969, 7000.0, 7000.0, 7000.0, 7000.0, 4.982154369354248, -0.8199499845504761
29010, -1.392902135848999, -0.6540824770927429, 0.024797650054097176, -0.008944780565798283, 0.022328035905957222, 0.007788988761603832, 7000.0, 7000.0, 7000.0, 7000.0, 4.973494052886963, -0.8172861337661743
29030, -1.3928847312927246, -0.6541619300842285, 0.022086918354034424, -0.008933022618293762, 0.02207438088953495, -0.012804248370230198, 7000.0, 7000.0, 7000.0, 7000.0, 4.961781978607178, -0.8134130835533142
29050, -1.3928754329681396, -0.6541143655776978, 0.02536524273455143, -0.009128374978899956, 0.02168540470302105, 0.011752062477171421, 7000.0, 7000.0, 7000.0, 7000.0, 4.9592671394348145, -0.8125070333480835
29070, -1.3928847312927246, -0.6541509628295898, 0.02300449274480343, -0.008899033069610596, 0.02108871378004551, -0.006366857327520847, 7000.0, 7000.0, 7000.0, 7000.0, 4.941025733947754, -0.810874879360199
29091, -1.3928722143173218, -0.6541008353233337, 0.02638339065015316, -0.00852411612868309, 0.02145199477672577, 0.017973413690924644, 7000.0, 7000.0, 7000.0, 7000.0, 4.943826198577881, -0.8043155670166016
29111, -1.3928951025009155, -0.6540936827659607, 0.024007009342312813, -0.008848357945680618, 0.022140270099043846, -0.0010471211280673742, 7000.0, 7000.0, 7000.0, 7000.0, 4.95485258102417, -0.8005149364471436
29130, -1.3928685188293457, -0.6541356444358826, 0.026163524016737938, -0.008537022396922112, 0.021925298497080803, 0.015990568324923515, 7000.0, 7000.0, 7000.0, 7000.0, 4.946043014526367, -0.7968491315841675
29150, -1.3929359912872314, -0.6540825366973877, 0.0242476724088192, -0.008845465257763863, 0.02238922193646431, 0.0010863725328817964, 7000.0, 7000.0, 7000.0, 7000.0, 4.935778617858887, -0.7990444898605347
29171, -1.3928414583206177, -0.6543290019035339, 0.026028674095869064, -0.00898016057908535, 0.02243254892528057, 0.015312884002923965, 7000.0, 7000.0, 7000.0, 7000.0, 4.9327168464660645, -0.8022878766059875
29191, -1.3928587436676025, -0.6542224287986755, 0.02427976205945015, -0.008805375546216965, 0.022527722641825676, 0.0008400884107686579, 7000.0, 7000.0, 7000.0, 7000.0, 4.946934700012207, -0.8163747191429138
29210, -1.3928481340408325, -0.6542093753814697, 0.021765612065792084, -0.008474128320813179, 0.02271907404065132, -0.016994163393974304, 7000.0, 7000.0, 7000.0, 7000.0, 4.948897361755371, -0.8167052865028381
29230, -1.3928412199020386, -0.6540971398353577, 0.024636298418045044, -0.008238249458372593, 0.023462535813450813, 0.00497111352160573, 7000.0, 7000.0, 7000.0, 7000.0, 4.940988540649414, -0.8208938241004944
29250, -1.3928054571151733, -0.6541398167610168, 0.02191108465194702, -0.00828066747635603, 0.023072142153978348, -0.014514989219605923, 7000.0, 7000.0, 7000.0, 7000.0, 4.947587490081787, -0.8297799229621887
29270, -1.392764925956726, -0.6540898680686951, 0.025510042905807495, -0.007961282506585121, 0.023716580122709274, 0.011801290325820446, 7000.0, 7000.0, 7000.0, 7000.0, 4.937069416046143, -0.827875018119812
29290, -1.39273202419281, -0.6541298627853394, 0.022877462208271027, -0.008472336456179619, 0.023356491699814796, -0.0074395835399627686, 7000.0, 7000.0, 7000.0, 7000.0, 4.928491115570068, -0.8181249499320984
29310, -1.3927550315856934, -0.6540896892547607, 0.025730542838573456, -0.008433865383267403, 0.023624015972018242, 0.014497227966785431, 7000.0, 7000.0, 7000.0, 7000.0, 4.918529987335205, -0.8188820481300354
29330, -1.3927912712097168, -0.6540907621383667, 0.02358376421034336, -0.008974370546638966, 0.023613302037119865, -0.001919821836054325, 7000.0, 7000.0, 7000.0, 7000.0, 4.918224811553955, -0.8177093267440796
29350, -1.3928112983703613, -0.6540527939796448, 0.026690015569329262, -0.009001517668366432, 0.023961657658219337, 0.020534031093120575, 7000.0, 7000.0, 7000.0, 7000.0, 4.916781425476074, -0.816318929195404
29370, -1.3928134441375732, -0.6541005969047546, 0.024347348138689995, -0.009254934266209602, 0.02283318340778351, 0.0026146373711526394, 7000.0, 7000.0, 7000.0, 7000.0, 4.908599853515625, -0.8168696761131287
29390, -1.3928394317626953, -0.6540901064872742, 0.02658824250102043, -0.00938988197594881, 0.022756099700927734, 0.018538329750299454, 7000.0, 7000.0, 7000.0, 7000.0, 4.897556781768799, -0.8120604157447815
29410, -1.3928710222244263, -0.6541114449501038, 0.0245808195322752, -0.009747742675244808, 0.02278292551636696, 0.002553029451519251, 7000.0, 7000.0, 7000.0, 7000.0, 4.8974127769470215, -0.8119475245475769
29430, -1.3928767442703247, -0.6541012525558472, 0.02223457396030426, -0.0098648052662611, 0.022399619221687317, -0.013283886946737766, 7000.0, 7000.0, 7000.0, 7000.0, 4.887894630432129, -0.8124754428863525
29450, -1.3928892612457275, -0.6540470123291016, 0.025306101888418198, -0.00983492936939001, 0.022679457440972328, 0.007942095398902893, 7000.0, 7000.0, 7000.0, 7000.0, 4.889401435852051, -0.8089402318000793
29470, -1.3929295539855957, -0.6541599631309509, 0.02267453446984291, -0.009992885403335094, 0.021813208237290382, -0.010485049337148666, 7000.0, 7000.0, 7000.0, 7000.0, 4.879002571105957, -0.8075386881828308
29490, -1.3929709196090698, -0.6541714072227478, 0.024436715990304947, -0.010058959014713764, 0.021167434751987457, 0.002102147787809372, 7000.0, 7000.0, 7000.0, 7000.0, 4.869029521942139, -0.8088310956954956
29510, -1.3929920196533203, -0.6541831493377686, 0.022263893857598305, -0.010217640548944473, 0.0210221279412508, -0.012080322951078415, 7000.0, 7000.0, 7000.0, 7000.0, 4.865284442901611, -0.8118889331817627
29530, -1.3930130004882812, -0.6540902853012085, 0.02527676150202751, -0.010779410600662231, 0.02183694764971733, 0.008706990629434586, 7000.0, 7000.0, 7000.0, 7000.0, 4.8555192947387695, -0.8106943368911743
29550, -1.3930073976516724, -0.6541467308998108, 0.022837527096271515, -0.01050942949950695, 0.02179618738591671, -0.008215155452489853, 7000.0, 7000.0, 7000.0, 7000.0, 4.855669021606445, -0.8115637302398682
29570, -1.3930388689041138, -0.6541374325752258, 0.024571744725108147, -0.010474824346601963, 0.02170981653034687, 0.004069700837135315, 7000.0, 7000.0, 7000.0, 7000.0, 4.857481956481934, -0.8084079027175903
29590, -1.3930619955062866, -0.6541010737419128, 0.02241493947803974, -0.010453733615577221, 0.02118944190442562, -0.009867819026112556, 7000.0, 7000.0, 7000.0, 7000.0, 4.858601093292236, -0.8116811513900757
29610, -1.3930026292800903, -0.6540771126747131, 0.02522965893149376, -0.010334437713027, 0.021533623337745667, 0.012062953785061836, 7000.0, 7000.0, 7000.0, 7000.0, 4.85782527923584, -0.8128771185874939
29632, -1.3930084705352783, -0.6542486548423767, 0.022563554346561432, -0.01036824006587267, 0.020874788984656334, -0.006801863666623831, 7000.0, 7000.0, 7000.0, 7000.0, 4.858275413513184, -0.8131046295166016
29650, -1.393088936805725, -0.6541371941566467, 0.020874515175819397, -0.010671623982489109, 0.021270962432026863, -0.01721276342868805, 7000.0, 7000.0, 7000.0, 7000.0, 4.866747856140137, -0.8153997659683228
29670, -1.393057107925415, -0.6541120409965515, 0.023998146876692772, -0.010682615451514721, 0.021621612831950188, 0.002929688896983862, 7000.0, 7000.0, 7000.0, 7000.0, 4.855722904205322, -0.814673900604248
29690, -1.3930847644805908, -0.6541004776954651, 0.0216413252055645, -0.010625865310430527, 0.021601906046271324, -0.01292630285024643, 7000.0, 7000.0, 7000.0, 7000.0, 4.866546630859375, -0.8149568438529968
29710, -1.3930991888046265, -0.6540964245796204, 0.024057231843471527, -0.010458608157932758, 0.021576525643467903, 0.002474467735737562, 7000.0, 7000.0, 7000.0, 7000.0, 4.86857271194458, -0.8176573514938354
29730, -1.3930290937423706, -0.6543185114860535, 0.021823571994900703, -0.009564044885337353, 0.021037202328443527, -0.013332263566553593, 7000.0, 7000.0, 7000.0, 7000.0, 4.868853569030762, -0.8178372383117676
29750, -1.3930130004882812, -0.6542747020721436, 0.024112818762660027, -0.009498110972344875, 0.021601015701889992, 0.0031946490053087473, 7000.0, 7000.0, 7000.0, 7000.0, 4.870250225067139, -0.8180024027824402
29770, -1.3931182622909546, -0.654135525226593, 0.021512357518076897, -0.010576162487268448, 0.021776588633656502, -0.014650610275566578, 7000.0, 7000.0, 7000.0, 7000.0, 4.861406326293945, -0.8195527791976929
29790, -1.3930240869522095, -0.6542573571205139, 0.02469562366604805, -0.009750657714903355, 0.021938076242804527, 0.006614824756979942, 7000.0, 7000.0, 7000.0, 7000.0, 4.863162517547607, -0.8209366202354431
29810, -1.3930416107177734, -0.6542580723762512, 0.022487904876470566, -0.009855054318904877, 0.02158270962536335, -0.009009105153381824, 7000.0, 7000.0, 7000.0, 7000.0, 4.863638877868652, -0.8223329782485962
29830, -1.3930953741073608, -0.654219925403595, 0.024588236585259438, -0.009755094535648823, 0.021583737805485725, 0.008339904248714447, 7000.0, 7000.0, 7000.0, 7000.0, 4.874212741851807, -0.8308688998222351
29850, -1.393049955368042, -0.6542741060256958, 0.02222028188407421, -0.008569049648940563, 0.0208751168102026, -0.008765934035182, 7000.0, 7000.0, 7000.0, 7000.0, 4.882835865020752, -0.8406722545623779
29870, -1.3930200338363647, -0.6542392373085022, 0.02486952394247055, -0.008241042494773865, 0.02136673778295517, 0.011714702472090721, 7000.0, 7000.0, 7000.0, 7000.0, 4.872476100921631, -0.8378140330314636
29891, -1.3930162191390991, -0.6542602181434631, 0.02285303734242916, -0.008434005081653595, 0.021107111126184464, -0.00361546128988266, 7000.0, 7000.0, 7000.0, 7000.0, 4.8676934242248535, -0.8338426947593689
29910, -1.392995834350586, -0.6542630791664124, 0.025318453088402748, -0.008077037520706654, 0.021177835762500763, 0.015227477997541428, 7000.0, 7000.0, 7000.0, 7000.0, 4.862772464752197, -0.837603747844696
29930, -1.3929755687713623, -0.6542569398880005, 0.02340986579656601, -0.008245660923421383, 0.020961908623576164, 0.00014620419824495912, 7000.0, 7000.0, 7000.0, 7000.0, 4.863794326782227, -0.8419050574302673
29950, -1.3929518461227417, -0.654315710067749, 0.020875412970781326, -0.008160789497196674, 0.020660532638430595, -0.016801590099930763, 7000.0, 7000.0, 7000.0, 7000.0, 4.852271556854248, -0.837588906288147
29971, -1.3929166793823242, -0.6542780995368958, 0.02410641685128212, -0.008041657507419586, 0.020395122468471527, 0.005306427367031574, 7000.0, 7000.0, 7000.0, 7000.0, 4.854406833648682, -0.8380427360534668
29991, -1.3929011821746826, -0.654265820980072, 0.021963095292448997, -0.007781832944601774, 0.019978955388069153, -0.009848863817751408, 7000.0, 7000.0, 7000.0, 7000.0, 4.8455400466918945, -0.8347479701042175
30011, -1.3929171562194824, -0.6542572975158691, 0.024811526760458946, -0.008389873430132866, 0.020448584109544754, 0.009192854166030884, 7000.0, 7000.0, 7000.0, 7000.0, 4.849948406219482, -0.839809775352478
30030, -1.3929613828659058, -0.65421462059021, 0.022664815187454224, -0.009218556806445122, 0.02094673179090023, -0.006438543554395437, 7000.0, 7000.0, 7000.0, 7000.0, 4.838306427001953, -0.8387394547462463
30050, -1.3929827213287354, -0.6542462706565857, 0.025100329890847206, -0.008889507502317429, 0.020939860492944717, 0.009838367812335491, 7000.0, 7000.0, 7000.0, 7000.0, 4.846122741699219, -0.8405306935310364
30070, -1.3930094242095947, -0.6542352437973022, 0.022966105490922928, -0.00942764151841402, 0.020815381780266762, -0.005311066284775734, 7000.0, 7000.0, 7000.0, 7000.0, 4.855493545532227, -0.8479480147361755
30091, -1.3929957151412964, -0.6541705131530762, 0.02486887387931347, -0.009590070694684982, 0.021326079964637756, 0.008333095349371433, 7000.0, 7000.0, 7000.0, 7000.0, 4.863902568817139, -0.8477940559387207
30111, -1.3930160999298096, -0.6541777849197388, 0.022639041766524315, -0.009605348110198975, 0.021136531606316566, -0.008238050155341625, 7000.0, 7000.0, 7000.0, 7000.0, 4.863532066345215, -0.8439253568649292
30130, -1.3930013179779053, -0.6541476845741272, 0.02554987743496895, -0.009343522600829601, 0.021761521697044373, 0.01408541388809681, 7000.0, 7000.0, 7000.0, 7000.0, 4.854748725891113, -0.8455570936203003
30150, -1.3930420875549316, -0.6541715264320374, 0.022946598008275032, -0.009980076923966408, 0.020971247926354408, -0.00604031328111887, 7000.0, 7000.0, 7000.0, 7000.0, 4.856590270996094, -0.8465346693992615
30171, -1.3929435014724731, -0.6542910933494568, 0.025501826778054237, -0.00913764163851738, 0.021520394831895828, 0.013718626461923122, 7000.0, 7000.0, 7000.0, 7000.0, 4.855157375335693, -0.8485116958618164
30191, -1.3929550647735596, -0.6542395353317261, 0.02338515594601631, -0.009072515182197094, 0.021896425634622574, -0.0037658419460058212, 7000.0, 7000.0, 7000.0, 7000.0, 4.863844871520996, -0.8443905711174011
30211, -1.392983078956604, -0.654274582862854, 0.020800834521651268, -0.009399817325174809, 0.021517843008041382, -0.022462910041213036, 7000.0, 7000.0, 7000.0, 7000.0, 4.871294975280762, -0.8514795899391174
30230, -1.3930116891860962, -0.6542115807533264, 0.02284904755651951, -0.009303782135248184, 0.021682361140847206, -0.006661335006356239, 7000.0, 7000.0, 7000.0, 7000.0, 4.859971046447754, -0.8507975339889526
30250, -1.3930110931396484, -0.6542837023735046, 0.01991843804717064, -0.009500635787844658, 0.020876720547676086, -0.026680661365389824, 7000.0, 7000.0, 7000.0, 7000.0, 4.851242542266846, -0.8447885513305664
30271, -1.3929787874221802, -0.654268741607666, 0.023227527737617493, -0.009281512349843979, 0.021162835881114006, -0.002187548205256462, 7000.0, 7000.0, 7000.0, 7000.0, 4.8489460945129395, -0.839548647403717
30291, -1.3929578065872192, -0.6542695760726929, 0.02071465365588665, -0.009339677169919014, 0.02048470266163349, -0.01913096010684967, 7000.0, 7000.0, 7000.0, 7000.0, 4.856023788452148, -0.8355392813682556
30310, -1.3929095268249512, -0.6544085741043091, 0.024432362988591194, -0.007973327301442623, 0.01904366910457611, 0.010826408863067627, 7000.0, 7000.0, 7000.0, 7000.0, 4.864751815795898, -0.8332937359809875
30330, -1.3929611444473267, -0.6542523503303528, 0.02188960835337639, -0.009309418499469757, 0.020458580926060677, -0.00832547526806593, 7000.0, 7000.0, 7000.0, 7000.0, 4.877223014831543, -0.8338750004768372
30350, -1.392926812171936, -0.654250979423523, 0.024497587233781815, -0.00877731665968895, 0.02013617567718029, 0.012219900265336037, 7000.0, 7000.0, 7000.0, 7000.0, 4.884536266326904, -0.8313769698143005
30371, -1.392841100692749, -0.6544555425643921, 0.02228473126888275, -0.00844882894307375, 0.01937219128012657, -0.005278642289340496, 7000.0, 7000.0, 7000.0, 7000.0, 4.894050121307373, -0.8364686369895935
30391, -1.3928229808807373, -0.6544036865234375, 0.02411685697734356, -0.009065836668014526, 0.020412471145391464, 0.009762023575603962, 7000.0, 7000.0, 7000.0, 7000.0, 4.892911434173584, -0.8402465581893921
30410, -1.392837405204773, -0.6544249653816223, 0.021992679685354233, -0.008965134620666504, 0.020298372954130173, -0.007532335817813873, 7000.0, 7000.0, 7000.0, 7000.0, 4.883174896240234, -0.8390859365463257
30430, -1.3928765058517456, -0.654363751411438, 0.019908690825104713, -0.009205924347043037, 0.020449882373213768, -0.0212872251868248, 7000.0, 7000.0, 7000.0, 7000.0, 4.9004902839660645, -0.8471153378486633
30450, -1.3928123712539673, -0.6544238328933716, 0.023214001208543777, -0.008593818172812462, 0.021013574674725533, 0.0017100691329687834, 7000.0, 7000.0, 7000.0, 7000.0, 4.91883659362793, -0.8462861180305481
30470, -1.3928496837615967, -0.6543958187103271, 0.0207294300198555, -0.008577043190598488, 0.02129778265953064, -0.016281016170978546, 7000.0, 7000.0, 7000.0, 7000.0, 4.924350738525391, -0.8488056063652039
30491, -1.3928641080856323, -0.6543703675270081, 0.024411490187048912, -0.009082859382033348, 0.021572362631559372, 0.009197103790938854, 7000.0, 7000.0, 7000.0, 7000.0, 4.926464080810547, -0.847847044467926
30511, -1.3928755521774292, -0.6543495655059814, 0.021952811628580093, -0.009009926579892635, 0.021300911903381348, -0.009686215780675411, 7000.0, 7000.0, 7000.0, 7000.0, 4.928129196166992, -0.8465468883514404
30530, -1.392852544784546, -0.6543009281158447, 0.025284793227910995, -0.008295710198581219, 0.021810537204146385, 0.012678918428719044, 7000.0, 7000.0, 7000.0, 7000.0, 4.93043851852417, -0.8444575667381287
30550, -1.3928608894348145, -0.6542432308197021, 0.022744985297322273, -0.007781060412526131, 0.022357303649187088, -0.007139680441468954, 7000.0, 7000.0, 7000.0, 7000.0, 4.928984642028809, -0.8461041450500488
30570, -1.3928258419036865, -0.65423983335495, 0.024441085755825043, -0.00723809190094471, 0.022684982046484947, 0.003618191462010145, 7000.0, 7000.0, 7000.0, 7000.0, 4.924063205718994, -0.8440031409263611
30591, -1.392824411392212, -0.6542460918426514, 0.021865367889404297, -0.006737259682267904, 0.02252296917140484, -0.014333353377878666, 7000.0, 7000.0, 7000.0, 7000.0, 4.918316841125488, -0.8437414765357971
30611, -1.3927178382873535, -0.6543733477592468, 0.02551887370646, -0.006653278600424528, 0.02172299474477768, 0.015202539041638374, 7000.0, 7000.0, 7000.0, 7000.0, 4.923748016357422, -0.8453153967857361
30630, -1.3927249908447266, -0.6543719172477722, 0.023274416103959084, -0.006699659861624241, 0.021740524098277092, -0.0024620029143989086, 7000.0, 7000.0, 7000.0, 7000.0, 4.931880474090576, -0.846542477607727
30650, -1.3926931619644165, -0.6543175578117371, 0.02630302868783474, -0.0066118692047894, 0.021983621641993523, 0.02181924507021904, 7000.0, 7000.0, 7000.0, 7000.0, 4.947530269622803, -0.8530306816101074
30670, -1.3927199840545654, -0.6543989777565002, 0.023850388824939728, -0.007084961049258709, 0.021384993568062782, 0.0016572424210608006, 7000.0, 7000.0, 7000.0, 7000.0, 4.946588516235352, -0.854989767074585
30690, -1.3927409648895264, -0.6543998718261719, 0.02138134464621544, -0.007178370840847492, 0.021372977644205093, -0.016117282211780548, 7000.0, 7000.0, 7000.0, 7000.0, 4.938008785247803, -0.8554258942604065
30711, -1.3927035331726074, -0.6543362736701965, 0.024820981547236443, -0.006953631993383169, 0.021857453510165215, 0.008089444600045681, 7000.0, 7000.0, 7000.0, 7000.0, 4.93630313873291, -0.8559492826461792
30731, -1.3927143812179565, -0.654315710067749, 0.02248917520046234, -0.007560944650322199, 0.022129841148853302, -0.009122877381742, 7000.0, 7000.0, 7000.0, 7000.0, 4.9460625648498535, -0.8610232472419739
30750, -1.3927451372146606, -0.6542938947677612, 0.025470733642578125, -0.008013607002794743, 0.022207478061318398, 0.011693098582327366, 7000.0, 7000.0, 7000.0, 7000.0, 4.956326961517334, -0.8648706078529358
30770, -1.3927534818649292, -0.6542840003967285, 0.02318800427019596, -0.008251209743320942, 0.022830473259091377, -0.005752664525061846, 7000.0, 7000.0, 7000.0, 7000.0, 4.957388401031494, -0.8611692786216736
30790, -1.392763614654541, -0.654301643371582, 0.024867163971066475, -0.008088154718279839, 0.023494789376854897, 0.006716394331306219, 7000.0, 7000.0, 7000.0, 7000.0, 4.948243618011475, -0.8629136085510254
30811, -1.3927910327911377, -0.6542459726333618, 0.02258201874792576, -0.008225490339100361, 0.02388652414083481, -0.010229622945189476, 7000.0, 7000.0, 7000.0, 7000.0, 4.942666530609131, -0.8623890280723572
30830, -1.3928143978118896, -0.6541920304298401, 0.024680450558662415, -0.008166843093931675, 0.0240206066519022, 0.00521255936473608, 7000.0, 7000.0, 7000.0, 7000.0, 4.955420017242432, -0.8588297963142395
30850, -1.3928370475769043, -0.6541686654090881, 0.02240864932537079, -0.008247951976954937, 0.02367723546922207, -0.011812368407845497, 7000.0, 7000.0, 7000.0, 7000.0, 4.9635820388793945, -0.8586211204528809
30871, -1.3928109407424927, -0.6542579531669617, 0.024258729070425034, -0.008347039110958576, 0.02397608384490013, 0.00397078599780798, 7000.0, 7000.0, 7000.0, 7000.0, 4.953618049621582, -0.8615184426307678
30890, -1.3928738832473755, -0.6540812253952026, 0.022405916824936867, -0.008270050399005413, 0.024194534868001938, -0.00916775781661272, 7000.0, 7000.0, 7000.0, 7000.0, 4.963138103485107, -0.8618960380554199
30910, -1.3928800821304321, -0.6540225744247437, 0.02539757825434208, -0.00803795550018549, 0.02443096600472927, 0.014059102162718773, 7000.0, 7000.0, 7000.0, 7000.0, 4.981085777282715, -0.8606075644493103
30930, -1.392892837524414, -0.6540220975875854, 0.02337646484375, -0.008284973911941051, 0.024158060550689697, -0.001232591108419001, 7000.0, 7000.0, 7000.0, 7000.0, 4.971320152282715, -0.8586031794548035
30950, -1.3928849697113037, -0.6539936661720276, 0.021060923114418983, -0.008426248095929623, 0.024041980504989624, -0.016234667971730232, 7000.0, 7000.0, 7000.0, 7000.0, 4.980289459228516, -0.8557697534561157
30972, -1.392877459526062, -0.6540892124176025, 0.024256030097603798, -0.008536133915185928, 0.023700518533587456, 0.0037070622202008963, 7000.0, 7000.0, 7000.0, 7000.0, 4.968264102935791, -0.8562418222427368
30991, -1.3929544687271118, -0.6538920402526855, 0.02285660430788994, -0.00939467828720808, 0.024301650002598763, -0.006258346606045961, 7000.0, 7000.0, 7000.0, 7000.0, 4.978501796722412, -0.8604655861854553
31010, -1.3929345607757568, -0.6540194749832153, 0.02406272478401661, -0.009117801673710346, 0.023171963170170784, 0.002997498493641615, 29908.0, 29180.0, 32709.0, 32510.0, 4.983880043029785, -0.8577090501785278
31030, -1.3929166793823242, -0.6539477109909058, 0.021790282800793648, -0.005795559845864773, 0.026692809537053108, -0.012275001965463161, 29914.0, 28785.0, 31927.0, 33081.0, 4.970966815948486, -0.8545882701873779
31052, -1.3928035497665405, -0.6538224220275879, 0.025615574792027473, -0.0023039355874061584, 0.030377382412552834, 0.018534157425165176, 31092.0, 30052.0, 31891.0, 33204.0, 4.98898458480835, -0.8559077382087708
31070, -1.3926724195480347, -0.6535876393318176, 0.023495759814977646, 0.001053184736520052, 0.03408604487776756, 0.0023062254767864943, 31007.0, 29689.0, 31667.0, 32027.0, 5.015455722808838, -0.861400842666626
31090, -1.3925037384033203, -0.6533657908439636, 0.02612966112792492, 0.004486889112740755, 0.037469182163476944, 0.02333901636302471, 31192.0, 30174.0, 32348.0, 32728.0, 5.0599236488342285, -0.8764858245849609
31110, -1.3923492431640625, -0.6531241536140442, 0.024063536897301674, 0.007377111352980137, 0.040297843515872955, 0.009533531032502651, 31053.0, 29366.0, 31067.0, 33084.0, 5.07926607131958, -0.909781813621521
31130, -1.392287254333496, -0.6532941460609436, 0.026857886463403702, 0.00878943596035242, 0.04006960988044739, 0.03167545422911644, 30379.0, 28093.0, 31263.0, 36146.0, 5.009280681610107, -1.030059576034546
31150, -1.3920745849609375, -0.6527122855186462, 0.02543991059064865, 0.014012708328664303, 0.04396875947713852, 0.03199722617864609, 32924.0, 30916.0, 27321.0, 32913.0, 4.815736293792725, -1.2159184217453003
31171, -1.3918771743774414, -0.6526186466217041, 0.02918645553290844, 0.018870193511247635, 0.04340527951717377, 0.07011736929416656, 33744.0, 30029.0, 26496.0, 34542.0, 4.642778396606445, -1.483522653579712
31191, -1.3916267156600952, -0.6524819731712341, 0.028148094192147255, 0.024687036871910095, 0.04133111611008644, 0.058718111366033554, 34114.0, 27529.0, 25589.0, 36812.0, 4.465641498565674, -1.8835923671722412
31210, -1.3912965059280396, -0.6523680090904236, 0.026844972744584084, 0.03281144052743912, 0.03862790763378143, 0.050082892179489136, 32959.0, 27977.0, 25962.0, 35039.0, 4.257472991943359, -2.4905812740325928
31233, -1.390784740447998, -0.6522353887557983, 0.029255229979753494, 0.04285865277051926, 0.036276672035455704, 0.06266956031322479, 31110.0, 31022.0, 29209.0, 32135.0, 4.096835136413574, -3.1019723415374756
31250, -1.3833787441253662, -0.6513631343841553, 0.026644224300980568, 0.11194822192192078, 0.04384864121675491, 0.03814350441098213, 30518.0, 32971.0, 31808.0, 26551.0, 4.100494861602783, -3.2335517406463623
31270, -1.3777211904525757, -0.6500553488731384, 0.029254352673888206, 0.1559123545885086, 0.048881541937589645, 0.04939575493335724, 28843.0, 35848.0, 33108.0, 24850.0, 4.342965126037598, -2.7961995601654053
31291, -1.3718681335449219, -0.6517758369445801, 0.02680153027176857, 0.19729308784008026, 0.027280280366539955, 0.018496153876185417, 37428.0, 27232.0, 22754.0, 34594.0, 4.452193737030029, -1.690293788909912
31310, -1.3706636428833008, -0.6531127095222473, 0.02836042456328869, 0.1910240650177002, 0.008120629005134106, 0.02057102508842945, 43524.0, 28878.0, 7000.0, 35244.0, 4.463810443878174, -1.6811771392822266
31330, -1.3694535493850708, -0.6545009016990662, 0.02744106762111187, 0.18755222856998444, -0.012194964103400707, 0.013145826756954193, 37201.0, 28515.0, 20611.0, 36694.0, 4.303064346313477, -2.4538753032684326
31350, -1.3698351383209229, -0.6585838198661804, 0.027296721935272217, 0.17508578300476074, -0.05672985687851906, 0.005845536477863789, 34633.0, 28747.0, 19696.0, 40104.0, 4.081410884857178, -2.8288588523864746
31370, -1.3692941665649414, -0.6604650020599365, 0.02661299705505371, 0.1710166037082672, -0.07519997656345367, 0.01939823478460312, 13297.0, 36863.0, 39188.0, 32388.0, 3.8613169193267822, -2.6191012859344482
31391, -1.364719271659851, -0.667308509349823, 0.026683222502470016, 0.19701604545116425, -0.13448943197727203, 0.043430086225271225, 16317.0, 41896.0, 36378.0, 26652.0, 3.587428092956543, -0.22916415333747864
31411, -1.3624628782272339, -0.6715870499610901, 0.02630043961107731, 0.1888524442911148, -0.16142244637012482, 0.06121285259723663, 23781.0, 39306.0, 35082.0, 22815.0, 3.4541478157043457, 1.6204341650009155
31430, -1.361953854560852, -0.6744897961616516, 0.03043038584291935, 0.15612360835075378, -0.17085961997509003, 0.09752196818590164, 28216.0, 39280.0, 31170.0, 21754.0, 3.3554394245147705, 5.841123580932617
31450, -1.3620699644088745, -0.6884011626243591, 0.0321614146232605, 0.12175679206848145, -0.3360951244831085, 0.06982142478227615, 28913.0, 33956.0, 31385.0, 26870.0, 3.406219482421875, 7.661535263061523
31470, -1.361899733543396, -0.7091807723045349, 0.031725749373435974, 0.10171552747488022, -0.5674883723258972, -0.018439477309584618, 35241.0, 28942.0, 30344.0, 24089.0, 4.173718452453613, 8.669517517089844
31491, -1.3663126230239868, -0.710687518119812, 0.03964940831065178, 0.029741214588284492, -0.5643190145492554, 0.04532666131854057, 34082.0, 36194.0, 28182.0, 26757.0, 4.643539905548096, 9.321878433227539
31511, -1.3718370199203491, -0.7141565084457397, 0.039408110082149506, -0.04143276810646057, -0.5621650218963623, 0.041844479739665985, 26985.0, 30592.0, 34071.0, 31297.0, 4.701640605926514, 9.236937522888184
31530, -1.3770952224731445, -0.7191894054412842, 0.04649040848016739, -0.10440715402364731, -0.5563181042671204, 0.08595312386751175, 23019.0, 27265.0, 37097.0, 33298.0, 4.7886176109313965, 9.138434410095215
31552, -1.3833599090576172, -0.7191113829612732, 0.0480688139796257, -0.16324281692504883, -0.4950346052646637, 0.0895279049873352, 23330.0, 28191.0, 35463.0, 29491.0, 4.918573379516602, 8.90550708770752
31570, -1.386916995048523, -0.7185496687889099, 0.058006010949611664, -0.19370292127132416, -0.4609602689743042, 0.16254614293575287, 27227.0, 29423.0, 32383.0, 27740.0, 5.101413726806641, 8.45451545715332
31591, -1.3973771333694458, -0.7169567346572876, 0.06028014048933983, -0.2664349675178528, -0.33721670508384705, 0.13030922412872314, 28020.0, 28991.0, 29263.0, 23925.0, 5.256184101104736, 7.63576602935791
31611, -1.4054970741271973, -0.713341474533081, 0.07054171711206436, -0.31181588768959045, -0.2427608072757721, 0.17504797875881195, 29955.0, 28331.0, 28367.0, 25250.0, 5.344318389892578, 6.4260053634643555
31633, -1.410325527191162, -0.7051517367362976, 0.06985745579004288, -0.33096954226493835, -0.142900750041008, 0.14092831313610077, 26882.0, 26591.0, 28844.0, 24197.0, 5.371474266052246, 4.956516265869141
31652, -1.4175045490264893, -0.6964382529258728, 0.07375381141901016, -0.3522811532020569, -0.030455224215984344, 0.12949751317501068, 26660.0, 27357.0, 29052.0, 26466.0, 5.292686462402344, 3.125962495803833
31670, -1.425813913345337, -0.6891071796417236, 0.07297275960445404, -0.370968759059906, 0.05921218916773796, 0.07333823293447495, 26895.0, 26386.0, 28256.0, 27726.0, 5.183688163757324, 1.396532416343689
31691, -1.436854600906372, -0.670607328414917, 0.07144903391599655, -0.3833693563938141, 0.22179622948169708, 0.006641104351729155, 29568.0, 27436.0, 29559.0, 27334.0, 5.065803527832031, -0.29194456338882446
31711, -1.439156413078308, -0.6636292934417725, 0.07007110863924026, -0.3682892620563507, 0.2684134542942047, -0.01444261521100998, 33004.0, 29540.0, 28319.0, 27817.0, 4.947598457336426, -1.932844638824463
31732, -1.4487204551696777, -0.6400609016418457, 0.06600048393011093, -0.3584071397781372, 0.42790523171424866, -0.06181694567203522, 32115.0, 30390.0, 30434.0, 27607.0, 4.859510898590088, -2.837614059448242
31750, -1.4503686428070068, -0.6292250752449036, 0.06064815819263458, -0.3425308167934418, 0.49779030680656433, -0.1068848967552185, 32908.0, 31794.0, 32464.0, 27754.0, 4.865695953369141, -4.775224208831787
31770, -1.455247163772583, -0.6120976209640503, 0.052728135138750076, -0.31891465187072754, 0.5753181576728821, -0.15969137847423553, 33844.0, 31196.0, 34831.0, 28709.0, 4.937541961669922, -5.7745771408081055
31791, -1.4594714641571045, -0.5902889966964722, 0.049221061170101166, -0.2871960699558258, 0.6778340935707092, -0.1656925231218338, 32896.0, 33161.0, 35849.0, 31780.0, 4.949271202087402, -6.1558966636657715
31811, -1.4624123573303223, -0.5754175782203674, 0.046269696205854416, -0.24884727597236633, 0.6932946443557739, -0.14773644506931305, 36577.0, 33966.0, 35339.0, 28737.0, 5.181737422943115, -6.89712381362915
31830, -1.459302306175232, -0.5726315975189209, 0.06958939880132675, -0.14542102813720703, 0.5553702116012573, 0.06561499834060669, 35510.0, 36351.0, 33719.0, 28971.0, 5.228435039520264, -7.066896438598633
31850, -1.456671953201294, -0.5700936913490295, 0.06745784729719162, -0.10037453472614288, 0.47110775113105774, 0.05837786942720413, 31914.0, 32001.0, 28607.0, 24340.0, 5.414566993713379, -7.598252773284912
31870, -1.4552403688430786, -0.5640580058097839, 0.06436014175415039, -0.03726247698068619, 0.2542475461959839, 0.018608814105391502, 32385.0, 33346.0, 27196.0, 23354.0, 5.477404594421387, -7.231651782989502
31890, -1.4539613723754883, -0.5570163726806641, 0.06160151585936546, -0.005523087456822395, 0.15683001279830933, -0.028444761410355568, 33913.0, 35253.0, 26711.0, 21666.0, 5.395946025848389, -6.550061225891113
31913, -1.4517062902450562, -0.5378849506378174, 0.06365697085857391, 0.03424964100122452, 0.18479815125465393, -0.017692837864160538, 31212.0, 33148.0, 31553.0, 27206.0, 5.142284870147705, -5.695146083831787
31933, -1.4488887786865234, -0.5254755616188049, 0.060607656836509705, 0.07001591473817825, 0.14956465363502502, -0.05442950129508972, 25257.0, 31401.0, 36222.0, 29609.0, 4.810152053833008, -4.902878761291504
31950, -1.4466756582260132, -0.5133126974105835, 0.057311899960041046, 0.09323756396770477, 0.19640383124351501, -0.07794291526079178, 27242.0, 30245.0, 36840.0, 31694.0, 4.459867477416992, -4.075569152832031
31970, -1.443212628364563, -0.4974176287651062, 0.053187400102615356, 0.12676024436950684, 0.21209384500980377, -0.10040070861577988, 31124.0, 32997.0, 35527.0, 31907.0, 4.1891279220581055, -3.2604451179504395
31991, -1.4384126663208008, -0.47674793004989624, 0.04727090895175934, 0.1693943589925766, 0.285719633102417, -0.11620920896530151, 31986.0, 33928.0, 35572.0, 30927.0, 4.107741832733154, -2.6848273277282715
32010, -1.4345252513885498, -0.46832138299942017, 0.04192984476685524, 0.18635942041873932, 0.19633974134922028, -0.1393767148256302, 34939.0, 34556.0, 34283.0, 31298.0, 4.0990166664123535, -2.2099573612213135
32030, -1.432034969329834, -0.45331689715385437, 0.03818904608488083, 0.18285369873046875, 0.18579630553722382, -0.1323319673538208, 36436.0, 35480.0, 33946.0, 30908.0, 4.096056938171387, -1.8378428220748901
32050, -1.4294772148132324, -0.44015759229660034, 0.03809863701462746, 0.1798916757106781, 0.1618417501449585, -0.10158941149711609, 33158.0, 37134.0, 37053.0, 30279.0, 4.070724010467529, -0.532845675945282
32070, -1.4298876523971558, -0.4209071099758148, 0.03912489861249924, 0.13769488036632538, 0.20284898579120636, -0.05502018332481384, 30662.0, 37238.0, 36618.0, 31372.0, 3.935924530029297, 0.5195760130882263
32091, -1.4266324043273926, -0.4078899025917053, 0.041000403463840485, 0.13535022735595703, 0.17268694937229156, -0.020002668723464012, 30289.0, 34932.0, 37197.0, 29221.0, 3.8437399864196777, 1.3909016847610474
32111, -1.4244415760040283, -0.4054684340953827, 0.03994316607713699, 0.13807623088359833, 0.09879998117685318, -0.02808486670255661, 30641.0, 34585.0, 37065.0, 29956.0, 3.7273032665252686, 2.448383331298828
32130, -1.4214993715286255, -0.3861753046512604, 0.04620368406176567, 0.13005857169628143, 0.1461205631494522, 0.041755057871341705, 31981.0, 35442.0, 36106.0, 29173.0, 3.7905845642089844, 3.2765586376190186
32150, -1.4168206453323364, -0.3657371997833252, 0.04305212199687958, 0.14127770066261292, 0.20986446738243103, 0.02465011179447174, 32680.0, 34351.0, 33923.0, 27161.0, 4.023152828216553, 3.8515195846557617
32170, -1.4129016399383545, -0.35879653692245483, 0.05185198411345482, 0.14421530067920685, 0.12407122552394867, 0.07846952974796295, 30267.0, 33623.0, 35561.0, 29706.0, 4.288597583770752, 3.933896780014038
32190, -1.4109827280044556, -0.34419527649879456, 0.05052633583545685, 0.12652316689491272, 0.12251676619052887, 0.05154678225517273, 30091.0, 32749.0, 34013.0, 28377.0, 4.50287389755249, 4.125397682189941
32211, -1.4058393239974976, -0.3328836262226105, 0.0551275834441185, 0.14746546745300293, 0.07027529180049896, 0.06410177797079086, 32046.0, 35755.0, 32736.0, 26773.0, 4.641947269439697, 4.386711597442627
32230, -1.4032673835754395, -0.3245895504951477, 0.05358073487877846, 0.13808852434158325, -0.0019230502657592297, 0.02229645662009716, 33916.0, 35553.0, 32416.0, 28626.0, 4.8096022605896, 4.387171745300293
32250, -1.3996962308883667, -0.31571754813194275, 0.05098036676645279, 0.14238500595092773, -0.05789438635110855, -0.021140599623322487, 35505.0, 36635.0, 30958.0, 26464.0, 4.9814887046813965, 4.441012382507324
32270, -1.396273136138916, -0.3021838963031769, 0.055285174399614334, 0.14581817388534546, -0.0962514877319336, -0.012307160533964634, 34868.0, 35185.0, 35133.0, 28960.0, 5.386748313903809, 4.521450519561768
32290, -1.3942253589630127, -0.28568124771118164, 0.050437863916158676, 0.13550983369350433, -0.10858078300952911, -0.0667787492275238, 31880.0, 31922.0, 38165.0, 31353.0, 5.699709415435791, 4.609302997589111
32310, -1.3905432224273682, -0.276587575674057, 0.05495784059166908, 0.14409223198890686, -0.17688249051570892, -0.04853598400950432, 34560.0, 34492.0, 37999.0, 30601.0, 5.981771945953369, 4.749448776245117
32331, -1.392451286315918, -0.25337547063827515, 0.04962707683444023, 0.094124935567379, -0.1401122659444809, -0.08371873199939728, 38315.0, 37273.0, 35025.0, 27682.0, 6.386502265930176, 4.898172855377197
32350, -1.3942617177963257, -0.23871350288391113, 0.05200888589024544, 0.052576880902051926, -0.19289155304431915, -0.07506097853183746, 35320.0, 36338.0, 38355.0, 30663.0, 6.780433177947998, 5.051084041595459
32370, -1.3941020965576172, -0.21419039368629456, 0.04473657160997391, 0.03688155114650726, -0.14630062878131866, -0.11995231360197067, 34521.0, 35755.0, 39393.0, 30055.0, 7.145279407501221, 5.422905921936035
32390, -1.3958555459976196, -0.18714821338653564, 0.04988357052206993, 0.005836426746100187, -0.12426773458719254, -0.06783964484930038, 36001.0, 36259.0, 40943.0, 31938.0, 7.401494979858398, 5.795649528503418
32411, -1.3944048881530762, -0.15403500199317932, 0.03962242230772972, 0.007589737419039011, -0.0915074422955513, -0.12173714488744736, 37633.0, 35449.0, 39129.0, 29074.0, 7.695642948150635, 5.67423677444458
32431, -1.394444227218628, -0.12460874021053314, 0.04554106667637825, 0.002867738716304302, -0.06776207685470581, -0.06444341689348221, 38466.0, 37933.0, 38479.0, 31595.0, 8.066376686096191, 5.2497878074646
32452, -1.3985002040863037, -0.0902770534157753, 0.03733742609620094, -0.03874518722295761, 0.03314555436372757, -0.12366467714309692, 41146.0, 40466.0, 38311.0, 31339.0, 8.384438514709473, 4.811994552612305
32470, -1.401049017906189, -0.05630313977599144, 0.028462227433919907, -0.06029760465025902, 0.09560555964708328, -0.1668083816766739, 39221.0, 39344.0, 39587.0, 31171.0, 8.601192474365234, 4.8096466064453125
32492, -1.4050323963165283, -0.006651014555245638, 0.03189555183053017, -0.08368995785713196, 0.13289010524749756, -0.11646104604005814, 41058.0, 40384.0, 40497.0, 32576.0, 8.702160835266113, 4.759261131286621
32511, -1.4033516645431519, 0.03791823610663414, 0.024695899337530136, -0.06004519388079643, 0.2808631956577301, -0.16104598343372345, 39457.0, 40165.0, 39777.0, 31757.0, 8.766983985900879, 4.582579135894775
32530, -1.401194453239441, 0.07739896327257156, 0.033422037959098816, -0.02202114462852478, 0.32365521788597107, -0.08301077038049698, 39853.0, 41474.0, 41173.0, 34064.0, 8.784293174743652, 4.030275344848633
32550, -1.4056854248046875, 0.13224288821220398, 0.02622428722679615, -0.05414826050400734, 0.42482998967170715, -0.12227138131856918, 40791.0, 39416.0, 38798.0, 33579.0, 8.731468200683594, 3.4580438137054443
32570, -1.4074721336364746, 0.17761878669261932, 0.033272258937358856, -0.053588561713695526, 0.4809800982475281, -0.06240643560886383, 41200.0, 41431.0, 40092.0, 33617.0, 8.681591033935547, 3.5403265953063965
32591, -1.4081571102142334, 0.2346562147140503, 0.030478795990347862, -0.04016057029366493, 0.5559739470481873, -0.08512917160987854, 40391.0, 41445.0, 40174.0, 32564.0, 8.490242958068848, 3.343531847000122
32611, -1.409554123878479, 0.3021911084651947, 0.03213530033826828, -0.032856475561857224, 0.7094723582267761, -0.07792768627405167, 39985.0, 42088.0, 38490.0, 35751.0, 8.294967651367188, 3.511693239212036
32630, -1.4138673543930054, 0.34992173314094543, 0.029086263850331306, -0.059523824602365494, 0.7420244812965393, -0.060436639934778214, 46232.0, 33888.0, 40734.0, 34830.0, 8.302634239196777, 3.467766761779785
32650, -1.4176383018493652, 0.4251152575016022, 0.038784705102443695, -0.06566017866134644, 0.8610175251960754, 0.04494830220937729, 43438.0, 26085.0, 50143.0, 34085.0, 8.765089988708496, 3.4861671924591064
32670, -1.419934630393982, 0.48724937438964844, 0.043206267058849335, -0.06226183474063873, 0.9842880964279175, 0.027780214324593544, 36736.0, 29177.0, 48746.0, 34409.0, 10.551970481872559, 4.235480785369873
32691, -1.4238921403884888, 0.556203305721283, 0.07373767346143723, -0.07083677500486374, 1.0808497667312622, 0.18203766644001007, 46029.0, 22234.0, 52487.0, 24237.0, 11.382655143737793, 5.2978196144104
32710, -1.430106282234192, 0.6236421465873718, 0.09680303931236267, -0.11125925928354263, 1.1916601657867432, 0.2715177536010742, 47386.0, 33256.0, 45064.0, 21839.0, 12.019411087036133, 6.502512454986572
32731, -1.4356389045715332, 0.6939200162887573, 0.11258508265018463, -0.14260439574718475, 1.3360446691513062, 0.2785801887512207, 41168.0, 33581.0, 41133.0, 19928.0, 12.363506317138672, 7.744865417480469
32750, -1.4429218769073486, 0.7748705744743347, 0.13291707634925842, -0.1816403716802597, 1.482886552810669, 0.2948552370071411, 37349.0, 32497.0, 38118.0, 19995.0, 12.54217529296875, 8.348664283752441
32770, -1.4508651494979858, 0.8671361207962036, 0.1471836268901825, -0.22120170295238495, 1.715306282043457, 0.22903120517730713, 35331.0, 32017.0, 39693.0, 23089.0, 12.643526077270508, 9.802571296691895
32792, -1.4559831619262695, 0.9545981884002686, 0.14687661826610565, -0.22839465737342834, 1.8978716135025024, 0.08507530391216278, 38176.0, 29260.0, 39364.0, 26616.0, 12.657401084899902, 10.669976234436035
32811, -1.4662566184997559, 1.045961856842041, 0.15811052918434143, -0.2860211730003357, 2.0857481956481934, 0.04374547302722931, 39805.0, 33028.0, 39806.0, 31546.0, 12.701251029968262, 11.111700057983398
32830, -1.4752304553985596, 1.1424202919006348, 0.15406806766986847, -0.32111701369285583, 2.2327747344970703, -0.08488597720861435, 38297.0, 37751.0, 38911.0, 31196.0, 12.424280166625977, 11.971474647521973
32850, -1.484633445739746, 1.2443357706069946, 0.16682569682598114, -0.35707974433898926, 2.3968348503112793, -0.05119124799966812, 42278.0, 39850.0, 42857.0, 32352.0, 12.352880477905273, 12.341221809387207
32870, -1.4970239400863647, 1.356022596359253, 0.14659307897090912, -0.4112161695957184, 2.593886375427246, -0.2841712236404419, 43848.0, 37190.0, 43716.0, 29787.0, 12.07530403137207, 13.1317777633667
32890, -1.5026605129241943, 1.432806134223938, 0.15142570436000824, -0.4236367642879486, 2.765378713607788, -0.27616143226623535, 58949.0, 7000.0, 53214.0, 31075.0, 12.581693649291992, 14.157538414001465
32911, -1.516028881072998, 1.5378367900848389, 0.15847758948802948, -0.4839753210544586, 2.8641068935394287, -0.2172248661518097, 56176.0, 7000.0, 58128.0, 23556.0, 19.271333694458008, 14.211029052734375
32931, -1.5284051895141602, 1.6326626539230347, 0.16493314504623413, -0.5346631407737732, 2.966160297393799, -0.12774860858917236, 56977.0, 26811.0, 60294.0, 15404.0, 26.375732421875, 14.814985275268555
32950, -1.541101336479187, 1.7390323877334595, 0.17180664837360382, -0.5617078542709351, 3.018801212310791, -0.06976897269487381, 55411.0, 29242.0, 57148.0, 7000.0, 31.119037628173828, 15.9708833694458
32970, -1.5504298210144043, 1.7861076593399048, 0.1948607861995697, -0.594529926776886, 2.8254637718200684, 0.21661584079265594, 53734.0, 28044.0, 56507.0, 7000.0, 35.01375198364258, 17.59563446044922
32990, -1.5578162670135498, 1.8237454891204834, 0.17912957072257996, -0.59986811876297, 2.592897415161133, 0.09897611290216446, 53089.0, 28682.0, 54860.0, 7000.0, 37.041893005371094, 20.11520004272461
33010, -1.5700609683990479, 1.8633973598480225, 0.19419647753238678, -0.6436614394187927, 2.394038438796997, 0.24119983613491058, 49229.0, 22564.0, 52646.0, 7000.0, 38.22791290283203, 22.55033302307129
33030, -1.5811200141906738, 1.8988124132156372, 0.21169327199459076, -0.6678515076637268, 2.183980703353882, 0.36295709013938904, 50710.0, 30241.0, 53949.0, 7000.0, 38.35023880004883, 24.834217071533203
33050, -1.5791088342666626, 1.924152135848999, 0.18137985467910767, -0.5993444919586182, 1.963131070137024, 0.13619565963745117, 49298.0, 26255.0, 53528.0, 7000.0, 37.980350494384766, 26.319059371948242
33070, -1.5877971649169922, 1.9521623849868774, 0.19190222024917603, -0.607799768447876, 1.7595833539962769, 0.1954156756401062, 49029.0, 33726.0, 53069.0, 7000.0, 36.90956497192383, 27.292613983154297
33090, -1.586243987083435, 1.972127079963684, 0.15652866661548615, -0.5605548024177551, 1.5663325786590576, -0.04623504728078842, 45702.0, 28531.0, 51506.0, 16040.0, 35.680973052978516, 27.485219955444336
33110, -1.591531753540039, 1.9935741424560547, 0.16104619204998016, -0.5535023212432861, 1.3786283731460571, -0.009645887650549412, 49518.0, 30987.0, 53655.0, 28643.0, 34.62834548950195, 26.690176010131836
33130, -1.5908303260803223, 2.0116491317749023, 0.14650031924247742, -0.5190570950508118, 1.2075928449630737, -0.0770045667886734, 50502.0, 32211.0, 51793.0, 28776.0, 33.7765007019043, 25.296987533569336
33150, -1.5981377363204956, 2.023583173751831, 0.1485106498003006, -0.5278218984603882, 1.0157073736190796, -0.042317699640989304, 51591.0, 39369.0, 52017.0, 27942.0, 32.85811996459961, 23.692506790161133
33170, -1.6044775247573853, 2.028313636779785, 0.1514120250940323, -0.5301144123077393, 0.8104915022850037, -0.00625191442668438, 48857.0, 39527.0, 52768.0, 29707.0, 31.488027572631836, 22.54360580444336
33190, -1.6132651567459106, 2.0373244285583496, 0.15252576768398285, -0.5443443655967712, 0.6474645733833313, 0.02212824486196041, 49757.0, 41418.0, 50645.0, 27845.0, 29.93245506286621, 21.709392547607422
33210, -1.6199768781661987, 2.045164108276367, 0.16544625163078308, -0.5449007153511047, 0.4881409704685211, 0.1190505176782608, 49108.0, 43301.0, 50646.0, 26766.0, 28.35543441772461, 21.0386905670166
33230, -1.620690107345581, 2.0490806102752686, 0.16951243579387665, -0.5196547508239746, 0.3392799198627472, 0.14816723763942719, 47570.0, 40400.0, 48572.0, 28343.0, 26.840845108032227, 20.193532943725586
33250, -1.6345361471176147, 2.0504605770111084, 0.1929275095462799, -0.5522648692131042, 0.1861998289823532, 0.27928683161735535, 47582.0, 40012.0, 47183.0, 30462.0, 25.24143409729004, 19.302988052368164
33270, -1.6442463397979736, 2.055403470993042, 0.19895561039447784, -0.5697163939476013, 0.07612163573503494, 0.2946181893348694, 45408.0, 41161.0, 47828.0, 30302.0, 23.740463256835938, 18.53521728515625
33290, -1.6611195802688599, 2.0747642517089844, 0.20601342618465424, -0.6169885993003845, 0.0411127544939518, 0.30872491002082825, 42123.0, 39748.0, 45709.0, 27680.0, 22.16753578186035, 17.849227905273438
33310, -1.687637209892273, 2.104550838470459, 0.24147941172122955, -0.6921701431274414, 0.056028347462415695, 0.4565317928791046, 41786.0, 40397.0, 45361.0, 28057.0, 20.94771385192871, 17.013071060180664
33330, -1.7022998332977295, 2.125606060028076, 0.2514694035053253, -0.7181510329246521, 0.04641243442893028, 0.44955065846443176, 40158.0, 36499.0, 40246.0, 26279.0, 19.750694274902344, 15.935750961303711
33350, -1.7301933765411377, 2.147392511367798, 0.2965526282787323, -0.7842627763748169, 0.050393227487802505, 0.6141983270645142, 39810.0, 35519.0, 39808.0, 28374.0, 18.743330001831055, 14.501368522644043
33370, -1.748948574066162, 2.1743078231811523, 0.3088233172893524, -0.81430983543396, 0.07865247875452042, 0.5794234275817871, 36569.0, 30832.0, 34449.0, 25441.0, 17.623802185058594, 13.168566703796387
33390, -1.7753105163574219, 2.1934213638305664, 0.3507607877254486, -0.8619387149810791, 0.08724521100521088, 0.6931323409080505, 36125.0, 32798.0, 34935.0, 24894.0, 16.56914520263672, 11.672511100769043
33410, -1.7950234413146973, 2.2203989028930664, 0.364023894071579, -0.8834441304206848, 0.12294571846723557, 0.6380506753921509, 31483.0, 30086.0, 32814.0, 20931.0, 15.684239387512207, 9.833130836486816
33430, -1.8211426734924316, 2.2390923500061035, 0.4045107960700989, -0.9184937477111816, 0.1369287073612213, 0.7223617434501648, 33026.0, 29701.0, 31868.0, 24063.0, 14.75127124786377, 8.026182174682617
33450, -1.8429375886917114, 2.2662370204925537, 0.41783246397972107, -0.9364051222801208, 0.17780089378356934, 0.6467748880386353, 29109.0, 27865.0, 29903.0, 20029.0, 13.98974609375, 5.757373332977295
33470, -1.9781385660171509, 2.3249905109405518, 0.45784732699394226, -1.2663486003875732, 0.4960356652736664, 0.03917871043086052, 27939.0, 7000.0, 61017.0, 7000.0, 13.146166801452637, 5.588861465454102
33490, -2.02189564704895, 2.3106257915496826, 0.44761571288108826, -1.1665533781051636, 0.5097166299819946, -0.5006201863288879, 52486.0, 35409.0, 52486.0, 7000.0, 61.0621337890625, 35.396690368652344
33510, -2.044640302658081, 2.315408945083618, 0.4354603588581085, -1.3557775020599365, 0.4090135395526886, -0.7171915173530579, 40210.0, 18897.0, 65535.0, 18897.0, 113.9913330078125, 31.295785903930664
33530, -2.082044839859009, 2.327009916305542, 0.4177594780921936, -1.5915164947509766, 0.3120146691799164, -0.9812694191932678, 62697.0, 49317.0, 62697.0, 7000.0, 156.56216430664062, 15.401324272155762
33550, -2.1097404956817627, 2.3311448097229004, 0.39648279547691345, -1.6154037714004517, 0.10468439757823944, -1.206144094467163, 59139.0, 7000.0, 65535.0, 45106.0, -168.82162475585938, -1.779207706451416
33570, -2.137399911880493, 2.333458662033081, 0.3715701699256897, -1.597881555557251, 0.06666391342878342, -1.424460530281067, 39043.0, 40305.0, 65535.0, 40305.0, -156.15158081054688, -21.94931983947754
33590, -2.1566548347473145, 2.3383944034576416, 0.34675464034080505, -1.562462329864502, 0.06686002016067505, -1.6280875205993652, 41434.0, 31610.0, 65535.0, 31610.0, -143.7042999267578, -42.53598403930664
33610, -2.283451557159424, 2.455875873565674, 0.02783411741256714, -1.7438077926635742, 0.14162078499794006, -3.407405376434326, 46857.0, 22501.0, 65535.0, 30132.0, -114.77735900878906, -62.55387496948242
33630, -2.3306901454925537, 2.5271804332733154, -0.025748373940587044, -1.8412294387817383, 0.35330063104629517, -3.6165008544921875, 65420.0, 44645.0, 59440.0, 13902.0, -60.78900909423828, -67.40978240966797
33650, -2.3477494716644287, 2.560462474822998, 0.003961381036788225, -2.0180444717407227, 0.31931933760643005, -3.361571788787842, 65535.0, 37152.0, 52426.0, 18489.0, -21.395063400268555, -54.597503662109375
33670, -2.381929636001587, 2.5955772399902344, -0.05776980519294739, -2.017587661743164, 0.3828899562358856, -3.6291322708129883, 65535.0, 34465.0, 50277.0, 20111.0, -2.80663800239563, -38.813838958740234
33690, -2.354294776916504, 2.600799083709717, -0.015225067734718323, -1.9910625219345093, 0.08531932532787323, -3.3684728145599365, 65535.0, 32834.0, 48996.0, 20952.0, 5.564204216003418, -18.4575252532959
33710, -2.382864236831665, 2.601802110671997, -0.08459797501564026, -1.9450386762619019, 0.06287695467472076, -3.68599796295166, 65535.0, 29889.0, 46694.0, 22443.0, 14.666491508483887, -1.8997218608856201
33730, -2.427381992340088, 2.6062426567077637, -0.1596972793340683, -1.952209234237671, 0.024459097534418106, -3.998016119003296, 65535.0, 31723.0, 48140.0, 21417.0, 19.14309310913086, 18.915542602539062
33750, -2.4687864780426025, 2.6071457862854004, -0.24191026389598846, -1.9522806406021118, -0.024815259501338005, -4.330409049987793, 65535.0, 38087.0, 53238.0, 17505.0, 24.760257720947266, 40.20302963256836
33770, -2.5014641284942627, 2.6177291870117188, -0.3284420073032379, -1.9358508586883545, -0.03895813599228859, -4.660427570343018, 65535.0, 44522.0, 58544.0, 12595.0, 35.55021286010742, 61.46967697143555
33790, -2.5176308155059814, 2.66807222366333, -0.4117477238178253, -1.8919188976287842, 0.06493428349494934, -4.929781913757324, 62981.0, 49992.0, 62795.0, 7000.0, 81.42117309570312, 78.64576721191406
33810, -2.6987006664276123, 4.479738712310791, 0.17931786179542542, -2.639432907104492, 2.3957958221435547, -0.18808329105377197, 42724.0, 24695.0, 65535.0, 24695.0, 164.912353515625, 70.70146942138672
33830, -2.7511043548583984, 4.528133869171143, 0.17347140610218048, -2.6156251430511475, 2.377683401107788, -0.4237988591194153, 35775.0, 47714.0, 64906.0, 47714.0, -147.26559448242188, 60.45553207397461
33850, -2.8017544746398926, 4.586354732513428, 0.16465000808238983, -2.56416654586792, 2.3397343158721924, -0.6388320326805115, 20628.0, 56850.0, 57958.0, 56850.0, -150.87559509277344, 44.158504486083984
33870, -2.8430352210998535, 4.681434631347656, 0.16013841331005096, -2.487260341644287, 2.338390350341797, -0.7740077376365662, 7000.0, 60713.0, 54717.0, 60713.0, -152.26473999023438, 29.556726455688477
33890, -2.863210439682007, 4.729955673217773, 0.14184072613716125, -2.3583099842071533, 2.2462244033813477, -1.029983401298523, 25773.0, 47537.0, 36211.0, 65535.0, -155.2420196533203, 15.90821361541748
33910, -2.9230258464813232, 4.710779666900635, 0.10086420178413391, -2.3637328147888184, 1.998254656791687, -1.408545970916748, 24026.0, 42351.0, 24026.0, 65535.0, -162.54054260253906, 3.8201441764831543
33930, -2.6443119049072266, 4.555613994598389, 0.012080328539013863, -0.6213449239730835, 0.3366708755493164, -1.7494101524353027, 24157.0, 65535.0, 24157.0, 42424.0, -158.51400756835938, -0.8817926049232483
33950, -2.63598370552063, 4.538381576538086, -0.02677639201283455, -0.06252577155828476, -0.2307296097278595, -1.9781067371368408, 12166.0, 58438.0, 44283.0, 65535.0, -137.323974609375, 16.48883056640625
33970, -2.619933843612671, 4.561890125274658, -0.05294765159487724, 0.0025016856379806995, -0.27720168232917786, -2.111984968185425, 7000.0, 63312.0, 50453.0, 63312.0, -135.58343505859375, 21.631175994873047
33990, -2.478428363800049, 4.593862533569336, -0.07931088656187057, 0.3944060504436493, -0.2926478981971741, -2.266885280609131, 7000.0, 61201.0, 47701.0, 65101.0, -134.44964599609375, 27.111888885498047
34010, -2.357816696166992, 4.606177806854248, -0.12221002578735352, 0.6990000605583191, -0.3379632532596588, -2.516725540161133, 22539.0, 46062.0, 29012.0, 65535.0, -135.07379150390625, 34.898990631103516
34030, -2.269895315170288, 4.594309329986572, -0.17753833532333374, 0.8968126177787781, -0.43912550806999207, -2.813824415206909, 24697.0, 42725.0, 24697.0, 65535.0, -139.16217041015625, 45.62176513671875
34050, -2.20977783203125, 4.555282115936279, -0.24702470004558563, 1.011663556098938, -0.5975552201271057, -3.16489315032959, 24828.0, 42799.0, 24828.0, 65535.0, -150.1671905517578, 58.238773345947266
34070, -2.2312393188476562, 4.627519130706787, -0.288371205329895, 0.8918344974517822, -0.5866110324859619, -3.253023386001587, 24902.0, 42839.0, 24902.0, 65535.0, -178.96002197265625, 69.31336975097656
34090, -2.302360773086548, 4.98900842666626, -0.2595653235912323, 0.5217336416244507, -0.021667608991265297, -2.917215585708618, 38004.0, 53123.0, 17887.0, 65535.0, 130.50396728515625, 67.2921142578125
34110, -2.1563773155212402, 5.345420837402344, -0.1691134124994278, 0.5116078853607178, 0.5339566469192505, -2.339069366455078, 44741.0, 58770.0, 12120.0, 65535.0, 104.15581512451172, 51.2091178894043
34130, -2.116177797317505, 5.75897741317749, -0.2131948173046112, 0.45168647170066833, 1.425429344177246, -2.4980757236480713, 24182.0, 42438.0, 24182.0, 65535.0, 92.5116195678711, 31.924217224121094
34150, -1.9715179204940796, 5.686343669891357, -0.18607760965824127, 0.6183513402938843, 1.063193678855896, -2.041249990463257, 24032.0, 42354.0, 24032.0, 65535.0, 80.38739013671875, 15.426545143127441
34170, -2.0374298095703125, 5.602362632751465, -0.20884384214878082, 0.4523032009601593, 0.7097881436347961, -1.94530189037323, 24112.0, 42399.0, 24112.0, 65535.0, 71.00945281982422, 3.6130564212799072
34190, -1.802112102508545, 5.625468730926514, -0.1498192697763443, 0.668743908405304, 0.633518397808075, -1.2748088836669922, 33239.0, 49543.0, 19206.0, 65535.0, 62.05049514770508, -5.551733016967773
34210, -1.8382468223571777, 5.61651086807251, -0.16249285638332367, 0.5366603136062622, 0.5302429795265198, -1.1704423427581787, 14918.0, 54231.0, 38938.0, 65535.0, 56.47655487060547, -8.233720779418945
34230, -1.6342283487319946, 5.7798285484313965, -0.11027549207210541, 0.6768803596496582, 0.8468919992446899, -0.7893168330192566, 22995.0, 41775.0, 22995.0, 65535.0, 52.54771423339844, -7.762786865234375
34250, -1.6864018440246582, 5.85296630859375, -0.13743051886558533, 0.5462275743484497, 1.0237470865249634, -1.0269811153411865, 22428.0, 41458.0, 22428.0, 65535.0, 31.47393035888672, -15.073385238647461
34270, -1.7317503690719604, 5.9044342041015625, -0.16477486491203308, 0.39265894889831543, 1.1113122701644897, -1.255738377571106, 38382.0, 37604.0, 38382.0, 65535.0, 20.160377502441406, -19.618289947509766
34290, -1.3609917163848877, 6.268191337585449, -0.05357382446527481, 0.7150301933288574, 2.0135698318481445, -0.6039885878562927, 29617.0, 55361.0, 62388.0, 57477.0, 10.263696670532227, -24.76323127746582
34310, -0.5365936756134033, 7.34668493270874, 0.326052188873291, 1.6622238159179688, 3.5296521186828613, 2.381240129470825, 22889.0, 41716.0, 22889.0, 65535.0, 4.507126808166504, -21.34989356994629
34330, -0.5040198564529419, 7.419830799102783, 0.3725733160972595, 1.6334080696105957, 3.695784568786621, 2.287428140640259, 7000.0, 46743.0, 25114.0, 65081.0, 7.847904682159424, -13.126901626586914
34350, -0.4912504255771637, 7.385012626647949, 0.3704177439212799, 1.595205545425415, 3.8357131481170654, 1.7721549272537231, 7000.0, 46118.0, 24724.0, 65535.0, 7.921715259552002, -1.2094626426696777
34370, -0.4378702938556671, 7.462053298950195, 0.4027068018913269, 1.8084744215011597, 3.8502891063690186, 1.6261283159255981, 24321.0, 49700.0, 60246.0, 49700.0, 9.46116828918457, 2.4412100315093994
34390, -0.40930241346359253, 7.538269519805908, 0.43653079867362976, 2.1896629333496094, 3.523953676223755, 1.5884177684783936, 65535.0, 30805.0, 39870.0, 30805.0, 30.492168426513672, -3.7680861949920654
34410, -0.36310142278671265, 7.603654861450195, 0.46804124116897583, 2.476825714111328, 3.1519112586975098, 1.5500327348709106, 41842.0, 22821.0, 65535.0, 22821.0, 38.10435485839844, -10.002492904663086
34430, -0.31824779510498047, 7.664031505584717, 0.4987012445926666, 2.5189411640167236, 3.1051337718963623, 1.4065399169921875, 42058.0, 23297.0, 65535.0, 23297.0, 29.22709083557129, -16.096569061279297
34450, -0.2753339409828186, 7.721203804016113, 0.5273208618164062, 2.5451083183288574, 3.0304081439971924, 1.2550855875015259, 63503.0, 7000.0, 63503.0, 50604.0, 32.90720748901367, -23.196739196777344
34470, -0.22691388428211212, 7.78040075302124, 0.5512766242027283, 2.5410401821136475, 3.023418426513672, 1.070012092590332, 63267.0, 7000.0, 63267.0, 50417.0, 32.402156829833984, -28.359251022338867
34490, -0.17957913875579834, 7.8382649421691895, 0.5720386505126953, 2.5492403507232666, 2.9548499584198, 0.8767290711402893, 63057.0, 7000.0, 63057.0, 50249.0, 29.937910079956055, -33.911033630371094
34510, -0.12722043693065643, 7.893759727478027, 0.5880361795425415, 2.8337764739990234, 2.5491230487823486, 0.7103444337844849, 0.0, 0.0, 0.0, 0.0, 26.688432693481445, -40.60697555541992
34530, -0.06933631747961044, 7.941066265106201, 0.6009433269500732, 3.0721921920776367, 2.3584702014923096, 0.4922647476196289, 0.0, 0.0, 0.0, 0.0, 24.132604598999023, -44.34843826293945
34550, -0.00877139437943697, 7.987307071685791, 0.6094626188278198, 3.126568555831909, 2.341569662094116, 0.2993631064891815, 0.0, 0.0, 0.0, 0.0, 23.070117950439453, -43.50204849243164
34570, 0.05291348323225975, 8.031692504882812, 0.61540287733078, 3.2880032062530518, 2.2078096866607666, 0.1685761660337448, 0.0, 0.0, 0.0, 0.0, 23.624530792236328, -43.14607620239258
34590, 0.11894512176513672, 8.073066711425781, 0.6182665228843689, 3.416785478591919, 2.0293760299682617, 0.02957381121814251, 0.0, 0.0, 0.0, 0.0, 24.50550651550293, -43.3841552734375
34610, 0.1882176697254181, 8.112414360046387, 0.6173617839813232, 3.512723445892334, 1.898110270500183, -0.11742019653320312, 0.0, 0.0, 0.0, 0.0, 23.882570266723633, -43.37742233276367
34630, 0.2598235607147217, 8.148934364318848, 0.6136195659637451, 3.6410927772521973, 1.7554843425750732, -0.2596314549446106, 0.0, 0.0, 0.0, 0.0, 24.037296295166016, -43.55424499511719
34650, 0.333823025226593, 8.182657241821289, 0.6069899201393127, 3.762530565261841, 1.6193519830703735, -0.4054897725582123, 0.0, 0.0, 0.0, 0.0, 24.02507209777832, -43.60546112060547
34670, 0.40814208984375, 8.212352752685547, 0.599393367767334, 3.8712353706359863, 1.476108431816101, -0.5398106575012207, 0.0, 0.0, 0.0, 0.0, 24.004117965698242, -43.681968688964844
34690, 0.48480838537216187, 8.239274024963379, 0.5891240239143372, 3.9895436763763428, 1.3337310552597046, -0.6745871901512146, 0.0, 0.0, 0.0, 0.0, 23.814115524291992, -43.746116638183594
34710, 0.5628467798233032, 8.262913703918457, 0.5773224234580994, 4.105039119720459, 1.1955804824829102, -0.8062143325805664, 0.0, 0.0, 0.0, 0.0, 23.843765258789062, -43.73359680175781
34730, 0.6433739066123962, 8.283848762512207, 0.5628982782363892, 4.213250637054443, 1.051517367362976, -0.9326233863830566, 0.0, 0.0, 0.0, 0.0, 23.765047073364258, -43.736900329589844
34750, 0.7258087992668152, 8.301899909973145, 0.5467220544815063, 4.334229946136475, 0.9126926064491272, -1.060954213142395, 0.0, 0.0, 0.0, 0.0, 23.63330841064453, -43.74728775024414
34770, 0.8086817860603333, 8.316213607788086, 0.5305005311965942, 4.440997123718262, 0.7727887034416199, -1.1791223287582397, 0.0, 0.0, 0.0, 0.0, 23.606887817382812, -43.70698547363281
34790, 0.8987208604812622, 8.33025074005127, 0.5055689215660095, 4.560859680175781, 0.6344671845436096, -1.3151557445526123, 0.0, 0.0, 0.0, 0.0, 23.45861053466797, -43.673362731933594
34810, 0.977462112903595, 8.335338592529297, 0.4984048902988434, 4.652512073516846, 0.4937630593776703