timeTick, stateX, stateY, stateZ, stateVX, stateVY, stateVZ, motor1, motor2, motor3, motor4, yaw, pitch
10221, -1.3470714092254639, -0.2931608557701111, 0.020610492676496506, 0.12576882541179657, -0.10033119469881058, -0.03682688996195793, 0, 0, 0, 0, 0, 0
10243, -1.3453681468963623, -0.294274240732193, 0.01805671490728855, 0.13878542184829712, -0.09671323746442795, -0.04679747670888901, 7000.0, 7000.0, 7000.0, 7000.0, -3.759094715118408, -1.5279147624969482
10262, -1.3447282314300537, -0.2940272092819214, 0.01913408562541008, 0.12708808481693268, -0.06468512862920761, -0.0336829349398613, 7000.0, 7000.0, 7000.0, 7000.0, -3.7764170169830322, -1.7212845087051392
10283, -1.343625783920288, -0.29554393887519836, 0.01690947636961937, 0.1310787945985794, -0.09338748455047607, -0.044294849038124084, 7000.0, 7000.0, 7000.0, 7000.0, -3.730604648590088, -1.9317116737365723
10304, -1.3431899547576904, -0.2956918776035309, 0.01831165701150894, 0.13334913551807404, -0.08927144855260849, -0.02973276562988758, 7000.0, 7000.0, 7000.0, 7000.0, -3.7009356021881104, -2.0814263820648193
10325, -1.3419256210327148, -0.29657819867134094, 0.016509953886270523, 0.14199645817279816, -0.09500933438539505, -0.03933145850896835, 7000.0, 7000.0, 7000.0, 7000.0, -3.710862159729004, -2.0203697681427
10341, -1.3408005237579346, -0.29716113209724426, 0.014822233468294144, 0.14266259968280792, -0.09179539233446121, -0.04567282274365425, 7000.0, 7000.0, 7000.0, 7000.0, -3.7602508068084717, -2.0132696628570557
10363, -1.3405773639678955, -0.29753822088241577, 0.01675180159509182, 0.13055917620658875, -0.08615172654390335, -0.022944966331124306, 7000.0, 7000.0, 7000.0, 7000.0, -3.723776340484619, -2.058837413787842
10383, -1.340118408203125, -0.2976887822151184, 0.015424864366650581, 0.12778133153915405, -0.07970456033945084, -0.029369885101914406, 7000.0, 7000.0, 7000.0, 7000.0, -3.7435522079467773, -1.9951558113098145
10404, -1.3396100997924805, -0.2979568839073181, 0.01700279489159584, 0.12722939252853394, -0.07739047706127167, -0.012282277457416058, 7000.0, 7000.0, 7000.0, 7000.0, -3.740192174911499, -1.9504432678222656
10421, -1.3385764360427856, -0.2985643744468689, 0.015920832753181458, 0.1316685974597931, -0.07724247127771378, -0.018919233232736588, 7000.0, 7000.0, 7000.0, 7000.0, -3.7925024032592773, -1.9682151079177856
10442, -1.3382707834243774, -0.29865896701812744, 0.014182502403855324, 0.1320599764585495, -0.0762534886598587, -0.028523439541459084, 7000.0, 7000.0, 7000.0, 7000.0, -3.7485365867614746, -1.9188110828399658
10462, -1.3398692607879639, -0.29785844683647156, 0.01673789881169796, 0.11002988368272781, -0.06800542771816254, -0.004672829061746597, 7000.0, 7000.0, 7000.0, 7000.0, -3.763120651245117, -1.8683053255081177
10484, -1.339566946029663, -0.2976045310497284, 0.015481309965252876, 0.11185024678707123, -0.06298530101776123, -0.012415650300681591, 7000.0, 7000.0, 7000.0, 7000.0, -3.784547805786133, -1.8689652681350708
10501, -1.338317632675171, -0.2986980676651001, 0.017234869301319122, 0.12237387150526047, -0.07122500985860825, 0.0014232220128178596, 7000.0, 7000.0, 7000.0, 7000.0, -3.7560441493988037, -1.8903582096099854
10523, -1.3374111652374268, -0.2990826666355133, 0.015917394310235977, 0.12853385508060455, -0.07262028008699417, -0.007956061512231827, 7000.0, 7000.0, 7000.0, 7000.0, -3.7650067806243896, -1.8959201574325562
10542, -1.3370232582092285, -0.29918172955513, 0.01468099094927311, 0.13054414093494415, -0.07154954969882965, -0.015668349340558052, 7000.0, 7000.0, 7000.0, 7000.0, -3.7793326377868652, -1.8600553274154663
10562, -1.3378103971481323, -0.29827216267585754, 0.01633310131728649, 0.12035075575113297, -0.062155138701200485, -0.0017047205474227667, 7000.0, 7000.0, 7000.0, 7000.0, -3.78739595413208, -1.8637518882751465
10584, -1.3385744094848633, -0.29834040999412537, 0.014886490069329739, 0.11671213805675507, -0.0659213438630104, -0.011775340884923935, 7000.0, 7000.0, 7000.0, 7000.0, -3.8183932304382324, -1.8426676988601685
10604, -1.3367359638214111, -0.29949307441711426, 0.016675502061843872, 0.12858200073242188, -0.0745520070195198, 0.000978041091002524, 7000.0, 7000.0, 7000.0, 7000.0, -3.8052561283111572, -1.8264949321746826
10621, -1.3378199338912964, -0.2986445128917694, 0.016008080914616585, 0.11860191822052002, -0.06428105384111404, -0.0027928713243454695, 7000.0, 7000.0, 7000.0, 7000.0, -3.826669692993164, -1.9431710243225098
10642, -1.3370286226272583, -0.29882189631462097, 0.014626958407461643, 0.12577880918979645, -0.06659240275621414, -0.013096289709210396, 7000.0, 7000.0, 7000.0, 7000.0, -3.8107736110687256, -1.903529405593872
10664, -1.3376513719558716, -0.2984134256839752, 0.016644805669784546, 0.11852270364761353, -0.062415096908807755, 0.003821243764832616, 7000.0, 7000.0, 7000.0, 7000.0, -3.808698892593384, -1.9128855466842651
10684, -1.3374407291412354, -0.2987266778945923, 0.015863604843616486, 0.11809311807155609, -0.0649741142988205, -0.0025911496486514807, 7000.0, 7000.0, 7000.0, 7000.0, -3.833083152770996, -1.9070743322372437
10704, -1.3373914957046509, -0.29846200346946716, 0.017407197505235672, 0.12025241553783417, -0.06360520422458649, 0.009856998920440674, 7000.0, 7000.0, 7000.0, 7000.0, -3.806438684463501, -1.9049339294433594
10721, -1.338135838508606, -0.297974169254303, 0.01684270240366459, 0.1113523319363594, -0.056594427675008774, 0.004356762859970331, 7000.0, 7000.0, 7000.0, 7000.0, -3.8279130458831787, -1.932503342628479
10743, -1.3374979496002197, -0.2980814576148987, 0.015353871509432793, 0.11682334542274475, -0.06012881547212601, -0.007664203643798828, 7000.0, 7000.0, 7000.0, 7000.0, -3.824449300765991, -1.9311720132827759
10764, -1.3366814851760864, -0.2978539764881134, 0.017310800030827522, 0.12363068759441376, -0.055696818977594376, 0.007236385717988014, 7000.0, 7000.0, 7000.0, 7000.0, -3.8779354095458984, -1.9224821329116821
10784, -1.3372788429260254, -0.2984565198421478, 0.01621084101498127, 0.11648169159889221, -0.06312578171491623, -0.0026764515787363052, 7000.0, 7000.0, 7000.0, 7000.0, -3.8301048278808594, -1.8495872020721436
10804, -1.3378573656082153, -0.29756197333335876, 0.018554870039224625, 0.11330843716859818, -0.05474216118454933, 0.015337632037699223, 7000.0, 7000.0, 7000.0, 7000.0, -3.8043148517608643, -1.8477598428726196
10822, -1.337622046470642, -0.2979573905467987, 0.01793740876019001, 0.1134457141160965, -0.05751940608024597, 0.008752250112593174, 7000.0, 7000.0, 7000.0, 7000.0, -3.794712543487549, -1.8479409217834473
10843, -1.338246464729309, -0.29742148518562317, 0.016344312578439713, 0.10905836522579193, -0.05392550677061081, -0.004036374855786562, 7000.0, 7000.0, 7000.0, 7000.0, -3.7809808254241943, -1.8468666076660156
10862, -1.337607979774475, -0.2978775203227997, 0.01858598180115223, 0.1149907186627388, -0.06149730458855629, 0.011465425603091717, 7000.0, 7000.0, 7000.0, 7000.0, -3.7876503467559814, -1.8391941785812378
10882, -1.3383493423461914, -0.29779714345932007, 0.017348751425743103, 0.10933481156826019, -0.06387954950332642, 0.0007277957629412413, 7000.0, 7000.0, 7000.0, 7000.0, -3.788113594055176, -1.9401403665542603
10901, -1.3373321294784546, -0.2985157072544098, 0.018004128709435463, 0.11894329637289047, -0.07082900404930115, 0.005573074333369732, 7000.0, 7000.0, 7000.0, 7000.0, -3.8229868412017822, -1.971173644065857
10923, -1.3381774425506592, -0.2976667582988739, 0.016730383038520813, 0.1133669763803482, -0.0602547712624073, -0.003581505734473467, 7000.0, 7000.0, 7000.0, 7000.0, -3.8393912315368652, -1.9293774366378784
10943, -1.337538719177246, -0.2976643145084381, 0.01567503996193409, 0.11918427050113678, -0.0600433386862278, -0.010455530136823654, 7000.0, 7000.0, 7000.0, 7000.0, -3.8059518337249756, -1.8891695737838745
10962, -1.3389215469360352, -0.29725977778434753, 0.01673501543700695, 0.109331414103508, -0.05757054686546326, -0.002609042916446924, 7000.0, 7000.0, 7000.0, 7000.0, -3.751856803894043, -1.9421404600143433
10984, -1.337310552597046, -0.2981093227863312, 0.015769828110933304, 0.1211925595998764, -0.06504559516906738, -0.01048427727073431, 7000.0, 7000.0, 7000.0, 7000.0, -3.784722328186035, -1.9172950983047485
11004, -1.3377869129180908, -0.29775524139404297, 0.01731928624212742, 0.11622471362352371, -0.062484268099069595, 0.0022257568780332804, 7000.0, 7000.0, 7000.0, 7000.0, -3.741401195526123, -1.9418771266937256
11024, -1.3367661237716675, -0.3106214702129364, 0.007579882629215717, 0.1357543021440506, -0.4536885619163513, -0.6090822219848633, 7000.0, 7000.0, 7000.0, 7000.0, -3.748922824859619, -1.9425780773162842
11043, -1.3353725671768188, -0.32271766662597656, 0.0014162054285407066, 0.1406080722808838, -0.682128369808197, -0.4331662952899933, 7000.0, 7000.0, 7000.0, 7000.0, 1.1606619358062744, -2.897578001022339
11065, -1.3366384506225586, -0.3257514536380768, 0.01214018277823925, 0.12625813484191895, -0.7098210453987122, -0.21650302410125732, 7000.0, 7000.0, 7000.0, 7000.0, -0.5741891264915466, -3.3264594078063965
11082, -1.3364430665969849, -0.331450492143631, 0.015221705660223961, 0.12667639553546906, -0.6922752857208252, -0.08632577210664749, 7000.0, 7000.0, 7000.0, 7000.0, -1.580258846282959, -3.1966025829315186
11102, -1.336782455444336, -0.33516252040863037, 0.0211342666298151, 0.12151814252138138, -0.6341476440429688, 0.007440072018653154, 7000.0, 7000.0, 7000.0, 7000.0, -2.582659959793091, -2.840642213821411
11124, -1.3349475860595703, -0.3433259427547455, 0.020528018474578857, 0.13444899022579193, -0.6037192344665527, 0.006849439814686775, 7000.0, 7000.0, 7000.0, 7000.0, -3.053136110305786, -2.513664960861206
11143, -1.3352967500686646, -0.34219691157341003, 0.017545612528920174, 0.13446199893951416, -0.5730659365653992, -0.015410047024488449, 7000.0, 7000.0, 7000.0, 7000.0, -3.3536770343780518, -2.3104448318481445
11165, -1.3340957164764404, -0.3435482084751129, 0.02160624973475933, 0.1414898931980133, -0.4845239222049713, 0.015214169397950172, 7000.0, 7000.0, 7000.0, 7000.0, -3.528043031692505, -2.1636810302734375
11182, -1.3356938362121582, -0.3402325510978699, 0.022131269797682762, 0.12881235778331757, -0.43501871824264526, 0.018175547942519188, 7000.0, 7000.0, 7000.0, 7000.0, -3.6522483825683594, -2.075315237045288
11201, -1.3355575799942017, -0.338545024394989, 0.02167639322578907, 0.13130363821983337, -0.3851121962070465, 0.009696138091385365, 7000.0, 7000.0, 7000.0, 7000.0, -3.6928281784057617, -2.0386624336242676
11223, -1.3371939659118652, -0.33426380157470703, 0.02171081304550171, 0.11872860789299011, -0.3251088857650757, 0.006808112375438213, 7000.0, 7000.0, 7000.0, 7000.0, -3.7076361179351807, -1.9816339015960693
11243, -1.3366693258285522, -0.33178043365478516, 0.01979077234864235, 0.12548355758190155, -0.2836470603942871, -0.006302070803940296, 7000.0, 7000.0, 7000.0, 7000.0, -3.7200000286102295, -2.001035451889038
11263, -1.338182806968689, -0.32851484417915344, 0.021955912932753563, 0.11143205314874649, -0.2352169305086136, 0.012805738486349583, 7000.0, 7000.0, 7000.0, 7000.0, -3.788186550140381, -2.0079898834228516
11284, -1.338636875152588, -0.32641783356666565, 0.019557196646928787, 0.108998142182827, -0.2142670750617981, -0.005223155487328768, 7000.0, 7000.0, 7000.0, 7000.0, -3.802701234817505, -1.9587199687957764
11304, -1.3385683298110962, -0.32490074634552, 0.02052556537091732, 0.10940741747617722, -0.1878664195537567, 0.005323681514710188, 7000.0, 7000.0, 7000.0, 7000.0, -3.864973306655884, -2.050307035446167
11323, -1.3376070261001587, -0.32359641790390015, 0.017853805795311928, 0.12058720737695694, -0.1765323281288147, -0.013237113133072853, 7000.0, 7000.0, 7000.0, 7000.0, -3.8252928256988525, -1.9920753240585327
11343, -1.337332844734192, -0.3218943476676941, 0.016903815791010857, 0.12013343721628189, -0.15045766532421112, -0.015356670133769512, 7000.0, 7000.0, 7000.0, 7000.0, -3.8303682804107666, -1.9731981754302979
11362, -1.3363145589828491, -0.3207402229309082, 0.01704302802681923, 0.12903650104999542, -0.14215512573719025, -0.01111933495849371, 7000.0, 7000.0, 7000.0, 7000.0, -3.806912422180176, -1.9200125932693481
11382, -1.3372122049331665, -0.31828147172927856, 0.01552844699472189, 0.12098945677280426, -0.12228995561599731, -0.018011637032032013, 7000.0, 7000.0, 7000.0, 7000.0, -3.856940507888794, -1.9006701707839966
11402, -1.3383121490478516, -0.3156741261482239, 0.017506903037428856, 0.11223077774047852, -0.10586202889680862, -0.00010346130147809163, 7000.0, 7000.0, 7000.0, 7000.0, -3.8151330947875977, -1.8363120555877686
11423, -1.3376734256744385, -0.3145163655281067, 0.01630186103284359, 0.11514101177453995, -0.0935472622513771, -0.006852572783827782, 7000.0, 7000.0, 7000.0, 7000.0, -3.811267614364624, -1.8731818199157715
11443, -1.337526798248291, -0.31240615248680115, 0.015055079013109207, 0.1159914880990982, -0.07739654928445816, -0.014093844220042229, 7000.0, 7000.0, 7000.0, 7000.0, -3.7907137870788574, -1.7999820709228516
11463, -1.3366338014602661, -0.31153908371925354, 0.015809306874871254, 0.12517964839935303, -0.07738480716943741, -0.006945932283997536, 7000.0, 7000.0, 7000.0, 7000.0, -3.7744734287261963, -1.8252078294754028
11484, -1.3369067907333374, -0.3100821077823639, 0.014771371148526669, 0.12118422985076904, -0.07056143879890442, -0.012837262824177742, 7000.0, 7000.0, 7000.0, 7000.0, -3.7864794731140137, -1.8763004541397095
11504, -1.3368951082229614, -0.308359295129776, 0.016728507354855537, 0.12025511264801025, -0.06430578231811523, 0.003319359617307782, 7000.0, 7000.0, 7000.0, 7000.0, -3.824889898300171, -1.8949133157730103
11523, -1.3376306295394897, -0.30671367049217224, 0.015465250238776207, 0.11412232369184494, -0.05926479026675224, -0.005720812361687422, 7000.0, 7000.0, 7000.0, 7000.0, -3.8211209774017334, -1.963135838508606
11543, -1.3365330696105957, -0.30641528964042664, 0.014284416101872921, 0.12197425216436386, -0.061650339514017105, -0.01402741763740778, 7000.0, 7000.0, 7000.0, 7000.0, -3.8163931369781494, -2.0716211795806885
11564, -1.3370792865753174, -0.30422449111938477, 0.017201418057084084, 0.11584900319576263, -0.04862600192427635, 0.009816858917474747, 7000.0, 7000.0, 7000.0, 7000.0, -3.836899518966675, -1.947300910949707
11581, -1.3375962972640991, -0.3042338788509369, 0.015835504978895187, 0.11149980127811432, -0.055525001138448715, -0.001211440423503518, 7000.0, 7000.0, 7000.0, 7000.0, -3.835076332092285, -1.9417591094970703
11602, -1.3380850553512573, -0.30249226093292236, 0.017365720123052597, 0.1131238117814064, -0.046092160046100616, 0.011608603410422802, 7000.0, 7000.0, 7000.0, 7000.0, -3.810577630996704, -1.8922468423843384
11621, -1.3376636505126953, -0.3025009334087372, 0.016511021181941032, 0.11429591476917267, -0.05139515921473503, 0.00268971873447299, 7000.0, 7000.0, 7000.0, 7000.0, -3.8231828212738037, -1.9174615144729614
11643, -1.3380391597747803, -0.29962530732154846, 0.015262903645634651, 0.11240105330944061, -0.027377218008041382, -0.006041040178388357, 7000.0, 7000.0, 7000.0, 7000.0, -3.8238611221313477, -1.8917754888534546
11662, -1.3364449739456177, -0.2997047007083893, 0.01736045442521572, 0.12355701625347137, -0.03420519083738327, 0.008788242936134338, 7000.0, 7000.0, 7000.0, 7000.0, -3.790475606918335, -1.861894965171814
11684, -1.335756778717041, -0.30076220631599426, 0.015177963301539421, 0.12841865420341492, -0.053852930665016174, -0.007004767656326294, 7000.0, 7000.0, 7000.0, 7000.0, -3.822216272354126, -1.8677618503570557
11701, -1.3351354598999023, -0.30052733421325684, 0.0168987475335598, 0.13465262949466705, -0.05297974497079849, 0.0045471773482859135, 7000.0, 7000.0, 7000.0, 7000.0, -3.840400457382202, -1.8051903247833252
11724, -1.335849404335022, -0.29999297857284546, 0.01616762951016426, 0.12568992376327515, -0.05103248357772827, -0.0013718345435336232, 7000.0, 7000.0, 7000.0, 7000.0, -3.8445544242858887, -1.7816739082336426
11745, -1.3370602130889893, -0.2988066077232361, 0.014957932755351067, 0.11572825908660889, -0.04494814574718475, -0.008716491051018238, 7000.0, 7000.0, 7000.0, 7000.0, -3.8155674934387207, -1.7949458360671997
11765, -1.337260365486145, -0.29780176281929016, 0.017380980774760246, 0.1109246164560318, -0.03798605874180794, 0.00907167699187994, 7000.0, 7000.0, 7000.0, 7000.0, -3.817471981048584, -1.8462854623794556
11783, -1.33812415599823, -0.2974822223186493, 0.016067538410425186, 0.10793635994195938, -0.03958522155880928, -0.0019859205931425095, 7000.0, 7000.0, 7000.0, 7000.0, -3.82694673538208, -1.7668819427490234
11802, -1.3389043807983398, -0.2969159185886383, 0.017364196479320526, 0.10377050191164017, -0.041570574045181274, 0.008379190228879452, 7000.0, 7000.0, 7000.0, 7000.0, -3.8257083892822266, -1.8362318277359009
11824, -1.339487075805664, -0.2967824637889862, 0.016557544469833374, 0.09539095312356949, -0.04395751655101776, 0.0007070082938298583, 7000.0, 7000.0, 7000.0, 7000.0, -3.8340747356414795, -1.987570881843567
11843, -1.3396553993225098, -0.29630976915359497, 0.015114622190594673, 0.09604240953922272, -0.04255899786949158, -0.010023030452430248, 7000.0, 7000.0, 7000.0, 7000.0, -3.820202350616455, -1.9220038652420044
11865, -1.3392194509506226, -0.2967056334018707, 0.017129575833678246, 0.10207036137580872, -0.049827005714178085, 0.005055687855929136, 7000.0, 7000.0, 7000.0, 7000.0, -3.8377387523651123, -1.9078835248947144
11884, -1.3389075994491577, -0.2971033453941345, 0.01627826876938343, 0.1038353219628334, -0.0537375882267952, -0.01395791582763195, 7000.0, 7000.0, 7000.0, 7000.0, -3.8647849559783936, -1.9340296983718872
11904, -1.3364405632019043, -0.2995695471763611, 0.01665802299976349, 0.1284182071685791, -0.07827281206846237, -0.0010136037599295378, 7000.0, 7000.0, 7000.0, 7000.0, -3.8192083835601807, -1.8969731330871582
11924, -1.3372489213943481, -0.2985539734363556, 0.015431290492415428, 0.12206251919269562, -0.06609305739402771, -0.008701516315340996, 7000.0, 7000.0, 7000.0, 7000.0, -3.849222421646118, -1.906448245048523
11944, -1.3370120525360107, -0.2981799840927124, 0.014325040392577648, 0.12278782576322556, -0.06334530562162399, -0.018179623410105705, 7000.0, 7000.0, 7000.0, 7000.0, -3.828458786010742, -1.874336838722229
11963, -1.3370636701583862, -0.29863595962524414, 0.01662897691130638, 0.11988551914691925, -0.06731857359409332, -0.0035250133369117975, 7000.0, 7000.0, 7000.0, 7000.0, -3.808773994445801, -1.8771559000015259
11981, -1.3367130756378174, -0.2987101972103119, 0.015356460586190224, 0.12350421398878098, -0.06845486164093018, -0.008941544219851494, 7000.0, 7000.0, 7000.0, 7000.0, -3.809493064880371, -1.8839871883392334
12003, -1.33684504032135, -0.2986587882041931, 0.017680365592241287, 0.12174072116613388, -0.06751206517219543, 0.008285289630293846, 7000.0, 7000.0, 7000.0, 7000.0, -3.7883760929107666, -1.9253188371658325
12024, -1.3361446857452393, -0.2990492284297943, 0.016735311597585678, 0.12669703364372253, -0.07374446839094162, -0.002455128589645028, 7000.0, 7000.0, 7000.0, 7000.0, -3.7779195308685303, -1.886894702911377
12043, -1.338371992111206, -0.2976321280002594, 0.015661250799894333, 0.11088735610246658, -0.06006544828414917, -0.0036676411982625723, 7000.0, 7000.0, 7000.0, 7000.0, -3.736990213394165, -1.8976612091064453
12061, -1.3370307683944702, -0.2983623445034027, 0.017355849966406822, 0.12341318279504776, -0.06868303567171097, 0.004838035441935062, 7000.0, 7000.0, 7000.0, 7000.0, -3.782172679901123, -1.8879331350326538
12082, -1.337094783782959, -0.2984564006328583, 0.016344014555215836, 0.11944767087697983, -0.06986449658870697, -0.004040122963488102, 7000.0, 7000.0, 7000.0, 7000.0, -3.7572786808013916, -1.8871732950210571
12101, -1.3364450931549072, -0.2991034686565399, 0.018176212906837463, 0.12340569496154785, -0.0736674889922142, 0.012066212482750416, 7000.0, 7000.0, 7000.0, 7000.0, -3.783108711242676, -1.836334228515625
12123, -1.3380035161972046, -0.29937803745269775, 0.016982994973659515, 0.11139759421348572, -0.07733020931482315, 0.0006817449466325343, 7000.0, 7000.0, 7000.0, 7000.0, -3.7799489498138428, -1.8588635921478271
12143, -1.3377000093460083, -0.2992621958255768, 0.016058901324868202, 0.11336589604616165, -0.07342284917831421, -0.009171122685074806, 7000.0, 7000.0, 7000.0, 7000.0, -3.769432544708252, -1.9228163957595825
12163, -1.3383188247680664, -0.29937320947647095, 0.01823399029672146, 0.10616705566644669, -0.07104313373565674, 0.012080732733011246, 7000.0, 7000.0, 7000.0, 7000.0, -3.753321409225464, -1.8768024444580078
12182, -1.3372886180877686, -0.2998411953449249, 0.017024323344230652, 0.11694499105215073, -0.07268992811441422, 0.0012815517839044333, 7000.0, 7000.0, 7000.0, 7000.0, -3.775939702987671, -1.827341079711914
12201, -1.339041829109192, -0.29916104674339294, 0.01828109100461006, 0.10095462203025818, -0.06802672892808914, 0.011066545732319355, 7000.0, 7000.0, 7000.0, 7000.0, -3.7690744400024414, -1.8663510084152222
12224, -1.3389205932617188, -0.2993825078010559, 0.0168803371489048, 0.10339676588773727, -0.06844984740018845, -0.002401461824774742, 7000.0, 7000.0, 7000.0, 7000.0, -3.7864274978637695, -1.8728318214416504
12243, -1.3390393257141113, -0.2985216975212097, 0.015554757788777351, 0.10132212191820145, -0.05824015289545059, -0.009566483087837696, 7000.0, 7000.0, 7000.0, 7000.0, -3.760185956954956, -1.846164345741272
12263, -1.3408105373382568, -0.2974071204662323, 0.01844525709748268, 0.08406426757574081, -0.048474833369255066, 0.01184058003127575, 7000.0, 7000.0, 7000.0, 7000.0, -3.7712738513946533, -1.797876238822937
12283, -1.3389201164245605, -0.299839049577713, 0.016373852267861366, 0.10391829907894135, -0.07565885037183762, -0.007974831387400627, 7000.0, 7000.0, 7000.0, 7000.0, -3.7955334186553955, -1.8234339952468872
12301, -1.3403325080871582, -0.2988414764404297, 0.017845606431365013, 0.09256355464458466, -0.06773373484611511, 0.006968844681978226, 7000.0, 7000.0, 7000.0, 7000.0, -3.8325388431549072, -1.826430082321167
12324, -1.339901328086853, -0.2992040812969208, 0.01620425656437874, 0.0968085378408432, -0.07443059980869293, -0.008805660530924797, 7000.0, 7000.0, 7000.0, 7000.0, -3.8494718074798584, -1.7893532514572144
12343, -1.3404041528701782, -0.2984696328639984, 0.015099887736141682, 0.09509707987308502, -0.07016255706548691, -0.016770821064710617, 7000.0, 7000.0, 7000.0, 7000.0, -3.8088018894195557, -1.8240429162979126
12362, -1.3404589891433716, -0.2980569303035736, 0.017213283106684685, 0.0957050696015358, -0.06490551680326462, -0.00019355460244696587, 7000.0, 7000.0, 7000.0, 7000.0, -3.814069986343384, -1.79242742061615
12382, -1.339981198310852, -0.2985593378543854, 0.015898140147328377, 0.1013728678226471, -0.0680367648601532, -0.009529785253107548, 7000.0, 7000.0, 7000.0, 7000.0, -3.8164618015289307, -1.8101065158843994
12401, -1.339216947555542, -0.29910460114479065, 0.016915906220674515, 0.10988777130842209, -0.07602864503860474, -0.002131665125489235, 7000.0, 7000.0, 7000.0, 7000.0, -3.776071071624756, -1.8200435638427734
12422, -1.3391294479370117, -0.299121230840683, 0.015724027529358864, 0.11217042058706284, -0.079424649477005, -0.011581850238144398, 7000.0, 7000.0, 7000.0, 7000.0, -3.806854486465454, -1.9697656631469727
12443, -1.3386999368667603, -0.2988373935222626, 0.014201286248862743, 0.11867581307888031, -0.07510846853256226, -0.01917458139359951, 7000.0, 7000.0, 7000.0, 7000.0, -3.836191415786743, -1.9140485525131226
12462, -1.3371326923370361, -0.29882532358169556, 0.017229726538062096, 0.13095976412296295, -0.07220494002103806, 0.0033028805628418922, 7000.0, 7000.0, 7000.0, 7000.0, -3.846252679824829, -1.947568416595459
12482, -1.3377324342727661, -0.29885992407798767, 0.016351833939552307, 0.1242382824420929, -0.07125501334667206, -0.0034394811373203993, 7000.0, 7000.0, 7000.0, 7000.0, -3.843541383743286, -1.9212819337844849
12502, -1.3365838527679443, -0.3003099858760834, 0.01756707765161991, 0.13385839760303497, -0.08451081812381744, 0.0042140912264585495, 7000.0, 7000.0, 7000.0, 7000.0, -3.7934911251068115, -1.8525285720825195
12523, -1.336681604385376, -0.29984790086746216, 0.016687531024217606, 0.13099317252635956, -0.07905624806880951, -0.002645971952006221, 7000.0, 7000.0, 7000.0, 7000.0, -3.8068039417266846, -1.8856687545776367
12541, -1.3373476266860962, -0.2995380163192749, 0.015572842210531235, 0.1268933266401291, -0.07841258496046066, -0.010330949909985065, 7000.0, 7000.0, 7000.0, 7000.0, -3.8445181846618652, -1.9881606101989746
12562, -1.3484981060028076, -0.29195377230644226, 0.01932036131620407, 0.004578676540404558, -0.008382486179471016, -5.3920652135275304e-05, 7000.0, 7000.0, 7000.0, 7000.0, -3.829188346862793, -2.000413417816162
12584, -1.3483301401138306, -0.2920610308647156, 0.016846442595124245, 0.011417379602789879, -0.011812029406428337, -0.0027502882294356823, 7000.0, 7000.0, 7000.0, 7000.0, -0.7265787124633789, -0.30064183473587036
12602, -1.3480947017669678, -0.2921614348888397, 0.018321862444281578, 0.02470196783542633, -0.012743307277560234, 2.6625777536537498e-05, 7000.0, 7000.0, 7000.0, 7000.0, -1.1690126657485962, -0.5253475308418274
12622, -1.3477057218551636, -0.29188841581344604, 0.016864310950040817, 0.03729470446705818, -0.0021529311779886484, -0.0052165621891617775, 7000.0, 7000.0, 7000.0, 7000.0, -1.4612278938293457, -0.6562021374702454
12641, -1.3472785949707031, -0.29266464710235596, 0.01574297621846199, 0.04299750551581383, -0.02236299030482769, -0.011040296405553818, 7000.0, 7000.0, 7000.0, 7000.0, -1.7532985210418701, -0.807488739490509
12663, -1.3471341133117676, -0.29152029752731323, 0.016929466277360916, 0.04379449039697647, 0.005087831057608128, -0.002051651943475008, 7000.0, 7000.0, 7000.0, 7000.0, -1.9253482818603516, -0.7666376829147339
12682, -1.3463082313537598, -0.2927277684211731, 0.015729036182165146, 0.05647500604391098, -0.02210085093975067, -0.011316890828311443, 7000.0, 7000.0, 7000.0, 7000.0, -2.1316301822662354, -0.658307671546936
12704, -1.3452816009521484, -0.2931673228740692, 0.017223065719008446, 0.07033319026231766, -0.027931546792387962, 0.0019620144739747047, 7000.0, 7000.0, 7000.0, 7000.0, -2.281257390975952, -0.7757047414779663
12723, -1.3472225666046143, -0.2928788959980011, 0.016286375001072884, 0.03714573010802269, -0.022103523835539818, -0.00588979572057724, 7000.0, 7000.0, 7000.0, 7000.0, -2.4045181274414062, -0.8693673610687256
12743, -1.3466435670852661, -0.29329705238342285, 0.01453934982419014, 0.04667869582772255, -0.029033342376351357, -0.019177857786417007, 7000.0, 7000.0, 7000.0, 7000.0, -2.537393569946289, -0.31250253319740295
12761, -1.3446067571640015, -0.2927940785884857, 0.01674293912947178, 0.07414328306913376, -0.020583532750606537, -0.0006285303388722241, 7000.0, 7000.0, 7000.0, 7000.0, -2.621922492980957, -0.3661775588989258
12782, -1.3461170196533203, -0.2940242290496826, 0.015583975240588188, 0.05163620784878731, -0.03641408681869507, -0.008671073243021965, 7000.0, 7000.0, 7000.0, 7000.0, -2.685321092605591, -0.6475658416748047
12801, -1.3462575674057007, -0.29382121562957764, 0.01751858927309513, 0.04943251237273216, -0.03233260288834572, 0.00586222019046545, 7000.0, 7000.0, 7000.0, 7000.0, -2.752253532409668, -0.2305091917514801
12824, -1.3457257747650146, -0.29449400305747986, 0.016150610521435738, 0.0558634027838707, -0.03898942470550537, -0.005403135437518358, 7000.0, 7000.0, 7000.0, 7000.0, -2.8156826496124268, -0.1307414025068283
12843, -1.3457523584365845, -0.29440006613731384, 0.014440182596445084, 0.05526428669691086, -0.037096716463565826, -0.016748668625950813, 7000.0, 7000.0, 7000.0, 7000.0, -2.860921859741211, -0.15144206583499908
12862, -1.3449920415878296, -0.29403460025787354, 0.016481515020132065, 0.06277784705162048, -0.031439851969480515, -0.000525949930306524, 7000.0, 7000.0, 7000.0, 7000.0, -2.9278383255004883, -0.0991009920835495
12882, -1.3455336093902588, -0.2943051755428314, 0.015313214622437954, 0.055861908942461014, -0.03383844345808029, -0.00873296707868576, 7000.0, 7000.0, 7000.0, 7000.0, -2.9597043991088867, -0.09600788354873657
12902, -1.3444744348526, -0.2949882745742798, 0.016552763059735298, 0.06590601801872253, -0.0405045785009861, 0.00039124791510403156, 7000.0, 7000.0, 7000.0, 7000.0, -2.985780954360962, 0.07723025232553482
12922, -1.345376968383789, -0.29438889026641846, 0.01554175280034542, 0.056713856756687164, -0.0334172397851944, -0.006361548788845539, 7000.0, 7000.0, 7000.0, 7000.0, -3.0222723484039307, 0.02802063338458538
12945, -1.3448151350021362, -0.2941848635673523, 0.013835989870131016, 0.059133563190698624, -0.030292442068457603, -0.016036363318562508, 7000.0, 7000.0, 7000.0, 7000.0, -3.046732187271118, 0.1484847217798233
12962, -1.3447370529174805, -0.2950383126735687, 0.016279779374599457, 0.05931468680500984, -0.040612220764160156, 0.0006792975473217666, 7000.0, 7000.0, 7000.0, 7000.0, -3.0848731994628906, 0.21082381904125214
12983, -1.3440521955490112, -0.2957310378551483, 0.015264985151588917, 0.06455026566982269, -0.04633791744709015, -0.007930228486657143, 7000.0, 7000.0, 7000.0, 7000.0, -3.1064987182617188, 0.1916707456111908
13001, -1.3436086177825928, -0.2954972982406616, 0.016560401767492294, 0.06766030192375183, -0.04148087650537491, 0.002583234803751111, 7000.0, 7000.0, 7000.0, 7000.0, -3.1229662895202637, 0.1924545168876648
13021, -1.3427799940109253, -0.2958929240703583, 0.01533080730587244, 0.07418753951787949, -0.04409138485789299, -0.006368475034832954, 7000.0, 7000.0, 7000.0, 7000.0, -3.138807535171509, 0.21372361481189728
13044, -1.3435181379318237, -0.29523923993110657, 0.013910578563809395, 0.06395647674798965, -0.035589806735515594, -0.015317402780056, 7000.0, 7000.0, 7000.0, 7000.0, -3.141862392425537, 0.2019926756620407
13061, -1.3422716856002808, -0.2960941791534424, 0.01609339751303196, 0.07465187460184097, -0.04272044822573662, 0.0017636936390772462, 7000.0, 7000.0, 7000.0, 7000.0, -3.153691530227661, 0.3401668667793274
13084, -1.3432495594024658, -0.29525986313819885, 0.014985905960202217, 0.06305210292339325, -0.03292373940348625, -0.006873721722513437, 7000.0, 7000.0, 7000.0, 7000.0, -3.1576781272888184, 0.2757939100265503
13103, -1.3423185348510742, -0.29607507586479187, 0.017635244876146317, 0.07079659402370453, -0.040235452353954315, 0.011852163821458817, 7000.0, 7000.0, 7000.0, 7000.0, -3.1637048721313477, 0.4211094379425049
13121, -1.3425374031066895, -0.2958068251609802, 0.01635703071951866, 0.06813108175992966, -0.03768683597445488, 0.0016815734561532736, 7000.0, 7000.0, 7000.0, 7000.0, -3.1680924892425537, 0.38196229934692383
13143, -1.3398491144180298, -0.29504773020744324, 0.014593355357646942, 0.09486039727926254, -0.03024379163980484, -0.011189867742359638, 7000.0, 7000.0, 7000.0, 7000.0, -3.1671371459960938, 0.4358942210674286
13162, -1.3395371437072754, -0.3091863989830017, 0.016990138217806816, 0.09456529468297958, -0.2187129557132721, -0.01809530146420002, 7000.0, 7000.0, 7000.0, 7000.0, -3.1897592544555664, 0.20871654152870178
13182, -1.340457797050476, -0.3090721368789673, 0.016326438635587692, 0.08247556537389755, -0.21465103328227997, -0.01763981580734253, 7000.0, 7000.0, 7000.0, 7000.0, -2.7211015224456787, -0.10133466124534607
13202, -1.3403908014297485, -0.30929863452911377, 0.017470549792051315, 0.08043930679559708, -0.21430647373199463, -0.006199214607477188, 7000.0, 7000.0, 7000.0, 7000.0, -2.7637410163879395, 0.040060855448246
13222, -1.3403401374816895, -0.3095763921737671, 0.016460051760077477, 0.0796046033501625, -0.2125653624534607, -0.01173856109380722, 7000.0, 7000.0, 7000.0, 7000.0, -2.803708076477051, 0.08234095573425293
13243, -1.3411893844604492, -0.30646950006484985, 0.016948401927947998, 0.06953351199626923, -0.17669524252414703, -0.002994079375639558, 7000.0, 7000.0, 7000.0, 7000.0, -2.8342297077178955, 0.12356294691562653
13263, -1.3424859046936035, -0.3048896789550781, 0.017810607329010963, 0.05765268951654434, -0.16425557434558868, 0.0033745868131518364, 7000.0, 7000.0, 7000.0, 7000.0, -2.877305507659912, 0.2578446567058563
13282, -1.341225504875183, -0.30750295519828796, 0.016270257532596588, 0.06886841356754303, -0.18294672667980194, -0.00877482257783413, 7000.0, 7000.0, 7000.0, 7000.0, -2.90434193611145, 0.3563952147960663
13302, -1.3406662940979004, -0.3074052333831787, 0.017438801005482674, 0.07369503378868103, -0.1765664517879486, 0.0008395682089030743, 7000.0, 7000.0, 7000.0, 7000.0, -2.9288082122802734, 0.30351051688194275
13322, -1.3412474393844604, -0.30720603466033936, 0.016201693564653397, 0.06728280335664749, -0.17176364362239838, -0.008864667266607285, 7000.0, 7000.0, 7000.0, 7000.0, -2.9581339359283447, 0.2939006984233856
13343, -1.3414963483810425, -0.3054695129394531, 0.014934034086763859, 0.06624315679073334, -0.15224485099315643, -0.01618283800780773, 7000.0, 7000.0, 7000.0, 7000.0, -2.985727071762085, 0.36069533228874207
13361, -1.3413087129592896, -0.30644822120666504, 0.016958612948656082, 0.06650733947753906, -0.15704719722270966, 0.0009327151929028332, 7000.0, 7000.0, 7000.0, 7000.0, -3.021228790283203, 0.3770321011543274
13383, -1.3421940803527832, -0.30626434087753296, 0.015998709946870804, 0.05578115954995155, -0.14996644854545593, -0.005903377663344145, 7000.0, 7000.0, 7000.0, 7000.0, -3.0311999320983887, 0.39137139916419983
13404, -1.3420906066894531, -0.30597516894340515, 0.017272302880883217, 0.05696228891611099, -0.14210310578346252, 0.0043671526946127415, 7000.0, 7000.0, 7000.0, 7000.0, -3.0418202877044678, 0.4859507977962494
13424, -1.3425406217575073, -0.3045859634876251, 0.016167039051651955, 0.05304083228111267, -0.12556050717830658, -0.0041049774736166, 7000.0, 7000.0, 7000.0, 7000.0, -3.063422918319702, 0.5003045797348022
13443, -1.3426566123962402, -0.30420878529548645, 0.014814135618507862, 0.05419478192925453, -0.1256280243396759, -0.01448678970336914, 7000.0, 7000.0, 7000.0, 7000.0, -3.083564519882202, 0.5285875201225281
13463, -1.3434605598449707, -0.30252525210380554, 0.017014870420098305, 0.044751688838005066, -0.10234597325325012, 0.0032459960784763098, 7000.0, 7000.0, 7000.0, 7000.0, -3.102450370788574, 0.5065940618515015
13483, -1.342278003692627, -0.30374565720558167, 0.015373678877949715, 0.0577048733830452, -0.11507450044155121, -0.00976343173533678, 7000.0, 7000.0, 7000.0, 7000.0, -3.116023302078247, 0.6039825081825256
13504, -1.34246027469635, -0.30256009101867676, 0.017428454011678696, 0.056909412145614624, -0.1029897928237915, 0.006494722794741392, 7000.0, 7000.0, 7000.0, 7000.0, -3.134087324142456, 0.5144562125205994
13524, -1.3431499004364014, -0.30160561203956604, 0.016155626624822617, 0.050376854836940765, -0.09361272305250168, -0.0031955295708030462, 7000.0, 7000.0, 7000.0, 7000.0, -3.145048141479492, 0.5351503491401672
13542, -1.3425722122192383, -0.3009963631629944, 0.01517579983919859, 0.055726777762174606, -0.08619076013565063, -0.009640214033424854, 7000.0, 7000.0, 7000.0, 7000.0, -3.1500084400177, 0.5928112268447876
13565, -1.3425942659378052, -0.3009679615497589, 0.01676761731505394, 0.058288004249334335, -0.08931024372577667, 0.0022345026955008507, 7000.0, 7000.0, 7000.0, 7000.0, -3.1633718013763428, 0.5586439371109009
13582, -1.3431143760681152, -0.30075740814208984, 0.015375492163002491, 0.05353980138897896, -0.08816859126091003, -0.008000818081200123, 7000.0, 7000.0, 7000.0, 7000.0, -3.177074432373047, 0.5293833613395691
13602, -1.3433164358139038, -0.30031004548072815, 0.01672995649278164, 0.05163152143359184, -0.08183734118938446, 0.0034288244787603617, 7000.0, 7000.0, 7000.0, 7000.0, -3.183023452758789, 0.5674071311950684
13622, -1.3435032367706299, -0.30029189586639404, 0.015487956814467907, 0.0500614158809185, -0.08238489180803299, -0.006542735267430544, 7000.0, 7000.0, 7000.0, 7000.0, -3.1844842433929443, 0.6076446771621704
13644, -1.3429200649261475, -0.3003042936325073, 0.014419425278902054, 0.055623702704906464, -0.08169003576040268, -0.013007325120270252, 7000.0, 7000.0, 7000.0, 7000.0, -3.185150623321533, 0.6254375576972961
13661, -1.3437551259994507, -0.2993251085281372, 0.016943220049142838, 0.04751608520746231, -0.07195807248353958, 0.006173694971948862, 7000.0, 7000.0, 7000.0, 7000.0, -3.1925628185272217, 0.6025814414024353
13682, -1.3449736833572388, -0.3011310398578644, 0.015577844344079494, 0.03553042188286781, -0.09082549810409546, -0.005130034405738115, 7000.0, 7000.0, 7000.0, 7000.0, -3.2020671367645264, 0.6772423982620239
13702, -1.3447983264923096, -0.3010830581188202, 0.017129087820649147, 0.038588881492614746, -0.0875638872385025, 0.006316134240478277, 7000.0, 7000.0, 7000.0, 7000.0, -3.1930224895477295, 0.7768778204917908
13721, -1.3447250127792358, -0.3010127544403076, 0.01580076478421688, 0.04094020277261734, -0.08650844544172287, -0.003935405984520912, 7000.0, 7000.0, 7000.0, 7000.0, -3.1962382793426514, 0.7746890187263489
13745, -1.345123529434204, -0.2981875538825989, 0.014833949506282806, 0.03681590035557747, -0.05387883633375168, -0.008915072306990623, 7000.0, 7000.0, 7000.0, 7000.0, -3.2029166221618652, 0.7623218297958374
13762, -1.3445405960083008, -0.29885390400886536, 0.016968604177236557, 0.043122000992298126, -0.060465600341558456, 0.005352856125682592, 7000.0, 7000.0, 7000.0, 7000.0, -3.213750123977661, 0.80265212059021
13783, -1.3458757400512695, -0.298788845539093, 0.01574980653822422, 0.030596164986491203, -0.06063086539506912, -0.0044289855286479, 7000.0, 7000.0, 7000.0, 7000.0, -3.214996337890625, 0.7690195441246033
13804, -1.3460693359375, -0.2982729971408844, 0.017855608835816383, 0.031192362308502197, -0.057725369930267334, 0.01245986670255661, 7000.0, 7000.0, 7000.0, 7000.0, -3.218294382095337, 0.8630392551422119
13822, -1.3459804058074951, -0.2985207438468933, 0.016657916828989983, 0.03388478234410286, -0.06066429242491722, 0.002146369544789195, 7000.0, 7000.0, 7000.0, 7000.0, -3.230644464492798, 0.8510131239891052
13841, -1.3458936214447021, -0.2980480194091797, 0.01525920070707798, 0.03651295602321625, -0.05593707039952278, -0.008347074501216412, 7000.0, 7000.0, 7000.0, 7000.0, -3.2369794845581055, 0.8430220484733582
13863, -1.34592604637146, -0.29779309034347534, 0.01713179610669613, 0.037709157913923264, -0.055452559143304825, 0.005278110969811678, 7000.0, 7000.0, 7000.0, 7000.0, -3.2416470050811768, 0.8343861699104309
13882, -1.3454091548919678, -0.29815495014190674, 0.01596914790570736, 0.04298468679189682, -0.05918360874056816, -0.004232699982821941, 7000.0, 7000.0, 7000.0, 7000.0, -3.249985694885254, 0.8197934627532959
13902, -1.3455413579940796, -0.29771608114242554, 0.017332380637526512, 0.04204492270946503, -0.05523369461297989, 0.005599134135991335, 7000.0, 7000.0, 7000.0, 7000.0, -3.2557060718536377, 0.7853634357452393
13924, -1.3454878330230713, -0.29740193486213684, 0.015880398452281952, 0.044171229004859924, -0.05468937009572983, -0.005231502000242472, 7000.0, 7000.0, 7000.0, 7000.0, -3.2601311206817627, 0.7901104092597961
13944, -1.3447871208190918, -0.29652532935142517, 0.014654343947768211, 0.05092715844511986, -0.04471328854560852, -0.012942383997142315, 7000.0, 7000.0, 7000.0, 7000.0, -3.2682535648345947, 0.7795509099960327
13963, -1.3449902534484863, -0.29715004563331604, 0.01607612520456314, 0.047633156180381775, -0.051552146673202515, -0.0024235902819782495, 7000.0, 7000.0, 7000.0, 7000.0, -3.2747678756713867, 0.7460828423500061
13983, -1.344983696937561, -0.29708218574523926, 0.01508122868835926, 0.04596888646483421, -0.05007397383451462, -0.009087084792554379, 7000.0, 7000.0, 7000.0, 7000.0, -3.2735838890075684, 0.7842522263526917
14002, -1.3444987535476685, -0.29692918062210083, 0.01662404276430607, 0.050612449645996094, -0.049093957990407944, 0.0018486141925677657, 7000.0, 7000.0, 7000.0, 7000.0, -3.2718899250030518, 0.8188652396202087
14024, -1.3444076776504517, -0.29729318618774414, 0.015448388643562794, 0.050722815096378326, -0.0530008040368557, -0.006702024955302477, 7000.0, 7000.0, 7000.0, 7000.0, -3.269841432571411, 0.8106676936149597
14041, -1.344696044921875, -0.2962625026702881, 0.014099743217229843, 0.04816017299890518, -0.04347262904047966, -0.014545958489179611, 7000.0, 7000.0, 7000.0, 7000.0, -3.287623643875122, 0.8709700107574463
14063, -1.3457530736923218, -0.3027650713920593, 0.017212988808751106, 0.03885848447680473, -0.1522921770811081, -0.0017103406134992838, 7000.0, 7000.0, 7000.0, 7000.0, -3.293706178665161, 0.8589432835578918
14083, -1.3472665548324585, -0.30271100997924805, 0.01659434661269188, 0.023562952876091003, -0.15078619122505188, -0.005838072393089533, 7000.0, 7000.0, 7000.0, 7000.0, -2.973870277404785, 0.6330773830413818
14105, -1.347515344619751, -0.302094429731369, 0.017644211649894714, 0.02255515195429325, -0.14426608383655548, 0.002483885269612074, 7000.0, 7000.0, 7000.0, 7000.0, -2.993481397628784, 0.7734887003898621
14124, -1.346917986869812, -0.30239006876945496, 0.016666162759065628, 0.03061339072883129, -0.14529339969158173, -0.004858191590756178, 7000.0, 7000.0, 7000.0, 7000.0, -3.0130012035369873, 0.7752462029457092
14144, -1.3464823961257935, -0.30331724882125854, 0.015409749932587147, 0.03609856218099594, -0.1523352414369583, -0.013758827932178974, 7000.0, 7000.0, 7000.0, 7000.0, -3.0293221473693848, 0.7278432250022888
14163, -1.3452041149139404, -0.3041982352733612, 0.017110170796513557, 0.04938671365380287, -0.1589714139699936, -0.0005669601378031075, 7000.0, 7000.0, 7000.0, 7000.0, -3.0413413047790527, 0.7019338011741638
14183, -1.3451107740402222, -0.3034725487232208, 0.016225239261984825, 0.050731927156448364, -0.15047574043273926, -0.0060375225730240345, 7000.0, 7000.0, 7000.0, 7000.0, -3.056990146636963, 0.6048592925071716
14201, -1.344773769378662, -0.3048474192619324, 0.0179307721555233, 0.050059542059898376, -0.15570342540740967, 0.007452668156474829, 7000.0, 7000.0, 7000.0, 7000.0, -3.0661327838897705, 0.5925548672676086
14221, -1.344185471534729, -0.3050791323184967, 0.01672184094786644, 0.05453292280435562, -0.15410712361335754, -0.0028288639150559902, 7000.0, 7000.0, 7000.0, 7000.0, -3.076685905456543, 0.6202751398086548
14244, -1.3437325954437256, -0.30534419417381287, 0.015235829167068005, 0.05803856998682022, -0.15331846475601196, -0.013628746382892132, 7000.0, 7000.0, 7000.0, 7000.0, -3.0890889167785645, 0.6295071840286255
14263, -1.3448601961135864, -0.30316174030303955, 0.01699279248714447, 0.04736335948109627, -0.13281923532485962, 0.0016757170669734478, 7000.0, 7000.0, 7000.0, 7000.0, -3.099937915802002, 0.5666531920433044
14283, -1.3441734313964844, -0.303489089012146, 0.015651004388928413, 0.053981319069862366, -0.13315582275390625, -0.009493175894021988, 7000.0, 7000.0, 7000.0, 7000.0, -3.109035015106201, 0.6424874663352966
14304, -1.3441344499588013, -0.303931325674057, 0.017006969079375267, 0.05246588960289955, -0.13166475296020508, 0.0021129795350134373, 7000.0, 7000.0, 7000.0, 7000.0, -3.1197760105133057, 0.600479006767273
14322, -1.3439429998397827, -0.30405983328819275, 0.01613089069724083, 0.053153615444898605, -0.12908005714416504, -0.003963275346904993, 7000.0, 7000.0, 7000.0, 7000.0, -3.1240830421447754, 0.644372820854187
14343, -1.3438788652420044, -0.3020085096359253, 0.01484267320483923, 0.0541146844625473, -0.10755682736635208, -0.011834867298603058, 7000.0, 7000.0, 7000.0, 7000.0, -3.125467300415039, 0.658231258392334
14363, -1.3443225622177124, -0.30189236998558044, 0.01613817736506462, 0.051002923399209976, -0.1096460372209549, -0.0034012317191809416, 7000.0, 7000.0, 7000.0, 7000.0, -3.136942148208618, 0.6649556159973145
14385, -1.3447078466415405, -0.30207473039627075, 0.015035610646009445, 0.04571228846907616, -0.10902581363916397, -0.01044677197933197, 7000.0, 7000.0, 7000.0, 7000.0, -3.1532108783721924, 0.6708953380584717
14402, -1.3440088033676147, -0.3029511570930481, 0.017492111772298813, 0.05200758948922157, -0.11404060572385788, 0.0070177591405808926, 7000.0, 7000.0, 7000.0, 7000.0, -3.1521875858306885, 0.7311867475509644
14424, -1.3438223600387573, -0.30192387104034424, 0.016162235289812088, 0.05425024777650833, -0.10337039083242416, -0.003076392225921154, 7000.0, 7000.0, 7000.0, 7000.0, -3.1567413806915283, 0.6917694211006165
14442, -1.3435084819793701, -0.30274757742881775, 0.01512102410197258, 0.055133622139692307, -0.10848654806613922, -0.01090084295719862, 7000.0, 7000.0, 7000.0, 7000.0, -3.169858932495117, 0.676499605178833
14461, -1.3432096242904663, -0.3026273548603058, 0.01671924814581871, 0.05756191536784172, -0.10625888407230377, 0.0010616692015901208, 7000.0, 7000.0, 7000.0, 7000.0, -3.178145170211792, 0.6889220476150513
14483, -1.343645691871643, -0.30178210139274597, 0.01583070680499077, 0.05165519565343857, -0.09542978554964066, -0.004469723906368017, 7000.0, 7000.0, 7000.0, 7000.0, -3.1880037784576416, 0.6718122363090515
14503, -1.343185305595398, -0.30251210927963257, 0.017653217539191246, 0.056254029273986816, -0.10148871690034866, 0.008932473137974739, 7000.0, 7000.0, 7000.0, 7000.0, -3.1959946155548096, 0.7339059710502625
14524, -1.3438808917999268, -0.3011023700237274, 0.016381913796067238, 0.049537450075149536, -0.08703427761793137, -0.0013761533191427588, 7000.0, 7000.0, 7000.0, 7000.0, -3.1999034881591797, 0.7169339060783386
14544, -1.343583345413208, -0.3003068268299103, 0.015222501941025257, 0.05173107981681824, -0.07682516425848007, -0.009693147614598274, 7000.0, 7000.0, 7000.0, 7000.0, -3.2033684253692627, 0.7765564918518066
14563, -1.3442025184631348, -0.29986250400543213, 0.01683206483721733, 0.04515114799141884, -0.07409913837909698, 0.0011592090595513582, 7000.0, 7000.0, 7000.0, 7000.0, -3.211442232131958, 0.7645624279975891
14583, -1.3441557884216309, -0.2994067966938019, 0.015531129203736782, 0.04411405697464943, -0.06810508668422699, -0.008508234284818172, 7000.0, 7000.0, 7000.0, 7000.0, -3.212822675704956, 0.7978243827819824
14602, -1.3438996076583862, -0.2995918393135071, 0.017380213364958763, 0.04634404927492142, -0.06946556270122528, 0.0062911733984947205, 7000.0, 7000.0, 7000.0, 7000.0, -3.2205774784088135, 0.8160165548324585
14624, -1.3438297510147095, -0.29959729313850403, 0.015630701556801796, 0.04893191531300545, -0.07129349559545517, -0.007515139412134886, 7000.0, 7000.0, 7000.0, 7000.0, -3.2216694355010986, 0.809509813785553
14644, -1.3445394039154053, -0.2984982430934906, 0.014558497816324234, 0.0405094139277935, -0.05844781920313835, -0.014278685674071312, 7000.0, 7000.0, 7000.0, 7000.0, -3.2226576805114746, 0.7914687395095825
14661, -1.3443490266799927, -0.2985638678073883, 0.017014170065522194, 0.04226531460881233, -0.058578040450811386, 0.004380115307867527, 7000.0, 7000.0, 7000.0, 7000.0, -3.216116428375244, 0.8726927638053894
14681, -1.3436739444732666, -0.29928067326545715, 0.015428207814693451, 0.04987411946058273, -0.06778641790151596, -0.007689181249588728, 7000.0, 7000.0, 7000.0, 7000.0, -3.2130002975463867, 0.8767328858375549
14702, -1.343772053718567, -0.2991713583469391, 0.01723441109061241, 0.048710815608501434, -0.0671112984418869, 0.005870758090168238, 7000.0, 7000.0, 7000.0, 7000.0, -3.219050645828247, 0.8275535106658936
14724, -1.3445847034454346, -0.2981155514717102, 0.01586255244910717, 0.041028864681720734, -0.05780322849750519, -0.004367943853139877, 7000.0, 7000.0, 7000.0, 7000.0, -3.224864959716797, 0.8494814038276672
14741, -1.3435685634613037, -0.298511266708374, 0.01476180087774992, 0.05112189054489136, -0.06100750342011452, -0.011487727053463459, 7000.0, 7000.0, 7000.0, 7000.0, -3.2337708473205566, 0.9090043306350708
14763, -1.3438563346862793, -0.29789847135543823, 0.01637887768447399, 0.04909264296293259, -0.05584920942783356, 0.0006193600711412728, 7000.0, 7000.0, 7000.0, 7000.0, -3.236085891723633, 0.8458699584007263
14783, -1.3442062139511108, -0.297787070274353, 0.015177910216152668, 0.045189883559942245, -0.05447738617658615, -0.008045610040426254, 7000.0, 7000.0, 7000.0, 7000.0, -3.242668390274048, 0.8602471947669983
14802, -1.3444451093673706, -0.2977745532989502, 0.017308952286839485, 0.042106542736291885, -0.05402803421020508, 0.007121313828974962, 7000.0, 7000.0, 7000.0, 7000.0, -3.2397468090057373, 0.9056969881057739
14822, -1.3437310457229614, -0.297932893037796, 0.016287511214613914, 0.049112316220998764, -0.05551533401012421, -0.0012893850216642022, 7000.0, 7000.0, 7000.0, 7000.0, -3.2470757961273193, 0.9318696856498718
14842, -1.343843698501587, -0.29737353324890137, 0.01505129225552082, 0.04799075797200203, -0.05048414692282677, -0.009465290233492851, 7000.0, 7000.0, 7000.0, 7000.0, -3.251146078109741, 0.9119682908058167
14863, -1.3438444137573242, -0.2966119945049286, 0.01695583388209343, 0.05008425563573837, -0.04468153789639473, 0.004491423722356558, 7000.0, 7000.0, 7000.0, 7000.0, -3.253296136856079, 0.9151129722595215
14883, -1.3436318635940552, -0.2976260483264923, 0.015254680998623371, 0.050669241696596146, -0.054780736565589905, -0.008818480186164379, 7000.0, 7000.0, 7000.0, 7000.0, -3.264626979827881, 0.8804874420166016
14902, -1.3439117670059204, -0.2974000573158264, 0.017399048432707787, 0.0474325567483902, -0.05172159522771835, 0.006914074532687664, 7000.0, 7000.0, 7000.0, 7000.0, -3.269563674926758, 0.89251708984375
14922, -1.3441046476364136, -0.2972005009651184, 0.016031619161367416, 0.04568256065249443, -0.04957475885748863, -0.004191436339169741, 7000.0, 7000.0, 7000.0, 7000.0, -3.2743968963623047, 0.9159404039382935
14944, -1.3438242673873901, -0.29740336537361145, 0.014632903039455414, 0.04835435003042221, -0.051177144050598145, -0.01377595029771328, 7000.0, 7000.0, 7000.0, 7000.0, -3.2794132232666016, 0.9250481128692627
14964, -1.3440507650375366, -0.29689180850982666, 0.016679011285305023, 0.04745667427778244, -0.047991786152124405, 0.0020510901231318712, 7000.0, 7000.0, 7000.0, 7000.0, -3.287564992904663, 0.903289258480072
14983, -1.3441543579101562, -0.29686427116394043, 0.01510478463023901, 0.04511471837759018, -0.04616281017661095, -0.009238941594958305, 7000.0, 7000.0, 7000.0, 7000.0, -3.291578769683838, 0.8976556658744812
15001, -1.344153881072998, -0.29686224460601807, 0.017446137964725494, 0.04560282081365585, -0.04671506956219673, 0.008141919039189816, 7000.0, 7000.0, 7000.0, 7000.0, -3.29779314994812, 0.9251507520675659
15024, -1.3441238403320312, -0.29631298780441284, 0.016058461740612984, 0.04637334868311882, -0.0411350391805172, -0.003697451902553439, 7000.0, 7000.0, 7000.0, 7000.0, -3.3030526638031006, 0.9083307981491089
15044, -1.343934178352356, -0.2966129779815674, 0.014715254306793213, 0.04817431420087814, -0.04460635036230087, -0.013132099062204361, 7000.0, 7000.0, 7000.0, 7000.0, -3.3140206336975098, 0.9021115899085999
15064, -1.3416578769683838, -0.29608502984046936, 0.015571404248476028, 0.07038503140211105, -0.03945864737033844, -0.005096256732940674, 7000.0, 7000.0, 7000.0, 7000.0, -3.3165903091430664, 0.8975116610527039
15082, -1.344038486480713, -0.29485955834388733, 0.014732454903423786, 0.04456011578440666, -0.02656702697277069, -0.009832658804953098, 7000.0, 7000.0, 7000.0, 7000.0, -3.3222641944885254, 0.7828846573829651
15102, -1.3433488607406616, -0.29485809803009033, 0.016445353627204895, 0.051580771803855896, -0.027524961158633232, 0.0029843260999768972, 7000.0, 7000.0, 7000.0, 7000.0, -3.3246066570281982, 0.9329766035079956
15122, -1.3437808752059937, -0.29528680443763733, 0.015330146066844463, 0.047042738646268845, -0.03320873901247978, -0.005521960090845823, 7000.0, 7000.0, 7000.0, 7000.0, -3.3278586864471436, 0.880977213382721
15144, -1.3438128232955933, -0.2945455312728882, 0.013887060806155205, 0.048168353736400604, -0.027145642787218094, -0.015293123200535774, 7000.0, 7000.0, 7000.0, 7000.0, -3.325488328933716, 0.9207924008369446
15163, -1.3442150354385376, -0.2942402958869934, 0.01635863445699215, 0.04302273690700531, -0.024866441264748573, 0.002602411201223731, 7000.0, 7000.0, 7000.0, 7000.0, -3.332627534866333, 0.9006831049919128
15181, -1.3435202836990356, -0.2952158451080322, 0.014940420165657997, 0.050687629729509354, -0.035568125545978546, -0.007287527434527874, 7000.0, 7000.0, 7000.0, 7000.0, -3.334521770477295, 0.9651414155960083
15202, -1.3427101373672485, -0.29628899693489075, 0.016679205000400543, 0.05955984443426132, -0.047483738511800766, 0.005550524685531855, 7000.0, 7000.0, 7000.0, 7000.0, -3.341231346130371, 0.9065750241279602
15221, -1.3443317413330078, -0.2950539290904999, 0.01610107347369194, 0.041457705199718475, -0.03287673369050026, 0.0010985479457303882, 7000.0, 7000.0, 7000.0, 7000.0, -3.347384214401245, 0.8261148929595947
15243, -1.3442143201828003, -0.29489922523498535, 0.014890911988914013, 0.04552723839879036, -0.03282920643687248, -0.007563007529824972, 7000.0, 7000.0, 7000.0, 7000.0, -3.3422861099243164, 0.9908455610275269
15261, -1.3439807891845703, -0.29324549436569214, 0.016605444252490997, 0.048160649836063385, -0.016549672931432724, 0.005299968179315329, 7000.0, 7000.0, 7000.0, 7000.0, -3.3535749912261963, 0.9671810865402222
15283, -1.3443938493728638, -0.29346078634262085, 0.015185439959168434, 0.040898554027080536, -0.020487859845161438, -0.005759603343904018, 7000.0, 7000.0, 7000.0, 7000.0, -3.360264301300049, 0.9478246569633484
15302, -1.3439626693725586, -0.2936806082725525, 0.01704174466431141, 0.0470900721848011, -0.023938339203596115, 0.007743837311863899, 7000.0, 7000.0, 7000.0, 7000.0, -3.3673532009124756, 1.002684235572815
15324, -1.344842791557312, -0.29441118240356445, 0.01550859585404396, 0.03872166574001312, -0.031808461993932724, -0.004836766980588436, 7000.0, 7000.0, 7000.0, 7000.0, -3.3692784309387207, 0.9495611190795898
15344, -1.3448494672775269, -0.2942993640899658, 0.014291361905634403, 0.037906281650066376, -0.029201755300164223, -0.012851058505475521, 7000.0, 7000.0, 7000.0, 7000.0, -3.3757736682891846, 0.9973084330558777
15363, -1.3441869020462036, -0.29436060786247253, 0.0165333803743124, 0.04506869986653328, -0.02912750095129013, 0.005319003947079182, 7000.0, 7000.0, 7000.0, 7000.0, -3.3792386054992676, 0.995056688785553
15381, -1.3446376323699951, -0.29439279437065125, 0.01512808445841074, 0.04129583388566971, -0.029885616153478622, -0.0058493539690971375, 7000.0, 7000.0, 7000.0, 7000.0, -3.3809900283813477, 0.9466457962989807
15404, -1.344120979309082, -0.2953324019908905, 0.016679968684911728, 0.04803604632616043, -0.040127504616975784, 0.005780997220426798, 7000.0, 7000.0, 7000.0, 7000.0, -3.3888349533081055, 0.9591896533966064
15423, -1.3442856073379517, -0.2950171232223511, 0.015584743581712246, 0.04676128923892975, -0.03641893342137337, -0.0024167990777641535, 7000.0, 7000.0, 7000.0, 7000.0, -3.3954291343688965, 0.8952353596687317
15444, -1.3439425230026245, -0.29521262645721436, 0.014380302280187607, 0.050075825303792953, -0.03701812028884888, -0.010144258849322796, 7000.0, 7000.0, 7000.0, 7000.0, -3.396350622177124, 0.9172950983047485
15461, -1.344078779220581, -0.29458239674568176, 0.016512807458639145, 0.048814743757247925, -0.0304153673350811, 0.005024282727390528, 7000.0, 7000.0, 7000.0, 7000.0, -3.3929383754730225, 0.9084025025367737
15483, -1.3438297510147095, -0.2958999574184418, 0.01536827627569437, 0.05078938230872154, -0.04173526540398598, -0.003687466960400343, 7000.0, 7000.0, 7000.0, 7000.0, -3.395583391189575, 0.9231565594673157
15501, -1.3433817625045776, -0.2963255047798157, 0.017168261110782623, 0.054862264543771744, -0.04551953077316284, 0.008517507463693619, 7000.0, 7000.0, 7000.0, 7000.0, -3.404341459274292, 0.8464376926422119
15522, -1.3439933061599731, -0.2958883047103882, 0.016247015446424484, 0.04866471514105797, -0.04103207588195801, 0.001679625827819109, 7000.0, 7000.0, 7000.0, 7000.0, -3.4054834842681885, 0.8649575114250183
15544, -1.343664526939392, -0.2954092025756836, 0.014839764684438705, 0.05266537144780159, -0.03605484217405319, -0.007832983508706093, 7000.0, 7000.0, 7000.0, 7000.0, -3.4121758937835693, 0.9179357290267944
15561, -1.3445631265640259, -0.2946993410587311, 0.017365628853440285, 0.043816711753606796, -0.028774293139576912, 0.009964579716324806, 7000.0, 7000.0, 7000.0, 7000.0, -3.4108407497406006, 0.9044666290283203
15583, -1.3435512781143188, -0.2958580553531647, 0.01630173996090889, 0.05207553505897522, -0.038981933146715164, 0.0017599250422790647, 7000.0, 7000.0, 7000.0, 7000.0, -3.4131109714508057, 0.9754536151885986
15601, -1.3432536125183105, -0.295832097530365, 0.017145931720733643, 0.05513526499271393, -0.03853784129023552, 0.00677774241194129, 7000.0, 7000.0, 7000.0, 7000.0, -3.4123687744140625, 0.9861363768577576
15622, -1.3447458744049072, -0.29489681124687195, 0.016044091433286667, 0.04055901989340782, -0.030479734763503075, -0.0016328956698998809, 7000.0, 7000.0, 7000.0, 7000.0, -3.416604995727539, 0.920303463935852
15644, -1.3439522981643677, -0.2946655750274658, 0.014908336102962494, 0.04830218106508255, -0.02676529809832573, -0.009397166781127453, 7000.0, 7000.0, 7000.0, 7000.0, -3.4179153442382812, 1.0203303098678589
15663, -1.3444606065750122, -0.29508018493652344, 0.016101215034723282, 0.041621726006269455, -0.032044973224401474, -6.802820735174464e-06, 7000.0, 7000.0, 7000.0, 7000.0, -3.4214348793029785, 0.9703271389007568
15682, -1.3445295095443726, -0.2953760027885437, 0.014889836311340332, 0.04132852330803871, -0.035225942730903625, -0.009236091747879982, 7000.0, 7000.0, 7000.0, 7000.0, -3.4220902919769287, 1.013885498046875
15703, -1.3441534042358398, -0.29567602276802063, 0.01716974750161171, 0.04492901265621185, -0.03768603876233101, 0.007578415796160698, 7000.0, 7000.0, 7000.0, 7000.0, -3.4239141941070557, 1.0146870613098145
15723, -1.344334363937378, -0.2954966425895691, 0.015874208882451057, 0.04321601986885071, -0.03563971072435379, -0.003732754848897457, 7000.0, 7000.0, 7000.0, 7000.0, -3.4293558597564697, 0.9869697690010071
15742, -1.343720555305481, -0.29591354727745056, 0.014653568156063557, 0.04857848957180977, -0.03864401951432228, -0.012182949110865593, 7000.0, 7000.0, 7000.0, 7000.0, -3.430785655975342, 1.0059354305267334
15766, -1.345223307609558, -0.2946343719959259, 0.016331467777490616, 0.035037923604249954, -0.026494601741433144, 0.00031170391594059765, 7000.0, 7000.0, 7000.0, 7000.0, -3.43265962600708, 0.9736406207084656
15783, -1.3455675840377808, -0.29457905888557434, 0.015488113276660442, 0.03227398917078972, -0.02610662207007408, -0.006138043012470007, 7000.0, 7000.0, 7000.0, 7000.0, -3.438842296600342, 1.0422500371932983
15804, -1.3442082405090332, -0.2949647009372711, 0.017252981662750244, 0.04784241318702698, -0.030676787719130516, 0.008494311012327671, 7000.0, 7000.0, 7000.0, 7000.0, -3.4416544437408447, 1.0432112216949463
15823, -1.3436579704284668, -0.29495030641555786, 0.016161033883690834, 0.05360865220427513, -0.031393107026815414, -0.0006072854157537222, 7000.0, 7000.0, 7000.0, 7000.0, -3.4487199783325195, 0.9240121841430664
15844, -1.3438104391098022, -0.2946184575557709, 0.014805039390921593, 0.0516713447868824, -0.027818188071250916, -0.009578161872923374, 7000.0, 7000.0, 7000.0, 7000.0, -3.4527060985565186, 0.8932597041130066
15861, -1.3442317247390747, -0.29268717765808105, 0.016642797738313675, 0.045631043612957, -0.007493583485484123, 0.0043555973097682, 7000.0, 7000.0, 7000.0, 7000.0, -3.455024003982544, 0.910333514213562
15881, -1.3435558080673218, -0.29403460025787354, 0.015431354753673077, 0.05214882642030716, -0.02285245805978775, -0.0048057944513857365, 7000.0, 7000.0, 7000.0, 7000.0, -3.453986406326294, 0.9726788401603699
15902, -1.3441532850265503, -0.2926476299762726, 0.01769641600549221, 0.04640118405222893, -0.00931438710540533, 0.010786065831780434, 7000.0, 7000.0, 7000.0, 7000.0, -3.459059715270996, 0.91230309009552
15922, -1.3429452180862427, -0.2956802248954773, 0.016340456902980804, 0.05836198106408119, -0.041961945593357086, -0.0006602192879654467, 7000.0, 7000.0, 7000.0, 7000.0, -3.4583840370178223, 0.9676939845085144
15944, -1.3429739475250244, -0.29358434677124023, 0.014969943091273308, 0.05826335400342941, -0.019094817340373993, -0.009330316446721554, 7000.0, 7000.0, 7000.0, 7000.0, -3.4601941108703613, 0.8782865405082703
15963, -1.343050479888916, -0.29494065046310425, 0.017430221661925316, 0.0562298446893692, -0.03483995422720909, 0.007596265058964491, 7000.0, 7000.0, 7000.0, 7000.0, -3.4600086212158203, 0.9050177335739136
15983, -1.3427447080612183, -0.2950633466243744, 0.01623002253472805, 0.05865984410047531, -0.03515944629907608, -0.0017048635054379702, 7000.0, 7000.0, 7000.0, 7000.0, -3.455374002456665, 0.9310383796691895
16005, -1.3437700271606445, -0.2939576804637909, 0.017880843952298164, 0.04513934254646301, -0.021070832386612892, 0.009330915287137032, 7000.0, 7000.0, 7000.0, 7000.0, -3.4519689083099365, 0.9248126745223999
16022, -1.3440834283828735, -0.2955574691295624, 0.016641637310385704, 0.04188469052314758, -0.03769494593143463, -0.0008768864790908992, 7000.0, 7000.0, 7000.0, 7000.0, -3.4529452323913574, 1.0356214046478271
16044, -1.3433489799499512, -0.29520636796951294, 0.01532707642763853, 0.049997955560684204, -0.032328709959983826, -0.01033417321741581, 7000.0, 7000.0, 7000.0, 7000.0, -3.4519224166870117, 1.0511225461959839
16062, -1.3431366682052612, -0.2949133813381195, 0.017089854925870895, 0.050675954669713974, -0.02829650789499283, 0.002975979819893837, 7000.0, 7000.0, 7000.0, 7000.0, -3.459885835647583, 0.9879106879234314
16081, -1.344342589378357, -0.29556819796562195, 0.015794945880770683, 0.03873736038804054, -0.036204710602760315, -0.006065627094358206, 7000.0, 7000.0, 7000.0, 7000.0, -3.4591305255889893, 0.9957018494606018
16101, -1.344211220741272, -0.29562413692474365, 0.017227396368980408, 0.04042378067970276, -0.03526528179645538, 0.006315707694739103, 7000.0, 7000.0, 7000.0, 7000.0, -3.460554361343384, 1.0680757761001587
16125, -1.344175100326538, -0.2955821752548218, 0.015542847104370594, 0.04156177118420601, -0.0330139584839344, -0.007005671039223671, 7000.0, 7000.0, 7000.0, 7000.0, -3.4628918170928955, 1.0520142316818237
16142, -1.343788743019104, -0.2959953844547272, 0.014512733556330204, 0.04567201808094978, -0.037182677537202835, -0.01447020098567009, 7000.0, 7000.0, 7000.0, 7000.0, -3.470346450805664, 1.0371463298797607
16164, -1.3451387882232666, -0.29547131061553955, 0.016485681757330894, 0.03272519260644913, -0.033259179443120956, 0.0014743381179869175, 7000.0, 7000.0, 7000.0, 7000.0, -3.4746925830841064, 0.9911786317825317
16181, -1.3446110486984253, -0.2958960235118866, 0.015542538836598396, 0.03850384056568146, -0.037037402391433716, -0.005915772635489702, 7000.0, 7000.0, 7000.0, 7000.0, -3.4771296977996826, 1.0751233100891113
16202, -1.3451485633850098, -0.2953200936317444, 0.017188915982842445, 0.033836983144283295, -0.030639523640275, 0.006606164388358593, 7000.0, 7000.0, 7000.0, 7000.0, -3.477437973022461, 1.0324370861053467
16222, -1.3449902534484863, -0.29516497254371643, 0.015812737867236137, 0.0363704115152359, -0.029467666521668434, -0.0034893215633928776, 7000.0, 7000.0, 7000.0, 7000.0, -3.479997396469116, 1.0158168077468872
16242, -1.3453329801559448, -0.29386335611343384, 0.014441592618823051, 0.03424236923456192, -0.015853898599743843, -0.012515413574874401, 7000.0, 7000.0, 7000.0, 7000.0, -3.4746925830841064, 1.0473586320877075
16261, -1.3454296588897705, -0.293914258480072, 0.016054902225732803, 0.0351865328848362, -0.017560459673404694, -0.0012993288692086935, 7000.0, 7000.0, 7000.0, 7000.0, -3.4760282039642334, 1.0582492351531982
16281, -1.3456697463989258, -0.29498007893562317, 0.014836926013231277, 0.03344625234603882, -0.02952602691948414, -0.00972914882004261, 7000.0, 7000.0, 7000.0, 7000.0, -3.480614423751831, 1.0392773151397705
16303, -1.3449538946151733, -0.29459378123283386, 0.016713911667466164, 0.04055635631084442, -0.024565162137150764, 0.005299038253724575, 7000.0, 7000.0, 7000.0, 7000.0, -3.4795570373535156, 1.0511927604675293
16322, -1.3447301387786865, -0.2950103282928467, 0.015625014901161194, 0.043198905885219574, -0.029198545962572098, -0.0031117345206439495, 7000.0, 7000.0, 7000.0, 7000.0, -3.4806888103485107, 1.0078970193862915
16344, -1.346192479133606, -0.29356661438941956, 0.014442372135818005, 0.02962677739560604, -0.014845260418951511, -0.010683201253414154, 7000.0, 7000.0, 7000.0, 7000.0, -3.482858180999756, 1.006421446800232
16361, -1.344952940940857, -0.2936095893383026, 0.01600707694888115, 0.04341625049710274, -0.016486993059515953, 0.0014505446888506413, 7000.0, 7000.0, 7000.0, 7000.0, -3.4864284992218018, 1.0872385501861572
16383, -1.345262050628662, -0.2954924702644348, 0.01458785030990839, 0.04071692004799843, -0.0367799773812294, -0.009054137393832207, 7000.0, 7000.0, 7000.0, 7000.0, -3.4909660816192627, 0.9956759214401245
16401, -1.3446906805038452, -0.29601213335990906, 0.017262086272239685, 0.04662393406033516, -0.0406615249812603, 0.0097210593521595, 7000.0, 7000.0, 7000.0, 7000.0, -3.4924652576446533, 0.9975201487541199
16422, -1.3440074920654297, -0.2965342402458191, 0.016052037477493286, 0.05311260372400284, -0.04437107965350151, -0.000181368479388766, 7000.0, 7000.0, 7000.0, 7000.0, -3.492182493209839, 0.9581851959228516
16444, -1.3436635732650757, -0.296005517244339, 0.014731045812368393, 0.05582292750477791, -0.03691685199737549, -0.009747020900249481, 7000.0, 7000.0, 7000.0, 7000.0, -3.488617181777954, 0.920291006565094
16464, -1.3449952602386475, -0.29462912678718567, 0.017582077533006668, 0.03994140028953552, -0.021625898778438568, 0.011417149566113949, 7000.0, 7000.0, 7000.0, 7000.0, -3.485051393508911, 0.9049500823020935
16481, -1.3426384925842285, -0.2970413267612457, 0.0159552413970232, 0.06364782899618149, -0.04662013053894043, -0.0019292958313599229, 7000.0, 7000.0, 7000.0, 7000.0, -3.478940963745117, 1.0385340452194214
16505, -1.3430360555648804, -0.2960822582244873, 0.01783331297338009, 0.05858626216650009, -0.035604238510131836, 0.011155607178807259, 7000.0, 7000.0, 7000.0, 7000.0, -3.477966070175171, 0.8600075840950012
16523, -1.3434010744094849, -0.296306312084198, 0.01660499908030033, 0.053048908710479736, -0.037806764245033264, 0.0007092228624969721, 7000.0, 7000.0, 7000.0, 7000.0, -3.476449728012085, 0.9081474542617798
16545, -1.3430360555648804, -0.295568585395813, 0.015101218596100807, 0.05681142210960388, -0.029718825593590736, -0.01007551047950983, 7000.0, 7000.0, 7000.0, 7000.0, -3.4785380363464355, 0.9465607404708862
16562, -1.3427406549453735, -0.2950621545314789, 0.01749664731323719, 0.05767126753926277, -0.023583613336086273, 0.008391231298446655, 7000.0, 7000.0, 7000.0, 7000.0, -3.483877182006836, 0.9029108285903931
16581, -1.3434176445007324, -0.2949955463409424, 0.016308965161442757, 0.05012071877717972, -0.023307587951421738, -0.0012797279050573707, 7000.0, 7000.0, 7000.0, 7000.0, -3.4853034019470215, 0.914955735206604
16603, -1.3433501720428467, -0.2952482998371124, 0.01816939190030098, 0.05091703683137894, -0.02665838785469532, 0.011860043741762638, 7000.0, 7000.0, 7000.0, 7000.0, -3.4864604473114014, 0.9623391032218933
16621, -1.343623161315918, -0.2958296239376068, 0.01675112172961235, 0.04860652610659599, -0.034181978553533554, 0.00025323027512058616, 7000.0, 7000.0, 7000.0, 7000.0, -3.487849473953247, 0.9735737442970276
16642, -1.3430671691894531, -0.29589152336120605, 0.015290317125618458, 0.054417070001363754, -0.03572278469800949, -0.009397127665579319, 7000.0, 7000.0, 7000.0, 7000.0, -3.490757465362549, 0.9603129029273987
16661, -1.3437526226043701, -0.2942926585674286, 0.01753964088857174, 0.04729052633047104, -0.020065629854798317, 0.00704865250736475, 7000.0, 7000.0, 7000.0, 7000.0, -3.4961137771606445, 0.9131035208702087
16683, -1.3454428911209106, -0.2934826910495758, 0.016430053859949112, 0.03076343424618244, -0.013473878614604473, -0.001237464020960033, 7000.0, 7000.0, 7000.0, 7000.0, -3.495518684387207, 0.9628681540489197
16702, -1.345754861831665, -0.2936727702617645, 0.018248366191983223, 0.0299706868827343, -0.017626740038394928, 0.012005667202174664, 7000.0, 7000.0, 7000.0, 7000.0, -3.5007381439208984, 1.0879132747650146
16721, -1.346125602722168, -0.2932090759277344, 0.017163261771202087, 0.02713269181549549, -0.01409173384308815, 0.001946724602021277, 7000.0, 7000.0, 7000.0, 7000.0, -3.507139205932617, 1.0501437187194824
16744, -1.3454357385635376, -0.3030316233634949, 0.015219864435493946, 0.03678005188703537, -0.15915505588054657, -0.025523988530039787, 7000.0, 7000.0, 7000.0, 7000.0, -3.508415937423706, 1.0709049701690674
16765, -1.3454035520553589, -0.3029641807079315, 0.018013186752796173, 0.037423279136419296, -0.161891907453537, -0.003652544692158699, 7000.0, 7000.0, 7000.0, 7000.0, -3.1507320404052734, 0.6844967603683472
16782, -1.3446533679962158, -0.3037063777446747, 0.016520515084266663, 0.045444998890161514, -0.16732348501682281, -0.01279542688280344, 7000.0, 7000.0, 7000.0, 7000.0, -3.1599979400634766, 0.6753429174423218
16802, -1.344550371170044, -0.30365094542503357, 0.01767481118440628, 0.04663170874118805, -0.1644856333732605, -0.0029096677899360657, 7000.0, 7000.0, 7000.0, 7000.0, -3.1703438758850098, 0.6133437752723694
16822, -1.3469332456588745, -0.2993292808532715, 0.01821068674325943, 0.02088533528149128, -0.1156545951962471, 0.004520701244473457, 7000.0, 7000.0, 7000.0, 7000.0, -3.1853437423706055, 0.5991125702857971
16844, -1.3461114168167114, -0.29958227276802063, 0.016532497480511665, 0.03204317018389702, -0.12011512368917465, -0.008861050941050053, 7000.0, 7000.0, 7000.0, 7000.0, -3.198274612426758, 0.8110572695732117
16863, -1.3447837829589844, -0.3018030524253845, 0.01801033318042755, 0.046643778681755066, -0.14081968367099762, 0.0014093712670728564, 7000.0, 7000.0, 7000.0, 7000.0, -3.2128357887268066, 0.7246673107147217
16883, -1.347158670425415, -0.29993024468421936, 0.017103662714362144, 0.02160213328897953, -0.12026654183864594, -0.004088692367076874, 7000.0, 7000.0, 7000.0, 7000.0, -3.2168490886688232, 0.6362987160682678
16903, -1.3470863103866577, -0.2994448244571686, 0.018133947625756264, 0.023977505043148994, -0.11454509943723679, 0.004263617563992739, 7000.0, 7000.0, 7000.0, 7000.0, -3.222728729248047, 0.821777880191803
16923, -1.34633207321167, -0.3007117509841919, 0.016825763508677483, 0.03259123116731644, -0.12333369255065918, -0.00624550087377429, 7000.0, 7000.0, 7000.0, 7000.0, -3.2280476093292236, 0.8060290217399597
16944, -1.345700979232788, -0.30108025670051575, 0.015304746106266975, 0.040083546191453934, -0.12497828900814056, -0.01695246808230877, 7000.0, 7000.0, 7000.0, 7000.0, -3.2357335090637207, 0.7556639313697815
16964, -1.3450566530227661, -0.30079999566078186, 0.017071301117539406, 0.04707425832748413, -0.12036910653114319, -0.003863381687551737, 7000.0, 7000.0, 7000.0, 7000.0, -3.245570182800293, 0.7036553025245667
16983, -1.344954490661621, -0.2996295690536499, 0.01588577777147293, 0.04982505738735199, -0.11002277582883835, -0.011433630250394344, 7000.0, 7000.0, 7000.0, 7000.0, -3.259692668914795, 0.6529465913772583
17003, -1.344340205192566, -0.29978203773498535, 0.01713797263801098, 0.05632192641496658, -0.1092645525932312, 0.0001296042464673519, 7000.0, 7000.0, 7000.0, 7000.0, -3.2697203159332275, 0.6259347796440125
17022, -1.3450241088867188, -0.3006037771701813, 0.016333535313606262, 0.04598931595683098, -0.11311592161655426, -0.006246339995414019, 7000.0, 7000.0, 7000.0, 7000.0, -3.2783613204956055, 0.5886870622634888
17044, -1.3449182510375977, -0.2999648153781891, 0.01502071414142847, 0.04716425761580467, -0.10500892996788025, -0.015089254826307297, 7000.0, 7000.0, 7000.0, 7000.0, -3.2755134105682373, 0.685107409954071
17064, -1.3467788696289062, -0.2994638681411743, 0.01765424571931362, 0.027410496026277542, -0.09540202468633652, 0.004806159064173698, 7000.0, 7000.0, 7000.0, 7000.0, -3.286001682281494, 0.6795047521591187
17083, -1.3473986387252808, -0.29861199855804443, 0.016634531319141388, 0.022516271099448204, -0.0889257937669754, -0.0029029969591647387, 7000.0, 7000.0, 7000.0, 7000.0, -3.2705135345458984, 0.8630232810974121
17103, -1.346733808517456, -0.2987954616546631, 0.018574340268969536, 0.03128445893526077, -0.08901400864124298, 0.010438071563839912, 7000.0, 7000.0, 7000.0, 7000.0, -3.2774767875671387, 0.8919526934623718
17122, -1.344955563545227, -0.3005068004131317, 0.016956781968474388, 0.049985699355602264, -0.10470645874738693, -0.0032871682196855545, 7000.0, 7000.0, 7000.0, 7000.0, -3.2833335399627686, 0.8352524042129517
17142, -1.3443313837051392, -0.3005199134349823, 0.015559276565909386, 0.05522795394062996, -0.10283865034580231, -0.012403160333633423, 7000.0, 7000.0, 7000.0, 7000.0, -3.2937116622924805, 0.6862123608589172
17162, -1.3441787958145142, -0.30070874094963074, 0.017073001712560654, 0.055581118911504745, -0.10208000987768173, -0.0005358709022402763, 7000.0, 7000.0, 7000.0, 7000.0, -3.299206256866455, 0.6588767170906067
17183, -1.345170497894287, -0.29956138134002686, 0.015759417787194252, 0.045299872756004333, -0.08948801457881927, -0.009205429814755917, 7000.0, 7000.0, 7000.0, 7000.0, -3.2978243827819824, 0.684370219707489
17203, -1.3453668355941772, -0.2987980842590332, 0.01649179309606552, 0.04341480880975723, -0.08085693418979645, -0.0025539901107549667, 7000.0, 7000.0, 7000.0, 7000.0, -3.301331043243408, 0.7752370834350586
17223, -1.344529390335083, -0.29939717054367065, 0.015239113010466099, 0.05121130496263504, -0.08476768434047699, -0.01163440104573965, 7000.0, 7000.0, 7000.0, 7000.0, -3.2997522354125977, 0.7835642695426941
17245, -1.3452221155166626, -0.2980380654335022, 0.014220314100384712, 0.04218344762921333, -0.06789529323577881, -0.0168528500944376, 7000.0, 7000.0, 7000.0, 7000.0, -3.3031699657440186, 0.7410621047019958
17265, -1.3446130752563477, -0.29908183217048645, 0.015383848920464516, 0.048604533076286316, -0.07974528521299362, -0.007183483801782131, 7000.0, 7000.0, 7000.0, 7000.0, -3.3065099716186523, 0.8188779950141907
17283, -1.3442926406860352, -0.2990463376045227, 0.014231527224183083, 0.051514264196157455, -0.07784449309110641, -0.0151099544018507, 7000.0, 7000.0, 7000.0, 7000.0, -3.3164801597595215, 0.7827118039131165
17304, -1.344221591949463, -0.29936861991882324, 0.016068261116743088, 0.05015642195940018, -0.07873260229825974, -5.6717966799624264e-05, 7000.0, 7000.0, 7000.0, 7000.0, -3.320598840713501, 0.7710139751434326
17323, -1.3436825275421143, -0.29954347014427185, 0.014901774004101753, 0.055020201951265335, -0.07867439836263657, -0.00858235638588667, 7000.0, 7000.0, 7000.0, 7000.0, -3.3206043243408203, 0.7906563878059387
17345, -1.3436850309371948, -0.2985071539878845, 0.013736586086452007, 0.05417994409799576, -0.0662030279636383, -0.015566735528409481, 7000.0, 7000.0, 7000.0, 7000.0, -3.320608377456665, 0.7633326053619385
17364, -1.3442234992980957, -0.29848986864089966, 0.0162910558283329, 0.04705073684453964, -0.06374417245388031, 0.003984424285590649, 7000.0, 7000.0, 7000.0, 7000.0, -3.315566301345825, 0.7852495908737183
17381, -1.343788743019104, -0.2992771863937378, 0.014967643655836582, 0.051543228328228, -0.07165524363517761, -0.006626513320952654, 7000.0, 7000.0, 7000.0, 7000.0, -3.3178751468658447, 0.8548591732978821
17403, -1.3440824747085571, -0.2985335886478424, 0.01638612523674965, 0.04837723821401596, -0.06420735269784927, 0.004170508589595556, 7000.0, 7000.0, 7000.0, 7000.0, -3.327270030975342, 0.8230797052383423
17423, -1.3433623313903809, -0.29883718490600586, 0.015369029715657234, 0.055166538804769516, -0.0672178864479065, -0.0030778918880969286, 7000.0, 7000.0, 7000.0, 7000.0, -3.334259510040283, 0.8443822860717773
17442, -1.3434597253799438, -0.30641478300094604, 0.014272998087108135, 0.05441936105489731, -0.1810646504163742, -0.022000933066010475, 7000.0, 7000.0, 7000.0, 7000.0, -3.3458526134490967, 0.8607756495475769
17464, -1.3438096046447754, -0.30517521500587463, 0.016890496015548706, 0.05081845447421074, -0.16955889761447906, 0.0013116919435560703, 7000.0, 7000.0, 7000.0, 7000.0, -3.0450823307037354, 0.5229544639587402
17483, -1.343747615814209, -0.3054504096508026, 0.016449948772788048, 0.05001305788755417, -0.1674138903617859, -0.0010899988701567054, 7000.0, 7000.0, 7000.0, 7000.0, -3.060149669647217, 0.5496181845664978
17501, -1.344670295715332, -0.30475324392318726, 0.018268752843141556, 0.04138188436627388, -0.1640828549861908, 0.0131308538839221, 7000.0, 7000.0, 7000.0, 7000.0, -3.071281671524048, 0.5715522766113281
17523, -1.3435651063919067, -0.3064238429069519, 0.01719014346599579, 0.051979318261146545, -0.17290501296520233, 0.0016327177872881293, 7000.0, 7000.0, 7000.0, 7000.0, -3.0864639282226562, 0.6276606321334839
17544, -1.3437894582748413, -0.3039780259132385, 0.016402317211031914, 0.050544820725917816, -0.14805658161640167, -0.002417777432128787, 7000.0, 7000.0, 7000.0, 7000.0, -3.100121259689331, 0.5739555954933167
17562, -1.343644142150879, -0.304919570684433, 0.018650203943252563, 0.050565898418426514, -0.1533498764038086, 0.013214807957410812, 7000.0, 7000.0, 7000.0, 7000.0, -3.123398542404175, 0.5786972641944885
17584, -1.344419240951538, -0.3051750957965851, 0.01731736771762371, 0.04154758155345917, -0.1525212675333023, 0.0017716946313157678, 7000.0, 7000.0, 7000.0, 7000.0, -3.132166624069214, 0.5927354693412781
17604, -1.3437162637710571, -0.3053761124610901, 0.01850615255534649, 0.048318490386009216, -0.1457686573266983, 0.01030772551894188, 7000.0, 7000.0, 7000.0, 7000.0, -3.1416780948638916, 0.6542414426803589
17623, -1.3435829877853394, -0.3049883246421814, 0.01722857356071472, 0.0504971519112587, -0.14394845068454742, -0.0007739965803921223, 7000.0, 7000.0, 7000.0, 7000.0, -3.151836395263672, 0.6281738877296448
17643, -1.3432844877243042, -0.30493399500846863, 0.016194649040699005, 0.052739467471838, -0.13935334980487823, -0.008159694261848927, 7000.0, 7000.0, 7000.0, 7000.0, -3.170391082763672, 0.5931710600852966
17664, -1.3426613807678223, -0.3043554127216339, 0.017525319010019302, 0.06199328601360321, -0.13451141119003296, 0.0013310102513059974, 37655.0, 36464.0, 29703.0, 30894.0, -3.179896354675293, 0.5879471898078918
17684, -1.3439141511917114, -0.3045371472835541, 0.016348429024219513, 0.036090005189180374, -0.13053716719150543, -0.003726054448634386, 37203.0, 38695.0, 29606.0, 28061.0, -3.1896965503692627, 0.5133861899375916
17701, -1.3440243005752563, -0.30303284525871277, 0.018379047513008118, 0.03366617113351822, -0.1174396276473999, 0.014997980557382107, 38668.0, 37400.0, 29848.0, 31468.0, -3.2084569931030273, 0.6901483535766602
17722, -1.3442635536193848, -0.30230897665023804, 0.0174061618745327, 0.025832045823335648, -0.10954757034778595, 0.010010374709963799, 37855.0, 38657.0, 32395.0, 31323.0, -3.2275466918945312, 0.6588724255561829
17744, -1.344319224357605, -0.3027554750442505, 0.016026532277464867, 0.017600465565919876, -0.11101146787405014, -0.0006351901683956385, 37984.0, 38851.0, 32819.0, 30680.0, -3.224869728088379, 0.6812903881072998
17762, -1.344430685043335, -0.31292834877967834, 0.01870673894882202, 0.013887562789022923, -0.27201130986213684, 0.000734374625608325, 37118.0, 38255.0, 34295.0, 33224.0, -3.223447561264038, 0.6446702480316162
17784, -1.3441449403762817, -0.31265541911125183, 0.019268706440925598, 0.017837148159742355, -0.29757753014564514, -0.0007168989977799356, 43232.0, 41743.0, 27091.0, 28987.0, -2.7848591804504395, 0.21964184939861298
17803, -1.344459891319275, -0.3124271035194397, 0.020378073677420616, 0.011196257546544075, -0.2891881763935089, 0.020412627607584, 41552.0, 37373.0, 33162.0, 31074.0, -2.6415882110595703, -0.1053466722369194
17822, -1.345841407775879, -0.31074342131614685, 0.02162966877222061, -0.00444595143198967, -0.26484447717666626, 0.054689645767211914, 38367.0, 38096.0, 33526.0, 32021.0, -2.62837290763855, -0.14695709943771362
17842, -1.3464504480361938, -0.3100310266017914, 0.02196451649069786, -0.00873815082013607, -0.24691034853458405, 0.06328540295362473, 34547.0, 32199.0, 36867.0, 35839.0, -2.5785305500030518, -0.14497151970863342
17864, -1.3475080728530884, -0.3045421242713928, 0.023413600400090218, -0.017117977142333984, -0.17356005311012268, 0.07778944820165634, 34375.0, 31187.0, 35587.0, 37455.0, -2.5306286811828613, -0.22851639986038208
17881, -1.3481025695800781, -0.3038601279258728, 0.0241146981716156, -0.01875625178217888, -0.14770002663135529, 0.07482964545488358, 33267.0, 32709.0, 34236.0, 37077.0, -2.5732741355895996, -0.4306987524032593
17903, -1.3478537797927856, -0.2946731150150299, 0.02279684506356716, -0.010032691061496735, -0.038010310381650925, 0.047045860439538956, 34212.0, 32410.0, 31192.0, 38990.0, -2.7739062309265137, -0.7259795665740967
17923, -1.3477756977081299, -0.2885507047176361, 0.02205805294215679, -0.0027270433492958546, 0.03398105874657631, 0.020200327038764954, 34654.0, 31987.0, 27482.0, 43584.0, -3.3127691745758057, -1.2834455966949463
17944, -1.3476238250732422, -0.28091296553611755, 0.02024345099925995, 0.005799377802759409, 0.1117016077041626, -0.014041952788829803, 32220.0, 31358.0, 30140.0, 46202.0, -4.115118503570557, -2.066695213317871
17964, -1.3471527099609375, -0.27270686626434326, 0.01933038979768753, 0.01888139359652996, 0.18774865567684174, -0.035899411886930466, 32954.0, 35346.0, 25745.0, 47392.0, -5.000638008117676, -2.7976346015930176
17982, -1.3466107845306396, -0.2638954520225525, 0.016440218314528465, 0.03398849815130234, 0.2538771629333496, -0.06389355659484863, 29227.0, 34317.0, 26504.0, 51838.0, -6.1044392585754395, -3.4826762676239014
18004, -1.3462837934494019, -0.25629922747612, 0.017004696652293205, 0.04248306155204773, 0.3230876624584198, -0.06185807287693024, 7000.0, 50259.0, 7000.0, 63227.0, -7.732056140899658, -4.137608051300049
18023, -1.346496343612671, -0.24664409458637238, 0.013496159575879574, 0.04765034094452858, 0.3920077681541443, -0.09172236919403076, 17549.0, 41748.0, 24325.0, 56749.0, -8.96166706085205, -4.254711627960205
18042, -1.345454216003418, -0.23371420800685883, 0.008755714632570744, 0.06918004900217056, 0.4541672468185425, -0.11933679133653641, 27062.0, 46760.0, 7000.0, 55790.0, -11.518208503723145, -4.4280877113342285
18062, -1.3438746929168701, -0.22185154259204865, 0.011980720795691013, 0.09254421293735504, 0.5197421908378601, -0.0913139283657074, 18692.0, 47580.0, 14709.0, 60769.0, -14.82653522491455, -5.131136417388916
18084, -1.3426458835601807, -0.21102868020534515, 0.007673838175833225, 0.10916201770305634, 0.5619732141494751, -0.11593140661716461, 17684.0, 50753.0, 7000.0, 59064.0, -17.624284744262695, -5.530852317810059
18104, -1.3399770259857178, -0.19843105971813202, 0.009184959344565868, 0.13886985182762146, 0.6126075387001038, -0.08932781219482422, 21420.0, 51940.0, 7000.0, 58199.0, -20.187318801879883, -5.82240104675293
18123, -1.336818814277649, -0.18615804612636566, 0.0034286121372133493, 0.16727562248706818, 0.6399850249290466, -0.11541253328323364, 23500.0, 50967.0, 7000.0, 57383.0, -22.18535804748535, -6.182254791259766
18141, -1.3339571952819824, -0.17948706448078156, 0.003782350802794099, 0.18666426837444305, 0.6008020043373108, -0.08527079969644547, 26191.0, 54252.0, 7000.0, 55855.0, -23.750627517700195, -6.675243854522705
18162, -1.3289520740509033, -0.16835057735443115, 0.00992953684180975, 0.22327755391597748, 0.6043166518211365, -0.019501980394124985, 25046.0, 47767.0, 7000.0, 59340.0, -24.929800033569336, -7.459974765777588
18182, -1.3250243663787842, -0.16011857986450195, 0.007434277329593897, 0.24451196193695068, 0.57863849401474, -0.024278197437524796, 27832.0, 46465.0, 7000.0, 55469.0, -25.691383361816406, -8.327361106872559
18203, -1.3191945552825928, -0.15165580809116364, 0.013157740235328674, 0.2823006212711334, 0.5623504519462585, 0.025735510513186455, 28858.0, 47725.0, 7000.0, 53211.0, -26.11486053466797, -8.965808868408203
18222, -1.3159054517745972, -0.1494838446378708, 0.015029210597276688, 0.2858685255050659, 0.4817385971546173, 0.0345388688147068, 22939.0, 41029.0, 18592.0, 55238.0, -26.27210807800293, -9.253664016723633
18242, -1.311033010482788, -0.14660105109214783, 0.015489630401134491, 0.3004155457019806, 0.4139540195465088, 0.02632514387369156, 23100.0, 39552.0, 20585.0, 54587.0, -26.10887336730957, -9.256429672241211
18262, -1.3056045770645142, -0.1451856791973114, 0.02176547423005104, 0.31697070598602295, 0.34321385622024536, 0.05293720215559006, 28257.0, 38561.0, 15744.0, 55157.0, -25.854778289794922, -9.149713516235352
18281, -1.301170825958252, -0.14642907679080963, 0.02277217246592045, 0.3218759596347809, 0.26103416085243225, 0.03715313971042633, 30432.0, 38537.0, 7000.0, 53046.0, -25.524559020996094, -8.99279499053955
18301, -1.297236680984497, -0.15052570402622223, 0.027864864096045494, 0.32464972138404846, 0.1715511679649353, 0.052358247339725494, 35087.0, 39457.0, 7000.0, 50627.0, -25.07249641418457, -8.624662399291992
18321, -1.2897721529006958, -0.14986027777194977, 0.027778366580605507, 0.33933746814727783, 0.10699114203453064, 0.016702141612768173, 38567.0, 31603.0, 23756.0, 44171.0, -24.402828216552734, -7.884683609008789
18342, -1.288412094116211, -0.15535561740398407, 0.026681814342737198, 0.3363259434700012, 0.04569738730788231, -0.004195363260805607, 40707.0, 27737.0, 28531.0, 43536.0, -23.55670928955078, -6.915434837341309
18361, -1.278613805770874, -0.1607998162508011, 0.028041847050189972, 0.342175155878067, -0.06522460281848907, -0.030823105946183205, 32830.0, 36168.0, 24696.0, 48810.0, -23.059982299804688, -6.292152404785156
18381, -1.2703783512115479, -0.16591548919677734, 0.02464030683040619, 0.3482305109500885, -0.1413055956363678, -0.07135136425495148, 36571.0, 36545.0, 22769.0, 47587.0, -21.751035690307617, -4.0679521560668945
18401, -1.2620230913162231, -0.1753215491771698, 0.0217632744461298, 0.34985262155532837, -0.23605607450008392, -0.09356001019477844, 33172.0, 35517.0, 30300.0, 49086.0, -20.870811462402344, -2.508436679840088
18421, -1.2579282522201538, -0.18428799510002136, 0.01569846272468567, 0.34972676634788513, -0.3086254596710205, -0.13189752399921417, 35142.0, 38270.0, 30817.0, 47240.0, -19.948514938354492, -0.9434095025062561
18442, -1.2576720714569092, -0.19951628148555756, 0.005156038794666529, 0.30782756209373474, -0.41989120841026306, -0.1640540510416031, 40558.0, 32330.0, 27314.0, 53341.0, -19.467744827270508, -0.25340548157691956
18464, -1.2646052837371826, -0.21071289479732513, 0.012548903934657574, 0.21619807183742523, -0.4839252233505249, -0.004328540526330471, 44018.0, 52900.0, 7000.0, 57060.0, -18.60038185119629, 0.9016106128692627
18482, -1.2682089805603027, -0.21914157271385193, 0.014111577533185482, 0.16101983189582825, -0.5129393339157104, 0.030779706314206123, 32495.0, 45941.0, 7000.0, 60786.0, -19.930198669433594, 0.20589853823184967
18501, -1.2722556591033936, -0.22721140086650848, 0.0190406683832407, 0.11451397091150284, -0.5343261957168579, 0.07629702240228653, 32383.0, 42431.0, 7000.0, 59694.0, -21.57624626159668, -1.0873223543167114
18521, -1.272695541381836, -0.2362971305847168, 0.022974731400609016, 0.08493359386920929, -0.5491675734519958, 0.1061144694685936, 30155.0, 41618.0, 7000.0, 54012.0, -22.30841827392578, -1.6577261686325073
18541, -1.2748088836669922, -0.24091394245624542, 0.028458893299102783, 0.057825006544589996, -0.5284253358840942, 0.13574765622615814, 29373.0, 41814.0, 16456.0, 48589.0, -22.371036529541016, -1.0884919166564941
18561, -1.2792633771896362, -0.24304647743701935, 0.02842995524406433, 0.024936363101005554, -0.4937862455844879, 0.12001082301139832, 30546.0, 37837.0, 14936.0, 48215.0, -21.980680465698242, 0.20135770738124847
18581, -1.2825971841812134, -0.24663233757019043, 0.03214477002620697, -0.005402963142842054, -0.4609096944332123, 0.11464381963014603, 31062.0, 31943.0, 19248.0, 51147.0, -21.39097785949707, 1.606569528579712
18601, -1.285942792892456, -0.24893073737621307, 0.03253608196973801, -0.03510183095932007, -0.416456937789917, 0.08642207831144333, 33925.0, 37339.0, 14720.0, 46581.0, -20.5899715423584, 2.8419432640075684
18621, -1.2897295951843262, -0.251205712556839, 0.036357104778289795, -0.06706854701042175, -0.3687264323234558, 0.08146203309297562, 31344.0, 38472.0, 21745.0, 45543.0, -19.789506912231445, 3.7402374744415283
18642, -1.2977944612503052, -0.2435048520565033, 0.034918516874313354, -0.1113840863108635, -0.2821575999259949, 0.04826858639717102, 27918.0, 38802.0, 26287.0, 44417.0, -18.929073333740234, 4.535171031951904
18661, -1.3055157661437988, -0.23690195381641388, 0.030829796567559242, -0.15596696734428406, -0.1990613043308258, 0.007137374021112919, 26800.0, 34036.0, 31509.0, 47190.0, -17.998693466186523, 5.303844928741455
18681, -1.3133684396743774, -0.2297973781824112, 0.02776118740439415, -0.200374573469162, -0.11528308689594269, -0.0181270781904459, 33556.0, 35195.0, 30024.0, 46512.0, -16.901498794555664, 5.890401363372803
18704, -1.3186993598937988, -0.22130948305130005, 0.023915741592645645, -0.23488958179950714, -0.03716546297073364, -0.043500423431396484, 36856.0, 38555.0, 28497.0, 44600.0, -15.72972297668457, 6.209583282470703
18722, -1.3318586349487305, -0.20549507439136505, 0.013757452368736267, -0.3215556740760803, 0.12935326993465424, -0.0840173214673996, 38256.0, 43071.0, 29469.0, 41618.0, -15.105547904968262, 6.437976837158203
18745, -1.3373472690582275, -0.19594648480415344, 0.006810803432017565, -0.3516044020652771, 0.2192218005657196, -0.10762656480073929, 36137.0, 38902.0, 36739.0, 43954.0, -13.465828895568848, 6.727020263671875
18762, -1.3441779613494873, -0.1885385513305664, 0.00851523969322443, -0.37126556038856506, 0.27312034368515015, -0.052198708057403564, 40772.0, 42266.0, 33468.0, 43503.0, -12.377776145935059, 6.36221170425415
18783, -1.3480162620544434, -0.18263483047485352, 0.005460329353809357, -0.38904014229774475, 0.32054194808006287, -0.04958093538880348, 49106.0, 37135.0, 36288.0, 35778.0, -11.226045608520508, 5.191136360168457
18801, -1.3555538654327393, -0.17219868302345276, 0.007831387221813202, -0.4107929766178131, 0.3811764121055603, 0.009789268486201763, 41344.0, 36051.0, 30668.0, 49798.0, -10.7008695602417, 4.392617702484131
18821, -1.3606972694396973, -0.16456779837608337, 0.006648422218859196, -0.4104839861392975, 0.40451374650001526, 0.022292956709861755, 40818.0, 37652.0, 32612.0, 49508.0, -9.940895080566406, 2.3530542850494385
18843, -1.3596347570419312, -0.16110537946224213, 0.008405753411352634, -0.371611624956131, 0.4154738187789917, 0.05562565475702286, 47345.0, 37567.0, 27365.0, 43119.0, -9.442139625549316, 0.20528864860534668
18861, -1.3654295206069946, -0.1525663584470749, 0.015260916203260422, -0.3570883870124817, 0.4163670837879181, 0.12861937284469604, 41291.0, 40888.0, 24581.0, 46563.0, -9.229154586791992, -1.5170931816101074
18881, -1.3710477352142334, -0.14400425553321838, 0.01836235076189041, -0.3303743004798889, 0.40071621537208557, 0.140228733420372, 34584.0, 33600.0, 28458.0, 49303.0, -8.947320938110352, -3.832549571990967
18903, -1.3699963092803955, -0.14261206984519958, 0.0299539715051651, -0.2587648034095764, 0.333435982465744, 0.2094152569770813, 37484.0, 34852.0, 25753.0, 47003.0, -8.686594009399414, -5.516718864440918
18921, -1.372916340827942, -0.1378292590379715, 0.03440183401107788, -0.22269736230373383, 0.2933625876903534, 0.2094280868768692, 39249.0, 33439.0, 23698.0, 42724.0, -8.233592987060547, -7.340469837188721
18942, -1.3712331056594849, -0.13888958096504211, 0.038924265652894974, -0.16100428998470306, 0.2182043194770813, 0.19015464186668396, 39972.0, 31132.0, 23998.0, 42732.0, -7.574758052825928, -8.364261627197266
18961, -1.3678967952728271, -0.1411103755235672, 0.04426303133368492, -0.09854858368635178, 0.1478879302740097, 0.16858357191085815, 38532.0, 26176.0, 28829.0, 44200.0, -6.728791236877441, -9.29690170288086
18981, -1.3663971424102783, -0.14053411781787872, 0.04695260524749756, -0.05012467876076698, 0.09753476083278656, 0.12321857362985611, 43361.0, 32174.0, 22880.0, 40207.0, -5.835696697235107, -9.955462455749512
19001, -1.361427903175354, -0.1450086385011673, 0.05066346377134323, 0.012112228199839592, 0.021876446902751923, 0.08944998681545258, 42564.0, 30936.0, 25387.0, 43098.0, -5.131245136260986, -10.187175750732422
19021, -1.358542799949646, -0.1480337232351303, 0.0508672259747982, 0.05306345596909523, -0.037869200110435486, 0.04355505481362343, 39831.0, 29877.0, 31069.0, 44561.0, -4.602150917053223, -10.137678146362305
19042, -1.3478299379348755, -0.15992464125156403, 0.04815591126680374, 0.1235823780298233, -0.12950852513313293, -0.00363084115087986, 42702.0, 34883.0, 30818.0, 41941.0, -4.1929450035095215, -9.555289268493652
19061, -1.332675814628601, -0.17813946306705475, 0.04363410547375679, 0.21734586358070374, -0.2573234736919403, -0.05575011298060417, 45270.0, 35337.0, 29745.0, 44245.0, -3.86716628074646, -8.961087226867676
19083, -1.3248146772384644, -0.18777211010456085, 0.041932929307222366, 0.25419455766677856, -0.3187669515609741, -0.07462488114833832, 47163.0, 30678.0, 30616.0, 48535.0, -3.57311749458313, -8.400583267211914
19103, -1.3149337768554688, -0.20183245837688446, 0.039699096232652664, 0.3025161027908325, -0.4087441861629486, -0.08366061002016068, 45742.0, 34051.0, 34563.0, 49101.0, -3.3880269527435303, -7.2692341804504395
19123, -1.3084192276000977, -0.21091510355472565, 0.034326862543821335, 0.3380304276943207, -0.46862906217575073, -0.11157326400279999, 47046.0, 35551.0, 35671.0, 48336.0, -3.204517364501953, -6.325303077697754
19143, -1.2986645698547363, -0.225047767162323, 0.02715224027633667, 0.3785063326358795, -0.5485608577728271, -0.12761284410953522, 49804.0, 35610.0, 36012.0, 49224.0, -3.0695815086364746, -5.6048665046691895
19163, -1.2889050245285034, -0.23993133008480072, 0.024969065561890602, 0.4176439344882965, -0.6288120150566101, -0.10796916484832764, 51352.0, 33671.0, 37002.0, 51638.0, -2.6573326587677, -4.135639190673828
19182, -1.2793785333633423, -0.2542334198951721, 0.01903880015015602, 0.44219136238098145, -0.6805953979492188, -0.10809004306793213, 52460.0, 35220.0, 36631.0, 50253.0, -2.1878750324249268, -2.8190205097198486
19203, -1.26834237575531, -0.27235332131385803, 0.016436289995908737, 0.4804368019104004, -0.7689260244369507, -0.07570162415504456, 52901.0, 36526.0, 38076.0, 50259.0, -1.645367980003357, -1.3757448196411133
19223, -1.2611172199249268, -0.28566160798072815, 0.014523983001708984, 0.4670281708240509, -0.7843446731567383, -0.03554774075746536, 52342.0, 34896.0, 36518.0, 49768.0, -1.0616321563720703, -0.1215900331735611
19243, -1.2528306245803833, -0.3114651143550873, 0.01839536242187023, 0.4783277213573456, -1.0011824369430542, -0.05952450633049011, 51439.0, 34770.0, 37421.0, 50413.0, -0.4631708860397339, 1.3286296129226685
19262, -1.2445610761642456, -0.3301783502101898, 0.02766517363488674, 0.4751126766204834, -1.0885239839553833, 0.039260134100914, 55251.0, 39182.0, 34122.0, 47539.0, 0.9397926926612854, 2.2485082149505615
19285, -1.2415858507156372, -0.335437536239624, 0.039418745785951614, 0.41674724221229553, -1.017559289932251, 0.1964997500181198, 52412.0, 34799.0, 35552.0, 49019.0, 1.3269639015197754, 3.6034138202667236
19304, -1.2374225854873657, -0.3464832305908203, 0.05340613052248955, 0.36328980326652527, -0.9669680595397949, 0.324068546295166, 47063.0, 29561.0, 39116.0, 49321.0, 1.6569210290908813, 5.744556427001953
19323, -1.2374154329299927, -0.3492145240306854, 0.062248896807432175, 0.28906959295272827, -0.8531989455223083, 0.38657093048095703, 42909.0, 26475.0, 37341.0, 46452.0, 1.846659541130066, 6.720133304595947
19345, -1.2357195615768433, -0.35771894454956055, 0.07029158622026443, 0.2283691018819809, -0.7699704766273499, 0.39802923798561096, 41369.0, 29900.0, 34081.0, 42441.0, 2.142951726913452, 8.259718894958496
19361, -1.2388983964920044, -0.3545554280281067, 0.08052904903888702, 0.14696966111660004, -0.6223656535148621, 0.4163426160812378, 38468.0, 28820.0, 35060.0, 40909.0, 2.4525821208953857, 9.705379486083984
19382, -1.2429126501083374, -0.35013845562934875, 0.08773969858884811, 0.06839258968830109, -0.47712069749832153, 0.38971322774887085, 39839.0, 23090.0, 38757.0, 37261.0, 2.8870608806610107, 11.134882926940918
19401, -1.2478652000427246, -0.34438225626945496, 0.0954168513417244, -0.008682426065206528, -0.3345428705215454, 0.3581400215625763, 37609.0, 28464.0, 35907.0, 38907.0, 3.258491277694702, 12.1340970993042
19421, -1.2522404193878174, -0.33435431122779846, 0.09544792771339417, -0.050594512373209, -0.22592927515506744, 0.3195452392101288, 38599.0, 30179.0, 35871.0, 38096.0, 3.5813910961151123, 12.788331031799316
19441, -1.2596776485443115, -0.32619020342826843, 0.09860824048519135, -0.13689063489437103, -0.07278183102607727, 0.23255698382854462, 39799.0, 29257.0, 36683.0, 40942.0, 3.7290940284729004, 12.945510864257812
19461, -1.2662358283996582, -0.3176100552082062, 0.10034503787755966, -0.1962655633687973, 0.03728359192609787, 0.18670524656772614, 44482.0, 29609.0, 35662.0, 42325.0, 3.6732606887817383, 12.570157051086426
19481, -1.2720822095870972, -0.3122825026512146, 0.10171861946582794, -0.24697667360305786, 0.11982032656669617, 0.14872124791145325, 43561.0, 35097.0, 33207.0, 45468.0, 3.421612501144409, 11.632614135742188
19502, -1.2772247791290283, -0.3025017976760864, 0.09831476211547852, -0.2801326513290405, 0.19534943997859955, 0.10922291874885559, 44801.0, 36355.0, 32029.0, 48048.0, 3.1324079036712646, 10.406390190124512
19522, -1.2893069982528687, -0.2807694971561432, 0.09086696058511734, -0.34967681765556335, 0.3497348725795746, 0.039435259997844696, 47772.0, 35348.0, 36849.0, 46930.0, 2.964585781097412, 9.770150184631348
19543, -1.3018945455551147, -0.2621161937713623, 0.0851481705904007, -0.4032689332962036, 0.4592985510826111, -0.00792731437832117, 49285.0, 35290.0, 37417.0, 49676.0, 2.54862904548645, 8.305839538574219
19561, -1.3114557266235352, -0.24959079921245575, 0.08651965111494064, -0.4273513853549957, 0.508571445941925, 0.01625225692987442, 50797.0, 39935.0, 38005.0, 48307.0, 1.9457340240478516, 5.886775970458984
19581, -1.321152687072754, -0.23611266911029816, 0.08357973396778107, -0.4488624334335327, 0.5600377917289734, 0.014618521556258202, 53343.0, 36865.0, 35400.0, 53454.0, 1.472061038017273, 3.6243176460266113
19601, -1.3299866914749146, -0.22095850110054016, 0.07884262502193451, -0.4519129693508148, 0.6036497354507446, 0.009096079505980015, 55286.0, 39255.0, 33779.0, 53176.0, 1.180537462234497, 1.410974383354187
19621, -1.3413736820220947, -0.20418544113636017, 0.07399581372737885, -0.4649450182914734, 0.6450287699699402, 0.009545615874230862, 55037.0, 39410.0, 36766.0, 54828.0, 0.9238631725311279, -0.9051408767700195
19649, -1.3607773780822754, -0.1703863888978958, 0.06807899475097656, -0.47241002321243286, 0.7249043583869934, 0.022839803248643875, 55757.0, 39774.0, 37081.0, 55286.0, 0.8492233157157898, -3.0385117530822754
19664, -1.3652644157409668, -0.16136260330677032, 0.0698254257440567, -0.4503593146800995, 0.7227259278297424, 0.0529768131673336, 60525.0, 38896.0, 36719.0, 56789.0, 0.8570817708969116, -6.191285133361816
19684, -1.3735162019729614, -0.14427661895751953, 0.07147898524999619, -0.40405622124671936, 0.7158955931663513, 0.09749850630760193, 55960.0, 36777.0, 39239.0, 59088.0, 0.8889530897140503, -7.563517093658447
19701, -1.3827811479568481, -0.12611624598503113, 0.07505620270967484, -0.3684878945350647, 0.7155841588973999, 0.14752645790576935, 57350.0, 37558.0, 35701.0, 57485.0, 1.0962140560150146, -9.853474617004395
19721, -1.3908461332321167, -0.10953667014837265, 0.0768602266907692, -0.3240325450897217, 0.6981406211853027, 0.17656172811985016, 58446.0, 39126.0, 32672.0, 57114.0, 1.319675087928772, -11.727364540100098
19743, -1.3963438272476196, -0.0958295539021492, 0.08256512135267258, -0.2577628791332245, 0.649376630783081, 0.2239711582660675, 57453.0, 40860.0, 32915.0, 55006.0, 1.3948358297348022, -13.363576889038086
19761, -1.4015767574310303, -0.0806703269481659, 0.08661165833473206, -0.19758355617523193, 0.6167781949043274, 0.2481405884027481, 55359.0, 40018.0, 36454.0, 55305.0, 1.4501293897628784, -14.68783950805664
19783, -1.404549479484558, -0.06916912645101547, 0.09181864559650421, -0.13180150091648102, 0.5606032013893127, 0.2724332809448242, 53484.0, 37783.0, 40492.0, 54723.0, 1.4669091701507568, -15.47118854522705
19807, -1.40555739402771, -0.05516784265637398, 0.10587548464536667, -0.026685602962970734, 0.46265795826911926, 0.33346712589263916, 54221.0, 35783.0, 37254.0, 56785.0, 1.4490044116973877, -15.856039047241211
19821, -1.4053995609283447, -0.05450539290904999, 0.1056944951415062, -0.025171805173158646, 0.4701738953590393, 0.3320314586162567, 52418.0, 36972.0, 34724.0, 55395.0, 1.2241344451904297, -15.957839965820312
19841, -1.4042329788208008, -0.04189804196357727, 0.11687010526657104, 0.07012205570936203, 0.3774144947528839, 0.3571750819683075, 54185.0, 37611.0, 35305.0, 53534.0, 1.197939395904541, -15.995880126953125
19862, -1.4016565084457397, -0.03525860980153084, 0.1262912005186081, 0.13598620891571045, 0.2964766323566437, 0.3783510625362396, 51519.0, 36859.0, 35269.0, 55880.0, 0.9581336379051208, -15.499866485595703
19884, -1.3979488611221313, -0.029004832729697227, 0.13426652550697327, 0.19453972578048706, 0.23774531483650208, 0.39288192987442017, 54390.0, 40327.0, 33164.0, 50831.0, 0.7058417201042175, -14.755038261413574
19902, -1.3950014114379883, -0.026110652834177017, 0.14247938990592957, 0.23003987967967987, 0.1978565752506256, 0.4247838854789734, 51789.0, 36987.0, 36265.0, 53136.0, 0.4039630591869354, -13.815521240234375
19923, -1.3890124559402466, -0.021698953583836555, 0.15283571183681488, 0.2839723825454712, 0.12028210610151291, 0.4388676881790161, 52192.0, 36972.0, 33736.0, 52021.0, 0.2115228921175003, -13.098891258239746
19943, -1.3833298683166504, -0.019454430788755417, 0.16215099394321442, 0.31678375601768494, 0.05037211999297142, 0.44669175148010254, 49688.0, 37408.0, 36301.0, 51326.0, -0.2425762563943863, -11.349076271057129
19963, -1.3763678073883057, -0.018263624981045723, 0.16968634724617004, 0.3520582616329193, -0.012760503217577934, 0.4443091154098511, 48538.0, 40932.0, 38117.0, 48603.0, -0.6924153566360474, -9.621695518493652
19984, -1.369565486907959, -0.01807340234518051, 0.178617924451828, 0.37300577759742737, -0.07229570299386978, 0.44862619042396545, 49199.0, 38388.0, 38087.0, 50444.0, -1.0704013109207153, -7.91913366317749
20004, -1.3613232374191284, -0.019512059167027473, 0.19038540124893188, 0.3919689357280731, -0.1397426873445511, 0.4700978696346283, 49089.0, 36916.0, 37427.0, 51403.0, -1.4067320823669434, -6.095682144165039
20024, -1.354556918144226, -0.021330682560801506, 0.1997254490852356, 0.39349040389060974, -0.1931072473526001, 0.4767450988292694, 47713.0, 34543.0, 39017.0, 52665.0, -1.7135497331619263, -4.161383152008057
20043, -1.3464300632476807, -0.025006849318742752, 0.21023933589458466, 0.3949015438556671, -0.2518981397151947, 0.4860576391220093, 48364.0, 38519.0, 37732.0, 49777.0, -1.8979895114898682, -2.459641695022583
20063, -1.338205099105835, -0.02989989146590233, 0.22093209624290466, 0.39165061712265015, -0.3069993555545807, 0.49791479110717773, 48126.0, 37936.0, 38143.0, 49743.0, -1.9746569395065308, -0.7802479267120361
20082, -1.3343547582626343, -0.03317082300782204, 0.22706729173660278, 0.3832755982875824, -0.33809635043144226, 0.5046921372413635, 48403.0, 39031.0, 37619.0, 48348.0, -1.9338569641113281, 0.7575803399085999
20104, -1.3274177312850952, -0.03914712741971016, 0.24072903394699097, 0.371090292930603, -0.38339757919311523, 0.5376617312431335, 47401.0, 37274.0, 38563.0, 48903.0, -1.8735166788101196, 1.6192693710327148
20124, -1.3204760551452637, -0.04618716239929199, 0.2516959011554718, 0.354178786277771, -0.4240821897983551, 0.540921688079834, 47492.0, 36173.0, 37106.0, 48248.0, -1.7094520330429077, 2.932986259460449
20142, -1.314211130142212, -0.053687553852796555, 0.2629116475582123, 0.3315478563308716, -0.4579699635505676, 0.5430647730827332, 45856.0, 37933.0, 39026.0, 46478.0, -1.5068480968475342, 4.2248759269714355
20161, -1.3064073324203491, -0.08151333034038544, 0.271036833524704, 0.32701030373573303, -0.6967629790306091, 0.48212167620658875, 46461.0, 37997.0, 38794.0, 46407.0, -1.249136209487915, 5.399711608886719
20181, -1.3010858297348022, -0.0926026925444603, 0.28040963411331177, 0.29871249198913574, -0.7310267686843872, 0.4806598424911499, 51664.0, 38474.0, 37175.0, 45938.0, -0.46739307045936584, 6.25841760635376
20204, -1.2979875802993774, -0.09772664308547974, 0.29540392756462097, 0.2580447494983673, -0.7280712127685547, 0.5231901407241821, 50851.0, 31038.0, 41497.0, 49325.0, -0.23787528276443481, 7.231709957122803
20221, -1.2949844598770142, -0.10390543937683105, 0.30621227622032166, 0.21935948729515076, -0.7193278074264526, 0.5349351167678833, 47413.0, 33655.0, 39899.0, 49542.0, 0.13468602299690247, 8.09561538696289
20241, -1.292240858078003, -0.11287209391593933, 0.3177722990512848, 0.1808963567018509, -0.7139907479286194, 0.5489690899848938, 49049.0, 32945.0, 42872.0, 45056.0, 0.5035071969032288, 8.662674903869629
20262, -1.2924010753631592, -0.11345165222883224, 0.32755953073501587, 0.15185272693634033, -0.6841920018196106, 0.5786740183830261, 49188.0, 26465.0, 41147.0, 49977.0, 0.8048544526100159, 9.110554695129395
20282, -1.2909783124923706, -0.12394467741250992, 0.3424111306667328, 0.10155859589576721, -0.6574158668518066, 0.5851125717163086, 46245.0, 35735.0, 38049.0, 46119.0, 0.9652808904647827, 9.218169212341309
20302, -1.2908644676208496, -0.1336255520582199, 0.35985153913497925, 0.05645027011632919, -0.6346237063407898, 0.6195806264877319, 45193.0, 29210.0, 39158.0, 49867.0, 1.322029948234558, 9.271435737609863
20322, -1.2920477390289307, -0.14030659198760986, 0.37221622467041016, 0.01363777182996273, -0.5943490266799927, 0.6151965260505676, 47153.0, 31589.0, 34840.0, 46365.0, 1.649916172027588, 9.12325382232666
20343, -1.2940244674682617, -0.1406332105398178, 0.3784347474575043, -0.0135129913687706, -0.554780125617981, 0.6095776557922363, 48674.0, 30161.0, 39267.0, 42560.0, 1.9379386901855469, 8.913124084472656
20363, -1.2975198030471802, -0.14597514271736145, 0.39592039585113525, -0.06286942958831787, -0.49638840556144714, 0.6197460293769836, 48040.0, 32248.0, 34842.0, 45370.0, 2.0803418159484863, 8.75712776184082
20385, -1.3026734590530396, -0.15449798107147217, 0.4143669903278351, -0.11702407151460648, -0.43515443801879883, 0.5969242453575134, 46068.0, 33149.0, 35829.0, 43914.0, 2.405050754547119, 8.218317031860352
20404, -1.3061507940292358, -0.15311340987682343, 0.4228782653808594, -0.1419314593076706, -0.39362525939941406, 0.6120977997779846, 47625.0, 29581.0, 37571.0, 44094.0, 2.7302143573760986, 7.21599817276001
20424, -1.3111521005630493, -0.1549602597951889, 0.43343544006347656, -0.17377892136573792, -0.3426905870437622, 0.5899496078491211, 45296.0, 29970.0, 36310.0, 45859.0, 2.76777720451355, 6.884549617767334
20443, -1.316738247871399, -0.15626712143421173, 0.4434507489204407, -0.20191848278045654, -0.2959345579147339, 0.5632045865058899, 45862.0, 32470.0, 36107.0, 44747.0, 2.8584558963775635, 6.153500556945801
20465, -1.3232605457305908, -0.1561621129512787, 0.4516938626766205, -0.23008303344249725, -0.2474287450313568, 0.5315788388252258, 44661.0, 32148.0, 37647.0, 46491.0, 2.9014527797698975, 5.35106086730957
20481, -1.3295046091079712, -0.15737533569335938, 0.4613356590270996, -0.2515307366847992, -0.21233311295509338, 0.5131435990333557, 45523.0, 36121.0, 37702.0, 44738.0, 2.8959009647369385, 4.425401210784912
20502, -1.3365626335144043, -0.15649613738059998, 0.4711954891681671, -0.27103257179260254, -0.17120762169361115, 0.5003445744514465, 47891.0, 30929.0, 35990.0, 48956.0, 2.878239631652832, 3.4403982162475586
20524, -1.3442453145980835, -0.15515492856502533, 0.48075494170188904, -0.28740236163139343, -0.13259047269821167, 0.4852333962917328, 48055.0, 32441.0, 36973.0, 48120.0, 2.8650062084198, 2.4233741760253906
20543, -1.3522310256958008, -0.1520523726940155, 0.4892052114009857, -0.3002994656562805, -0.09229300171136856, 0.4699561595916748, 47913.0, 32061.0, 38044.0, 48820.0, 2.906766414642334, 1.225477695465088
20563, -1.3601435422897339, -0.1498578041791916, 0.495920866727829, -0.3066987693309784, -0.062532939016819, 0.44798555970191956, 49899.0, 38947.0, 35921.0, 44176.0, 2.9282026290893555, 0.09614718705415726
20582, -1.3675482273101807, -0.1477990597486496, 0.5048332810401917, -0.3069315254688263, -0.0399102047085762, 0.45153892040252686, 47193.0, 36216.0, 40339.0, 47701.0, 2.99989652633667, -1.167467713356018
20602, -1.3752650022506714, -0.1449463814496994, 0.5140737295150757, -0.3048604130744934, -0.018834292888641357, 0.46210917830467224, 49901.0, 30530.0, 37317.0, 51746.0, 3.063103199005127, -2.2578654289245605
20623, -1.3830535411834717, -0.14080683887004852, 0.5233734250068665, -0.29921969771385193, 0.004308556672185659, 0.4681367874145508, 51405.0, 32020.0, 35146.0, 50548.0, 3.1352016925811768, -3.3548667430877686
20643, -1.3906025886535645, -0.13836464285850525, 0.5338907837867737, -0.28553327918052673, 0.012153358198702335, 0.47536227107048035, 52070.0, 29838.0, 33306.0, 52477.0, 3.191568613052368, -4.489652633666992
20662, -1.3979275226593018, -0.1347743570804596, 0.5426583290100098, -0.268837571144104, 0.020588060840964317, 0.47513091564178467, 51097.0, 34715.0, 33962.0, 49188.0, 3.2521588802337646, -5.627391338348389
20683, -1.4042797088623047, -0.13161371648311615, 0.5527154207229614, -0.24810896813869476, 0.023510362952947617, 0.4856801927089691, 51031.0, 32917.0, 36329.0, 49805.0, 3.3020455837249756, -6.647389888763428
20702, -1.4076683521270752, -0.1292065978050232, 0.558025062084198, -0.23439235985279083, 0.027018915861845016, 0.48981472849845886, 52357.0, 32564.0, 33189.0, 50374.0, 3.3020999431610107, -7.565659046173096
20724, -1.4142065048217773, -0.12546296417713165, 0.5701889991760254, -0.2056884616613388, 0.025962376967072487, 0.505461573600769, 50263.0, 34237.0, 35040.0, 49493.0, 3.2932913303375244, -8.05763053894043
20744, -1.4193949699401855, -0.12247991561889648, 0.5820506811141968, -0.1736721396446228, 0.01946745440363884, 0.5123334527015686, 50166.0, 35388.0, 33818.0, 48380.0, 3.2818217277526855, -8.8369722366333
20762, -1.4236587285995483, -0.12017560005187988, 0.5921713709831238, -0.13977199792861938, 0.007492875214666128, 0.5023064017295837, 50042.0, 32441.0, 33638.0, 49976.0, 3.246816396713257, -9.377771377563477
20783, -1.4270093441009521, -0.11833982914686203, 0.6028287410736084, -0.10784264653921127, -0.006443854887038469, 0.5081128478050232, 50535.0, 31454.0, 33954.0, 50388.0, 3.2498247623443604, -9.72033405303955
20804, -1.4296518564224243, -0.11660226434469223, 0.6165953278541565, -0.07182368636131287, -0.02184380032122135, 0.5329556465148926, 49777.0, 32171.0, 34498.0, 49594.0, 3.274296998977661, -9.850750923156738
20824, -1.4312254190444946, -0.1158759817481041, 0.6275404095649719, -0.03809906542301178, -0.04007871076464653, 0.5342689752578735, 47427.0, 34980.0, 35925.0, 46462.0, 3.2753167152404785, -9.88228988647461
20841, -1.4322394132614136, -0.11470241844654083, 0.6330446600914001, -0.02339194528758526, -0.04482109844684601, 0.5336982607841492, 47782.0, 33443.0, 35334.0, 47237.0, 3.2354698181152344, -9.698634147644043
20863, -1.4330857992172241, -0.11434699594974518, 0.6446107029914856, 0.008229286409914494, -0.0645831748843193, 0.5269348621368408, 46890.0, 32495.0, 36731.0, 48013.0, 3.219086170196533, -9.56433391571045
20881, -1.4284662008285522, -0.1713067889213562, 0.6507195830345154, 0.05928526073694229, -0.7347500324249268, 0.2447071224451065, 48193.0, 30478.0, 34818.0, 49529.0, 3.181769371032715, -9.152410507202148
20904, -1.4288289546966553, -0.17492397129535675, 0.6454242467880249, 0.09525688737630844, -0.7463094592094421, 0.15196284651756287, 60958.0, 50794.0, 27205.0, 40794.0, 3.113274335861206, -9.734721183776855
20923, -1.4289345741271973, -0.17052626609802246, 0.6502842903137207, 0.10954724997282028, -0.7302989959716797, 0.17906111478805542, 55254.0, 41997.0, 42804.0, 52748.0, 2.742924690246582, -8.898603439331055
20943, -1.4277688264846802, -0.17034079134464264, 0.6597974896430969, 0.14110399782657623, -0.7367566227912903, 0.23198284208774567, 52308.0, 31028.0, 48002.0, 58881.0, 2.7753703594207764, -8.577869415283203
20965, -1.4254941940307617, -0.1734739989042282, 0.6737285256385803, 0.17540347576141357, -0.7433120012283325, 0.32160770893096924, 52870.0, 37720.0, 44952.0, 55324.0, 2.9482762813568115, -7.955108165740967
20982, -1.4229278564453125, -0.17640070617198944, 0.684141993522644, 0.20259176194667816, -0.721714198589325, 0.3817373216152191, 53923.0, 38267.0, 38350.0, 53960.0, 2.9995880126953125, -7.515908241271973
21002, -1.4197429418563843, -0.1772654801607132, 0.7080799341201782, 0.23037952184677124, -0.6770490407943726, 0.5226843953132629, 51497.0, 33172.0, 37901.0, 56032.0, 2.8932125568389893, -7.313154220581055
21021, -1.4158437252044678, -0.17950810492038727, 0.7220634818077087, 0.2528751790523529, -0.6165639758110046, 0.5619686841964722, 43612.0, 34743.0, 40709.0, 49492.0, 2.703960418701172, -7.021572113037109
21041, -1.412960410118103, -0.1742340624332428, 0.736440896987915, 0.2637828290462494, -0.51473069190979, 0.591942310333252, 45692.0, 29094.0, 36724.0, 51217.0, 2.489196538925171, -6.695567607879639
21061, -1.4089643955230713, -0.170657217502594, 0.7637639045715332, 0.2766183018684387, -0.42148831486701965, 0.697104811668396, 42628.0, 25183.0, 38740.0, 51468.0, 2.4617249965667725, -5.894251823425293
21083, -1.4054471254348755, -0.16423819959163666, 0.7784957885742188, 0.2779529392719269, -0.31771907210350037, 0.6885207295417786, 43323.0, 27246.0, 31885.0, 44658.0, 2.5699706077575684, -4.785782814025879
21104, -1.4020888805389404, -0.15267916023731232, 0.8090572357177734, 0.27327388525009155, -0.1897149384021759, 0.7718764543533325, 41953.0, 26645.0, 33386.0, 43822.0, 2.816192388534546, -3.480543375015259
21124, -1.4013997316360474, -0.13989858329296112, 0.8162636160850525, 0.25970739126205444, -0.08920931071043015, 0.7303487062454224, 40725.0, 25537.0, 29228.0, 38996.0, 3.1561150550842285, -1.9135736227035522
21141, -1.397979497909546, -0.13195101916790009, 0.8287745118141174, 0.24942642450332642, -0.013673776760697365, 0.6700088977813721, 38482.0, 26395.0, 31243.0, 39983.0, 3.345263719558716, -1.076932668685913
21165, -1.3965270519256592, -0.1159595251083374, 0.8468798995018005, 0.22790275514125824, 0.09596919268369675, 0.6577658653259277, 40915.0, 33477.0, 29348.0, 36291.0, 3.5750231742858887, 0.2675969898700714
21184, -1.3930728435516357, -0.09870172291994095, 0.860806941986084, 0.19956667721271515, 0.19007056951522827, 0.5530601739883423, 38847.0, 30785.0, 30346.0, 37373.0, 3.729318141937256, 1.6150274276733398
21202, -1.3931134939193726, -0.08905273675918579, 0.8666285872459412, 0.18397526443004608, 0.2370772808790207, 0.5313544869422913, 39014.0, 31799.0, 31292.0, 40055.0, 3.7489497661590576, 3.481117010116577
21224, -1.3922642469406128, -0.07333004474639893, 0.8729799389839172, 0.15638850629329681, 0.2988709807395935, 0.4590398967266083, 39189.0, 31709.0, 33482.0, 41365.0, 3.7479970455169678, 4.042767524719238
21243, -1.3921643495559692, -0.05754208192229271, 0.8769708275794983, 0.1273656189441681, 0.34934890270233154, 0.3876899182796478, 40349.0, 32041.0, 35318.0, 43080.0, 3.6917929649353027, 5.0688395500183105
21262, -1.3914721012115479, -0.045277662575244904, 0.881371021270752, 0.10242965817451477, 0.3710843622684479, 0.33886444568634033, 44198.0, 37192.0, 34069.0, 41007.0, 3.611037492752075, 5.730393409729004
21291, -1.394890308380127, -0.0170779749751091, 0.8832108974456787, 0.04696081578731537, 0.435560017824173, 0.26127949357032776, 45370.0, 34449.0, 35729.0, 44366.0, 3.541140556335449, 5.989612102508545
21301, -1.3956230878829956, -0.009663159027695656, 0.8852993249893188, 0.03248623013496399, 0.44193005561828613, 0.2511148452758789, 48597.0, 34133.0, 37148.0, 46480.0, 3.76064133644104, 5.795167922973633
21322, -1.3976850509643555, 0.006122760474681854, 0.8878338932991028, 0.004754675552248955, 0.45375022292137146, 0.22309306263923645, 49774.0, 32589.0, 35738.0, 47738.0, 3.8651487827301025, 5.59364128112793
21343, -1.4003087282180786, 0.021616429090499878, 0.8899744749069214, -0.021182628348469734, 0.4577715992927551, 0.2018667608499527, 50300.0, 36678.0, 36648.0, 46593.0, 4.105953693389893, 4.991926193237305
21361, -1.4032570123672485, 0.03635041043162346, 0.8924722671508789, -0.042535413056612015, 0.4522920846939087, 0.18588833510875702, 50518.0, 35302.0, 37415.0, 49076.0, 4.327497959136963, 4.201471328735352
21382, -1.4070814847946167, 0.05225375294685364, 0.8952085375785828, -0.06290331482887268, 0.439110666513443, 0.17691399157047272, 52598.0, 37139.0, 35117.0, 48475.0, 4.514045715332031, 3.261809825897217
21402, -1.4107903242111206, 0.06563687324523926, 0.8999510407447815, -0.07734636217355728, 0.4177280366420746, 0.18886177241802216, 51098.0, 34639.0, 37417.0, 52066.0, 4.6274733543396, 2.2362124919891357
21422, -1.414791464805603, 0.07899919897317886, 0.903149425983429, -0.08807101845741272, 0.39624181389808655, 0.18764559924602509, 51997.0, 35866.0, 35858.0, 51232.0, 4.659054279327393, 1.2996394634246826
21444, -1.417387843132019, 0.0873124897480011, 0.9054292440414429, -0.0930170938372612, 0.3844669759273529, 0.19104744493961334, 50922.0, 35413.0, 37028.0, 52396.0, 4.66112756729126, 0.34963685274124146
21461, -1.4219286441802979, 0.10180594772100449, 0.9111225008964539, -0.09101708978414536, 0.32244017720222473, 0.20294137299060822, 50528.0, 36244.0, 37878.0, 51997.0, 4.647017478942871, -0.19617204368114471
21483, -1.423620581626892, 0.10705950856208801, 0.9137930870056152, -0.08779354393482208, 0.2966401278972626, 0.21085506677627563, 51089.0, 36256.0, 36717.0, 51938.0, 4.573679447174072, -1.4519948959350586
21505, -1.4281035661697388, 0.11835755407810211, 0.9231413006782532, -0.08791334927082062, 0.26824453473091125, 0.2549822926521301, 51514.0, 34026.0, 37659.0, 52207.0, 4.570920467376709, -1.9380537271499634
21524, -1.4311121702194214, 0.12644648551940918, 0.9296303391456604, -0.07544544339179993, 0.21487413346767426, 0.2671986222267151, 51327.0, 33467.0, 35726.0, 51337.0, 4.6471028327941895, -2.738281726837158
21544, -1.4325687885284424, 0.12462282180786133, 0.9355580806732178, -0.04638032987713814, 0.060324959456920624, 0.26040351390838623, 51400.0, 34311.0, 35331.0, 49734.0, 4.690657138824463, -3.5407421588897705
21563, -1.4309138059616089, 0.10525313764810562, 0.9253156781196594, 0.005685406271368265, -0.25641268491744995, 0.039184149354696274, 52766.0, 36229.0, 33577.0, 48234.0, 4.922898769378662, -4.333830833435059
21583, -1.4322481155395508, 0.10296771675348282, 0.9282541275024414, 0.03144868463277817, -0.4044209420681, -0.019529519602656364, 59279.0, 45598.0, 34513.0, 47833.0, 5.434459686279297, -5.2658538818359375
21602, -1.4329179525375366, 0.10121265053749084, 0.9087344408035278, 0.04995802417397499, -0.47813960909843445, -0.1970602422952652, 59741.0, 42362.0, 38357.0, 52599.0, 5.646378517150879, -5.72835111618042
21621, -1.4331053495407104, 0.09882819652557373, 0.9097700715065002, 0.07783932983875275, -0.5742244720458984, -0.1634988933801651, 59831.0, 42488.0, 46462.0, 58751.0, 5.798201084136963, -6.014182090759277
21644, -1.4329886436462402, 0.09735658019781113, 0.9138063788414001, 0.10666853189468384, -0.6489332318305969, -0.09538814425468445, 60454.0, 41449.0, 43912.0, 59781.0, 5.836588382720947, -6.274138450622559
21666, -1.4346486330032349, 0.10860353708267212, 0.9312178492546082, 0.12693314254283905, -0.6395217776298523, 0.06781213730573654, 56504.0, 44914.0, 49282.0, 57618.0, 5.786901950836182, -6.605644702911377
21683, -1.43342924118042, 0.10552214086055756, 0.9409171938896179, 0.16014191508293152, -0.6830623149871826, 0.1620262861251831, 57008.0, 35186.0, 40736.0, 62007.0, 5.55552339553833, -6.936804294586182
21702, -1.43205726146698, 0.10674884915351868, 0.9685627818107605, 0.1922653317451477, -0.6847305297851562, 0.36139771342277527, 54071.0, 34529.0, 40171.0, 57621.0, 5.320387363433838, -7.606708526611328
21722, -1.4304609298706055, 0.1094701886177063, 0.9840052127838135, 0.2162756323814392, -0.6477663516998291, 0.44084250926971436, 50134.0, 28082.0, 34979.0, 54470.0, 5.0019049644470215, -8.015890121459961
21744, -1.428952693939209, 0.11658523231744766, 1.0044747591018677, 0.23352934420108795, -0.5714705586433411, 0.5237016677856445, 47740.0, 28067.0, 35540.0, 52071.0, 4.608370304107666, -8.10386848449707
21763, -1.4264038801193237, 0.12008503824472427, 1.0352880954742432, 0.24974611401557922, -0.5128260254859924, 0.6525922417640686, 38751.0, 26527.0, 38544.0, 48067.0, 4.164587020874023, -7.580278396606445
21781, -1.4228307008743286, 0.11927472054958344, 1.0508058071136475, 0.2622726261615753, -0.4787311553955078, 0.6514297127723694, 38325.0, 28933.0, 30949.0, 37563.0, 3.7871625423431396, -6.526822566986084
21803, -1.4186887741088867, 0.11837898939847946, 1.0815118551254272, 0.2719837725162506, -0.44435012340545654, 0.7343901991844177, 37008.0, 26309.0, 30351.0, 38560.0, 3.518996000289917, -5.075713157653809
21828, -1.421539545059204, 0.14236032962799072, 1.0904977321624756, 0.24480639398097992, -0.2843932509422302, 0.7093408107757568, 35160.0, 26352.0, 23642.0, 31631.0, 3.236752986907959, -3.3127925395965576
21842, -1.4182170629501343, 0.14415457844734192, 1.1039386987686157, 0.24465006589889526, -0.25106528401374817, 0.6556580066680908, 32798.0, 23840.0, 25541.0, 34168.0, 3.0993130207061768, -2.3456149101257324
21865, -1.4154846668243408, 0.15971188247203827, 1.1305922269821167, 0.22016330063343048, -0.138164222240448, 0.5954656600952148, 29891.0, 25450.0, 29225.0, 33285.0, 2.870340347290039, -0.6481506824493408
21883, -1.4155340194702148, 0.16840028762817383, 1.135907530784607, 0.20563478767871857, -0.08642151951789856, 0.5506290197372437, 29410.0, 28222.0, 27953.0, 31264.0, 2.4672129154205322, 2.1957685947418213
21904, -1.413111925125122, 0.1815905123949051, 1.1545757055282593, 0.176595538854599, -0.017591360956430435, 0.4597231447696686, 29905.0, 30130.0, 28324.0, 31167.0, 2.333144187927246, 3.0606844425201416
21921, -1.4126405715942383, 0.19413967430591583, 1.1612484455108643, 0.14972464740276337, 0.036635007709264755, 0.3549339771270752, 31965.0, 29735.0, 28566.0, 33031.0, 1.898935317993164, 5.2665934562683105
21944, -1.4139654636383057, 0.20595712959766388, 1.1626331806182861, 0.12721580266952515, 0.09018407762050629, 0.29039308428764343, 34448.0, 29950.0, 30634.0, 35233.0, 1.7579853534698486, 6.386415481567383
21962, -1.414806842803955, 0.21910877525806427, 1.1688339710235596, 0.09526553004980087, 0.1337776780128479, 0.22281977534294128, 36870.0, 27867.0, 31386.0, 38332.0, 1.804277777671814, 6.830747604370117
21981, -1.4156030416488647, 0.2311127930879593, 1.1704546213150024, 0.06346164643764496, 0.15854112803936005, 0.13161198794841766, 38836.0, 28549.0, 35350.0, 38625.0, 1.9721049070358276, 7.420698642730713
22001, -1.4171059131622314, 0.24268044531345367, 1.1746416091918945, 0.029688844457268715, 0.17159631848335266, 0.09019479155540466, 40888.0, 30476.0, 32060.0, 38842.0, 2.16448712348938, 7.405657768249512
22021, -1.4191644191741943, 0.2537105977535248, 1.1733644008636475, 0.0008086824673227966, 0.17898547649383545, 0.01810671202838421, 44062.0, 31276.0, 29243.0, 40513.0, 2.4900474548339844, 6.976294040679932
22043, -1.422160267829895, 0.265036940574646, 1.170290470123291, -0.027062319219112396, 0.18537376821041107, -0.0453052744269371, 45661.0, 30587.0, 31228.0, 42741.0, 2.852307081222534, 6.160830974578857
22061, -1.4245129823684692, 0.27306056022644043, 1.1678357124328613, -0.04654154181480408, 0.16713251173496246, -0.09216403216123581, 48048.0, 33964.0, 31856.0, 44596.0, 3.197857141494751, 5.142053604125977
22081, -1.4255460500717163, 0.2760308086872101, 1.1657567024230957, -0.05507882684469223, 0.12226175516843796, -0.11604102700948715, 48159.0, 32369.0, 32640.0, 47461.0, 3.4659111499786377, 3.957145929336548
22102, -1.4289675951004028, 0.2839032709598541, 1.1617674827575684, -0.06999359279870987, 0.10050500184297562, -0.14791308343410492, 48721.0, 32585.0, 33623.0, 48878.0, 3.633239507675171, 2.7836062908172607
22128, -1.4348951578140259, 0.29653337597846985, 1.156935691833496, -0.09061256051063538, 0.10166949778795242, -0.17066128551959991, 48231.0, 36061.0, 35461.0, 47719.0, 3.8136188983917236, 1.6106855869293213
22143, -1.4387134313583374, 0.30306562781333923, 1.1527650356292725, -0.09639724344015121, 0.06912406533956528, -0.1823706179857254, 49749.0, 34603.0, 37125.0, 50070.0, 3.9618897438049316, 0.1705203354358673
22163, -1.4416354894638062, 0.3079836368560791, 1.1522296667099, -0.10194588452577591, 0.06043298542499542, -0.17616558074951172, 49224.0, 35029.0, 39280.0, 50638.0, 4.017746925354004, -0.36600562930107117
22183, -1.4457008838653564, 0.31404057145118713, 1.1484912633895874, -0.10325928777456284, 0.03134313225746155, -0.17646868526935577, 51251.0, 34120.0, 36801.0, 51517.0, 4.08235502243042, -0.8144699335098267
22204, -1.4509656429290771, 0.31939053535461426, 1.1460323333740234, -0.09475052356719971, -0.029274027794599533, -0.15473376214504242, 52144.0, 35305.0, 36602.0, 50836.0, 4.214803218841553, -1.7437026500701904
22224, -1.4529904127120972, 0.32255253195762634, 1.1445835828781128, -0.09155505895614624, -0.03888898342847824, -0.15300986170768738, 52697.0, 30610.0, 35946.0, 53456.0, 4.464547634124756, -3.163226842880249
22244, -1.4564496278762817, 0.3256271481513977, 1.141719102859497, -0.07876285165548325, -0.0790598914027214, -0.14594008028507233, 51901.0, 33329.0, 37570.0, 51889.0, 4.565144062042236, -3.644602060317993
22261, -1.4567997455596924, 0.3104599714279175, 1.1403164863586426, -0.03481510654091835, -0.32804548740386963, -0.17847497761249542, 53135.0, 35521.0, 36133.0, 50365.0, 4.711543083190918, -4.576018333435059
22282, -1.457030177116394, 0.2918509840965271, 1.1316946744918823, 0.0068419440649449825, -0.6114768385887146, -0.3470190465450287, 53861.0, 39976.0, 34980.0, 47011.0, 5.156341075897217, -5.653074264526367
22302, -1.4588608741760254, 0.2925052344799042, 1.0939737558364868, 0.018939504399895668, -0.5948078632354736, -0.5617824792861938, 58621.0, 40364.0, 34517.0, 50935.0, 5.637521743774414, -6.647714138031006
22324, -1.4603732824325562, 0.29288554191589355, 1.0916314125061035, 0.045465003699064255, -0.6520175337791443, -0.5005617737770081, 57870.0, 37774.0, 40444.0, 55120.0, 5.7014336585998535, -7.101022243499756
22344, -1.4611929655075073, 0.29089242219924927, 1.0917998552322388, 0.07794373482465744, -0.7128787040710449, -0.409534215927124, 58610.0, 40091.0, 47977.0, 60814.0, 5.641470909118652, -7.406524181365967
22363, -1.4614076614379883, 0.28731074929237366, 1.0932718515396118, 0.11079224199056625, -0.7620785236358643, -0.3108256459236145, 57854.0, 36651.0, 45820.0, 62355.0, 5.558680534362793, -7.789388179779053
22381, -1.460662603378296, 0.28165528178215027, 1.0946084260940552, 0.14629125595092773, -0.802148699760437, -0.22207678854465485, 61785.0, 40584.0, 39109.0, 59105.0, 5.41688871383667, -8.250883102416992
22401, -1.4594429731369019, 0.27717697620391846, 1.1050852537155151, 0.18231140077114105, -0.8200852870941162, -0.08622220903635025, 58637.0, 36558.0, 41758.0, 59504.0, 5.213594436645508, -8.849424362182617
22422, -1.4577522277832031, 0.27388566732406616, 1.110885500907898, 0.2148790806531906, -0.8118595480918884, -0.0029272513929754496, 55010.0, 36038.0, 39479.0, 55211.0, 4.991867542266846, -9.280059814453125
22444, -1.455306053161621, 0.2701844871044159, 1.1191116571426392, 0.24674607813358307, -0.7937549948692322, 0.08075454831123352, 51778.0, 32937.0, 40371.0, 54278.0, 4.736286163330078, -9.422040939331055
22461, -1.4522528648376465, 0.26702162623405457, 1.1394975185394287, 0.27511435747146606, -0.7670636773109436, 0.22468514740467072, 49111.0, 30145.0, 36525.0, 51502.0, 4.365732669830322, -9.039778709411621
22481, -1.4497578144073486, 0.2682048976421356, 1.1494884490966797, 0.28872349858283997, -0.7070680260658264, 0.26636937260627747, 47353.0, 27387.0, 33244.0, 47794.0, 4.013310432434082, -8.266705513000488
22501, -1.445984959602356, 0.26667848229408264, 1.170911192893982, 0.30295461416244507, -0.6605304479598999, 0.363978773355484, 43628.0, 31219.0, 34335.0, 42546.0, 3.6866729259490967, -7.161645412445068
22522, -1.4423496723175049, 0.2664680480957031, 1.1807758808135986, 0.30487266182899475, -0.6067503690719604, 0.3541643023490906, 39681.0, 27507.0, 30820.0, 39332.0, 3.349738359451294, -5.674592018127441
22543, -1.4421372413635254, 0.27568328380584717, 1.18771231174469, 0.29231229424476624, -0.5226235389709473, 0.344976544380188, 35841.0, 30488.0, 25476.0, 42131.0, 2.9813241958618164, -3.9464800357818604
22561, -1.4386142492294312, 0.27567818760871887, 1.1990182399749756, 0.2856752574443817, -0.4798543155193329, 0.3269326090812683, 36033.0, 29683.0, 31119.0, 36506.0, 2.7569656372070312, -2.819674253463745
22582, -1.4348362684249878, 0.2757113575935364, 1.206449031829834, 0.27343255281448364, -0.4413489103317261, 0.27569088339805603, 33018.0, 29146.0, 32116.0, 35840.0, 2.4105379581451416, -0.9653922319412231
22601, -1.4322656393051147, 0.2774847447872162, 1.218605637550354, 0.2559162974357605, -0.40413033962249756, 0.2715120017528534, 34363.0, 31005.0, 31241.0, 35299.0, 2.0182180404663086, 1.0410387516021729
22621, -1.4272381067276, 0.2692192792892456, 1.223525881767273, 0.24923379719257355, -0.42608246207237244, 0.22013327479362488, 33373.0, 29213.0, 30803.0, 35193.0, 1.7424647808074951, 2.6755001544952393
22643, -1.4270187616348267, 0.27517539262771606, 1.2252997159957886, 0.21533600986003876, -0.3742466866970062, 0.148021399974823, 35435.0, 31452.0, 30560.0, 33942.0, 1.4900922775268555, 3.977637767791748
22661, -1.4264992475509644, 0.27995765209198, 1.2298537492752075, 0.1853368878364563, -0.3375857472419739, 0.09942959994077682, 36041.0, 30553.0, 32649.0, 35473.0, 1.402179479598999, 5.115264892578125
22684, -1.427048683166504, 0.28638720512390137, 1.2294381856918335, 0.14995896816253662, -0.2994236648082733, 0.02388095110654831, 36894.0, 29054.0, 33529.0, 37857.0, 1.451180338859558, 6.014674186706543
22702, -1.4285542964935303, 0.29405882954597473, 1.2317860126495361, 0.11149797588586807, -0.2656368017196655, -0.010815943591296673, 40474.0, 30971.0, 32415.0, 38724.0, 1.6018763780593872, 6.593120098114014
22722, -1.430510401725769, 0.2999385893344879, 1.2287483215332031, 0.07524259388446808, -0.24540212750434875, -0.07499848306179047, 42104.0, 31491.0, 32239.0, 39370.0, 1.8364804983139038, 6.801225185394287
22744, -1.433280348777771, 0.30594155192375183, 1.2242562770843506, 0.040546316653490067, -0.22763366997241974, -0.1353060007095337, 45417.0, 31752.0, 34523.0, 38168.0, 2.120224952697754, 6.571321487426758
22761, -1.4345457553863525, 0.3061419427394867, 1.224753737449646, 0.016411198303103447, -0.24477273225784302, -0.14556586742401123, 44952.0, 33066.0, 33959.0, 43024.0, 2.410646677017212, 6.035226345062256
22781, -1.4356099367141724, 0.3071831464767456, 1.2224910259246826, 0.004326005466282368, -0.24745339155197144, -0.16824306547641754, 48171.0, 28118.0, 34783.0, 44037.0, 2.7042839527130127, 5.152199745178223
22801, -1.4386721849441528, 0.30658093094825745, 1.216452956199646, -0.02350720949470997, -0.28047075867652893, -0.2095981240272522, 45772.0, 30637.0, 35062.0, 47787.0, 2.8413946628570557, 4.667803764343262
22821, -1.4392156600952148, 0.3004721999168396, 1.2121055126190186, -0.02959408238530159, -0.33160579204559326, -0.22574526071548462, 48143.0, 31966.0, 34080.0, 48034.0, 3.188624382019043, 3.0806498527526855
22841, -1.4403808116912842, 0.29497000575065613, 1.2072991132736206, -0.03448246419429779, -0.37791678309440613, -0.24032196402549744, 47864.0, 31476.0, 35797.0, 49317.0, 3.3547487258911133, 2.0196356773376465
22862, -1.4416009187698364, 0.2890181839466095, 1.205926775932312, -0.03585361689329147, -0.4244706630706787, -0.23218366503715515, 48909.0, 34727.0, 35963.0, 47701.0, 3.5065648555755615, 0.9731627106666565
22883, -1.446174144744873, 0.29654404520988464, 1.2021836042404175, -0.05197522044181824, -0.3976946771144867, -0.2479667067527771, 51312.0, 32467.0, 36301.0, 46595.0, 3.6966822147369385, -0.04439762979745865
22905, -1.451723575592041, 0.2987442910671234, 1.1973735094070435, -0.06488184630870819, -0.40741848945617676, -0.25451675057411194, 49774.0, 33749.0, 36948.0, 49114.0, 3.794373035430908, -0.44972848892211914
22924, -1.4582818746566772, 0.2940567433834076, 1.1874679327011108, -0.06576871126890182, -0.46063244342803955, -0.2615477442741394, 49119.0, 28908.0, 39190.0, 52751.0, 3.9725453853607178, -1.3081356287002563
22941, -1.4596688747406006, 0.2830694019794464, 1.1827967166900635, -0.051971256732940674, -0.5900948643684387, -0.2949847877025604, 52597.0, 33142.0, 35942.0, 50357.0, 4.249571323394775, -2.6410093307495117
22966, -1.4624228477478027, 0.27259236574172974, 1.1735094785690308, -0.03736335039138794, -0.6951231956481934, -0.3441638946533203, 53087.0, 37707.0, 35684.0, 47705.0, 4.599979877471924, -3.316865921020508
22981, -1.464858889579773, 0.264460951089859, 1.1671056747436523, -0.022174017503857613, -0.7465266585350037, -0.34153029322624207, 56346.0, 33985.0, 41147.0, 49552.0, 4.908246040344238, -4.195849418640137
23002, -1.467158317565918, 0.2570028305053711, 1.1568949222564697, -0.006495893467217684, -0.7850436568260193, -0.35995227098464966, 55732.0, 37145.0, 40361.0, 49368.0, 5.08146858215332, -4.940793037414551
23024, -1.4672232866287231, 0.2316780835390091, 1.1462619304656982, 0.03128558024764061, -1.0175604820251465, -0.4407081604003906, 54734.0, 35959.0, 41728.0, 53778.0, 5.1860246658325195, -5.598011016845703
23044, -1.4687978029251099, 0.22361233830451965, 1.1422781944274902, 0.05622053146362305, -1.0472685098648071, -0.38933590054512024, 58847.0, 40889.0, 38260.0, 52559.0, 5.531853199005127, -6.55958366394043
23062, -1.4685646295547485, 0.20747226476669312, 1.137215495109558, 0.08990848064422607, -1.1037713289260864, -0.34999674558639526, 56817.0, 37575.0, 41980.0, 56391.0, 5.528534412384033, -7.284996509552002
23081, -1.4685804843902588, 0.19683706760406494, 1.1346523761749268, 0.11911943554878235, -1.1175436973571777, -0.29419490694999695, 55563.0, 35627.0, 43200.0, 56216.0, 5.511653900146484, -7.942968368530273
23103, -1.4681743383407593, 0.18735624849796295, 1.1378694772720337, 0.14977800846099854, -1.1114182472229004, -0.2012338489294052, 55042.0, 33148.0, 41781.0, 57412.0, 5.40203332901001, -8.465911865234375
23123, -1.4674370288848877, 0.17885814607143402, 1.1384013891220093, 0.17678359150886536, -1.0812057256698608, -0.14356650412082672, 46737.0, 34077.0, 48846.0, 53641.0, 5.206421375274658, -8.921688079833984
23144, -1.4656075239181519, 0.16855281591415405, 1.1405811309814453, 0.20760467648506165, -1.0443878173828125, -0.0818045362830162, 53302.0, 32838.0, 39350.0, 53220.0, 4.953317642211914, -9.202357292175293
23166, -1.4634785652160645, 0.16101667284965515, 1.1529282331466675, 0.23409175872802734, -0.9934666752815247, 0.02704072929918766, 49536.0, 33415.0, 38434.0, 53155.0, 4.684524059295654, -9.21656608581543
23183, -1.4622033834457397, 0.15753722190856934, 1.1548606157302856, 0.24553635716438293, -0.9537472128868103, 0.04413541778922081, 49396.0, 29890.0, 33936.0, 48558.0, 4.4028425216674805, -8.867798805236816
23202, -1.458999514579773, 0.14921240508556366, 1.167030692100525, 0.26652464270591736, -0.898463785648346, 0.1219463124871254, 48719.0, 27403.0, 34420.0, 49059.0, 4.236988067626953, -8.500617980957031
23222, -1.4560890197753906, 0.14340445399284363, 1.1697449684143066, 0.2774023711681366, -0.8361469507217407, 0.1191272884607315, 44387.0, 29719.0, 35178.0, 43360.0, 3.977346658706665, -7.557882308959961
23244, -1.4531147480010986, 0.13878920674324036, 1.1723153591156006, 0.2827986478805542, -0.7716553807258606, 0.10951972007751465, 42668.0, 30790.0, 35509.0, 42620.0, 3.8049309253692627, -6.3991522789001465
23261, -1.449163556098938, 0.13277779519557953, 1.1817128658294678, 0.28780505061149597, -0.7126315832138062, 0.14087946712970734, 42886.0, 31370.0, 34018.0, 42595.0, 3.600923776626587, -5.074139595031738
23282, -1.4461016654968262, 0.1303393840789795, 1.1834676265716553, 0.2809275686740875, -0.6420019865036011, 0.11347327381372452, 40871.0, 31585.0, 33448.0, 40436.0, 3.3561363220214844, -3.5358572006225586
23302, -1.442978024482727, 0.12764646112918854, 1.188438892364502, 0.271954208612442, -0.5849962830543518, 0.10202643275260925, 41817.0, 30874.0, 32342.0, 41322.0, 3.1343326568603516, -1.9685773849487305
23324, -1.4407145977020264, 0.12729451060295105, 1.1883796453475952, 0.2552751898765564, -0.5249511003494263, 0.05680276080965996, 38742.0, 32339.0, 31917.0, 42526.0, 2.9368622303009033, -0.5605236291885376
23344, -1.4381498098373413, 0.12538322806358337, 1.1877912282943726, 0.23995870351791382, -0.4837304651737213, 0.023600557819008827, 39016.0, 31157.0, 36563.0, 41608.0, 2.7861127853393555, 0.7178325653076172
23363, -1.4384218454360962, 0.12981510162353516, 1.1912397146224976, 0.22086575627326965, -0.43149638175964355, 0.029407864436507225, 42086.0, 33588.0, 34572.0, 40607.0, 2.6631295680999756, 1.7686893939971924
23383, -1.4367533922195435, 0.12918634712696075, 1.1894614696502686, 0.19853536784648895, -0.39328476786613464, -0.015170084312558174, 42805.0, 30449.0, 33802.0, 42487.0, 2.6275274753570557, 2.3454298973083496
23401, -1.4348634481430054, 0.12733592092990875, 1.189596176147461, 0.17688961327075958, -0.367082804441452, -0.03831258416175842, 45404.0, 31208.0, 33055.0, 42681.0, 2.5679502487182617, 3.0340850353240967
23424, -1.4348441362380981, 0.1293075680732727, 1.1856894493103027, 0.1472385823726654, -0.3287762701511383, -0.08059641718864441, 43898.0, 30379.0, 35299.0, 44810.0, 2.5601999759674072, 3.49161434173584
23442, -1.435146689414978, 0.1305341124534607, 1.1832590103149414, 0.13192033767700195, -0.31152471899986267, -0.10055390745401382, 46252.0, 34122.0, 34160.0, 43443.0, 2.5751793384552, 3.658946990966797
23462, -1.4347739219665527, 0.1288699507713318, 1.1816637516021729, 0.09992847591638565, -0.2993953824043274, -0.1071048378944397, 47131.0, 33072.0, 34711.0, 44977.0, 2.5801146030426025, 3.6112658977508545
23483, -1.4360140562057495, 0.13006368279457092, 1.1770944595336914, 0.0758248120546341, -0.2854176163673401, -0.13738422095775604, 47071.0, 33588.0, 34586.0, 44837.0, 2.5959160327911377, 3.3213980197906494
23503, -1.4372656345367432, 0.13001811504364014, 1.1733660697937012, 0.05542507395148277, -0.28265735507011414, -0.1567157655954361, 47651.0, 32195.0, 35544.0, 46946.0, 2.633512496948242, 2.923938035964966
23524, -1.4390391111373901, 0.1298559457063675, 1.168198585510254, 0.03533192723989487, -0.28456586599349976, -0.17676123976707458, 47541.0, 32889.0, 36280.0, 47964.0, 2.6571950912475586, 2.457211971282959
23545, -1.4408644437789917, 0.12908045947551727, 1.1634259223937988, 0.01961134374141693, -0.2926675081253052, -0.19009067118167877, 47886.0, 35525.0, 37263.0, 46863.0, 2.683178663253784, 1.8955318927764893
23563, -1.4429692029953003, 0.12770259380340576, 1.1617469787597656, 0.005659515969455242, -0.30639025568962097, -0.17760838568210602, 49803.0, 39573.0, 35853.0, 44657.0, 2.709223508834839, 1.364416241645813
23583, -1.4447561502456665, 0.12823842465877533, 1.1591253280639648, -0.003031245432794094, -0.30709585547447205, -0.18361495435237885, 51105.0, 30926.0, 34682.0, 50711.0, 2.7397701740264893, 0.8077741861343384
23603, -1.446995735168457, 0.12575042247772217, 1.1574856042861938, -0.012120824307203293, -0.32829973101615906, -0.16761411726474762, 50915.0, 31347.0, 35557.0, 51272.0, 2.77272891998291, 0.48074743151664734
23622, -1.4499071836471558, 0.1195150688290596, 1.151503086090088, -0.017809145152568817, -0.3725886344909668, -0.16956575214862823, 51154.0, 34158.0, 35397.0, 48588.0, 2.842696189880371, -0.16110798716545105
23644, -1.4521111249923706, 0.11539832502603531, 1.1475430727005005, -0.01840600185096264, -0.40016409754753113, -0.16985704004764557, 52856.0, 27543.0, 35479.0, 52160.0, 2.9974911212921143, -1.1891248226165771
23663, -1.4544103145599365, 0.11033426970243454, 1.1483919620513916, -0.016749491915106773, -0.4322514832019806, -0.13684268295764923, 50687.0, 28272.0, 37269.0, 53251.0, 3.1428182125091553, -2.045414686203003
23681, -1.4565439224243164, 0.10909034311771393, 1.1459505558013916, -0.018471797928214073, -0.43944427371025085, -0.13977883756160736, 51107.0, 34938.0, 35173.0, 47942.0, 3.2365946769714355, -2.8027408123016357
23701, -1.4571856260299683, 0.09177438169717789, 1.1443406343460083, 0.0035111657343804836, -0.6026170253753662, -0.14905017614364624, 48754.0, 35551.0, 38748.0, 47525.0, 3.2766644954681396, -3.1536080837249756
23722, -1.4577692747116089, 0.07521431893110275, 1.1391435861587524, 0.023413676768541336, -0.748558521270752, -0.2016378492116928, 54204.0, 30873.0, 36401.0, 45664.0, 3.4966163635253906, -4.063263416290283
23742, -1.458878517150879, 0.06643456220626831, 1.1349725723266602, 0.036712974309921265, -0.7809098958969116, -0.20850034058094025, 55697.0, 41060.0, 32686.0, 45168.0, 3.659813642501831, -4.827760696411133
23761, -1.4600980281829834, 0.05825917422771454, 1.1300493478775024, 0.04930353909730911, -0.8013038635253906, -0.2177411913871765, 52159.0, 35521.0, 39448.0, 49640.0, 3.6948235034942627, -5.328793048858643
23781, -1.4605576992034912, 0.04829112067818642, 1.1264408826828003, 0.06514748185873032, -0.8248981833457947, -0.20910774171352386, 50828.0, 32173.0, 41721.0, 53093.0, 3.7629306316375732, -5.636288166046143
23802, -1.4606659412384033, 0.036785226315259933, 1.125861644744873, 0.08439483493566513, -0.8427523970603943, -0.1704736202955246, 51225.0, 33661.0, 40403.0, 52970.0, 3.7451446056365967, -5.89546012878418
23823, -1.4608323574066162, 0.028503531590104103, 1.1236605644226074, 0.09958376735448837, -0.833588182926178, -0.1498522311449051, 52657.0, 33749.0, 37506.0, 51819.0, 3.5816941261291504, -6.1515984535217285
23842, -1.460410237312317, 0.01946050114929676, 1.1222835779190063, 0.1166766807436943, -0.8215298652648926, -0.12095332890748978, 51583.0, 35303.0, 38036.0, 50633.0, 3.4207167625427246, -6.310410022735596
23864, -1.460091233253479, 0.012655376456677914, 1.1266309022903442, 0.13177835941314697, -0.790998101234436, -0.057381048798561096, 49893.0, 31714.0, 39865.0, 52358.0, 3.23581862449646, -6.393446445465088
23881, -1.4585926532745361, 0.0025410354137420654, 1.1262115240097046, 0.14896056056022644, -0.774054765701294, -0.03808395564556122, 49375.0, 33956.0, 37140.0, 48990.0, 3.064554214477539, -6.326113700866699
23901, -1.4573614597320557, -0.004237714689224958, 1.1325833797454834, 0.162654846906662, -0.7355105876922607, 0.01970892958343029, 49367.0, 33513.0, 37087.0, 47454.0, 2.942019462585449, -6.164111614227295
23923, -1.4561258554458618, -0.010261191055178642, 1.1330254077911377, 0.17200049757957458, -0.6922325491905212, 0.025481699034571648, 47803.0, 30422.0, 35662.0, 47546.0, 2.828212022781372, -5.85405158996582
23941, -1.4541242122650146, -0.017476802691817284, 1.1336438655853271, 0.18264222145080566, -0.657197892665863, 0.025148384273052216, 47698.0, 27565.0, 34982.0, 49234.0, 2.7308578491210938, -5.5324530601501465
23964, -1.4528008699417114, -0.02120867371559143, 1.138674259185791, 0.18745626509189606, -0.605178952217102, 0.05107290297746658, 48239.0, 35042.0, 33945.0, 43408.0, 2.6254894733428955, -5.121280193328857
23984, -1.4503765106201172, -0.027861380949616432, 1.139258623123169, 0.19483764469623566, -0.5732288956642151, 0.04110332950949669, 45762.0, 30130.0, 35094.0, 45859.0, 2.5311641693115234, -4.580725193023682
24003, -1.448320746421814, -0.032137833535671234, 1.1440004110336304, 0.1983480155467987, -0.5315513014793396, 0.0540035143494606, 45812.0, 34440.0, 35004.0, 42910.0, 2.448075532913208, -4.071463584899902
24022, -1.4466067552566528, -0.03479813039302826, 1.1438207626342773, 0.19747820496559143, -0.4865473806858063, 0.0319208949804306, 44528.0, 31586.0, 35008.0, 44563.0, 2.3461151123046875, -3.421221971511841
24042, -1.4448182582855225, -0.037779875099658966, 1.1434071063995361, 0.19460542500019073, -0.44801920652389526, 0.015944406390190125, 44905.0, 30971.0, 35184.0, 45532.0, 2.2344324588775635, -2.7145745754241943
24061, -1.4430285692214966, -0.04020899161696434, 1.1454449892044067, 0.190318763256073, -0.4107465147972107, 0.019397569820284843, 44389.0, 33703.0, 35905.0, 44109.0, 2.1422934532165527, -2.024959087371826
24083, -1.44273841381073, -0.039596106857061386, 1.144731044769287, 0.1835537999868393, -0.38203680515289307, 0.0076960111036896706, 43675.0, 29604.0, 36600.0, 46712.0, 2.055574893951416, -1.2937170267105103
24101, -1.440073847770691, -0.04326725751161575, 1.1452128887176514, 0.17336247861385345, -0.34008926153182983, 0.00029743381310254335, 43602.0, 32536.0, 37723.0, 44308.0, 1.994081735610962, -0.6511480808258057
24122, -1.438986897468567, -0.043978966772556305, 1.1439476013183594, 0.1612851321697235, -0.30713585019111633, -0.019617415964603424, 45291.0, 31636.0, 35940.0, 44998.0, 1.9838998317718506, -0.147161066532135
24143, -1.4374971389770508, -0.04591876268386841, 1.142491102218628, 0.15124040842056274, -0.2861011028289795, -0.0380406379699707, 46314.0, 30902.0, 35960.0, 45404.0, 2.0033679008483887, 0.2764608860015869
24164, -1.4381730556488037, -0.043756332248449326, 1.1437441110610962, 0.1381334811449051, -0.25827357172966003, -0.035162389278411865, 46382.0, 35748.0, 36298.0, 42422.0, 2.028519630432129, 0.5449836254119873
24183, -1.437820553779602, -0.04390097036957741, 1.1414796113967896, 0.12358265370130539, -0.2353527843952179, -0.05720125138759613, 45716.0, 35166.0, 37147.0, 42778.0, 2.0574934482574463, 0.7251846790313721
24203, -1.437520980834961, -0.04454568028450012, 1.1407681703567505, 0.10963013023138046, -0.21979205310344696, -0.06343013793230057, 47087.0, 32433.0, 36323.0, 46065.0, 2.080104351043701, 0.9188580513000488
24223, -1.437322974205017, -0.04550735279917717, 1.138558268547058, 0.09762340784072876, -0.211851567029953, -0.07648134976625443, 46944.0, 33946.0, 36422.0, 45431.0, 2.0837666988372803, 0.8909403085708618
24245, -1.4380583763122559, -0.04553898051381111, 1.1357783079147339, 0.08285871148109436, -0.20259112119674683, -0.09098819643259048, 48197.0, 34424.0, 35262.0, 46019.0, 2.046177625656128, 0.7497275471687317
24264, -1.4388141632080078, -0.04570763185620308, 1.134856104850769, 0.0701029896736145, -0.19727550446987152, -0.08913851529359818, 47502.0, 31956.0, 36784.0, 48617.0, 2.018787145614624, 0.5003734827041626
24285, -1.4388453960418701, -0.048520855605602264, 1.1315186023712158, 0.06103105843067169, -0.20798766613006592, -0.08941225707530975, 47401.0, 29774.0, 37309.0, 49935.0, 2.0057358741760254, 0.2297964245080948
24302, -1.4398107528686523, -0.0481303408741951, 1.1324559450149536, 0.05412820354104042, -0.20532441139221191, -0.07337430119514465, 50191.0, 38295.0, 33312.0, 44338.0, 1.9763550758361816, -0.27078527212142944
24321, -1.4404900074005127, -0.049213945865631104, 1.1305170059204102, 0.048291657119989395, -0.21066831052303314, -0.07115737348794937, 47795.0, 37851.0, 36638.0, 43285.0, 1.9654055833816528, -0.3960607945919037
24341, -1.441322922706604, -0.0506603829562664, 1.128636121749878, 0.04345323145389557, -0.21824654936790466, -0.07170461863279343, 48284.0, 32959.0, 36435.0, 47121.0, 1.9697465896606445, -0.7079564929008484
24364, -1.4426054954528809, -0.05172057822346687, 1.129286766052246, 0.038240328431129456, -0.22360846400260925, -0.05586066469550133, 48132.0, 31342.0, 37142.0, 48224.0, 1.9967408180236816, -1.0832101106643677
24381, -1.4429960250854492, -0.05487191304564476, 1.1276021003723145, 0.03862110152840614, -0.24004320800304413, -0.06204487755894661, 47840.0, 36256.0, 36367.0, 44122.0, 2.0507893562316895, -1.3860242366790771
24402, -1.4437533617019653, -0.05778113007545471, 1.1285009384155273, 0.038514427840709686, -0.2548496723175049, -0.051995448768138885, 47944.0, 33404.0, 37019.0, 46510.0, 2.0741453170776367, -1.650931477546692
24424, -1.4443544149398804, -0.06098272651433945, 1.126692533493042, 0.03954588621854782, -0.26944857835769653, -0.06613088399171829, 46744.0, 33362.0, 37793.0, 46300.0, 2.110626459121704, -1.8968356847763062
24451, -1.445823073387146, -0.06390679627656937, 1.1239861249923706, 0.03774736821651459, -0.28073814511299133, -0.0835007056593895, 47805.0, 35335.0, 36853.0, 45567.0, 2.1320273876190186, -2.1500611305236816
24461, -1.4464514255523682, -0.0661584809422493, 1.125394344329834, 0.03815668821334839, -0.29014089703559875, -0.07181097567081451, 49505.0, 29730.0, 35500.0, 50423.0, 2.0804247856140137, -2.5343823432922363
24484, -1.441893219947815, -0.1272636502981186, 1.115186333656311, 0.09620630741119385, -0.9275764226913452, -0.4233759641647339, 49223.0, 37193.0, 34874.0, 44650.0, 2.082151412963867, -2.5368459224700928
24503, -1.4422776699066162, -0.1415230929851532, 1.0698976516723633, 0.09369603544473648, -0.9613280296325684, -0.7960355281829834, 63604.0, 50878.0, 30041.0, 42272.0, 3.285392999649048, -3.898358106613159
24522, -1.4423397779464722, -0.15185727179050446, 1.0580992698669434, 0.1061604768037796, -1.0654209852218628, -0.8284825086593628, 64634.0, 47310.0, 50480.0, 56574.0, 3.6376125812530518, -4.35067081451416
24544, -1.442333459854126, -0.16339907050132751, 1.0468660593032837, 0.12336838990449905, -1.1892777681350708, -0.8301913142204285, 62307.0, 44635.0, 56009.0, 61925.0, 4.033218860626221, -4.58048152923584
24562, -1.4415371417999268, -0.17410339415073395, 1.0404847860336304, 0.14699211716651917, -1.2544667720794678, -0.7067317366600037, 65535.0, 42238.0, 50680.0, 61799.0, 4.634202003479004, -4.944900989532471
24583, -1.4417996406555176, -0.17479024827480316, 1.0425995588302612, 0.16676287353038788, -1.2225275039672852, -0.5123586654663086, 60540.0, 34137.0, 52459.0, 65535.0, 5.02860689163208, -5.602181434631348
24601, -1.4391859769821167, -0.18945015966892242, 1.0817821025848389, 0.21008756756782532, -1.258094072341919, -0.08427570015192032, 64334.0, 41295.0, 47529.0, 64690.0, 5.162339210510254, -6.652630805969238
24623, -1.4386425018310547, -0.1856619417667389, 1.088467001914978, 0.2321656346321106, -1.092751383781433, 0.048638395965099335, 56723.0, 27243.0, 39159.0, 58113.0, 5.022423267364502, -8.05373764038086
24643, -1.4363957643508911, -0.18740198016166687, 1.0955712795257568, 0.26010358333587646, -0.9556087851524353, 0.13600008189678192, 55044.0, 24842.0, 35591.0, 56138.0, 4.57874059677124, -9.414079666137695
24662, -1.4330638647079468, -0.1854962259531021, 1.1667218208312988, 0.2953284978866577, -0.7910711765289307, 0.629292905330658, 49909.0, 24295.0, 37198.0, 51982.0, 4.101686000823975, -10.332276344299316
24684, -1.432547688484192, -0.16681304574012756, 1.1713836193084717, 0.2922028601169586, -0.5432822108268738, 0.5429442524909973, 36509.0, 7000.0, 27412.0, 42121.0, 3.5255136489868164, -10.163163185119629
24702, -1.4300535917282104, -0.1625029742717743, 1.2436498403549194, 0.30852609872817993, -0.42416393756866455, 1.016348123550415, 30861.0, 19643.0, 28637.0, 36597.0, 3.361729383468628, -9.171395301818848
24723, -1.4277749061584473, -0.1369219273328781, 1.2464884519577026, 0.2872358560562134, -0.1539630889892578, 0.7141226530075073, 30496.0, 22270.0, 29876.0, 32306.0, 3.2737598419189453, -8.089669227600098
24742, -1.426193118095398, -0.11954254657030106, 1.2426451444625854, 0.26909181475639343, -0.011153428815305233, 0.5029738545417786, 31686.0, 24234.0, 28880.0, 28993.0, 3.7381951808929443, -4.5960845947265625
24764, -1.4238836765289307, -0.09903767704963684, 1.288485050201416, 0.2571757435798645, 0.16232560575008392, 0.6655189394950867, 31485.0, 24664.0, 28664.0, 28022.0, 4.12879753112793, -2.1588282585144043
24784, -1.4247877597808838, -0.07016783952713013, 1.2686183452606201, 0.22087258100509644, 0.31218966841697693, 0.3419814109802246, 29865.0, 23996.0, 28727.0, 29374.0, 4.407434463500977, 0.3358170986175537
24803, -1.4243437051773071, -0.046956926584243774, 1.264234185218811, 0.19392339885234833, 0.4190908372402191, 0.1752057671546936, 29376.0, 25985.0, 28659.0, 27455.0, 4.490835189819336, 2.367293357849121
24822, -1.4237152338027954, -0.024501195177435875, 1.2476212978363037, 0.16771869361400604, 0.4946381449699402, -0.054024588316679, 31580.0, 31578.0, 26405.0, 22903.0, 4.4070916175842285, 4.176714897155762
24842, -1.424263596534729, -0.00046410426148213446, 1.2219747304916382, 0.1369415819644928, 0.5593023896217346, -0.29913684725761414, 33320.0, 36219.0, 30755.0, 32750.0, 4.1943440437316895, 5.820013046264648
24864, -1.4248056411743164, 0.02413557842373848, 1.199476957321167, 0.10465626418590546, 0.616276204586029, -0.47073930501937866, 39430.0, 39431.0, 37066.0, 39709.0, 4.008744239807129, 7.064981460571289
24884, -1.4265505075454712, 0.043393008410930634, 1.1767562627792358, 0.07835820317268372, 0.659552812576294, -0.6184598207473755, 48117.0, 41765.0, 42220.0, 43714.0, 3.8295254707336426, 7.834853172302246
24901, -1.428279161453247, 0.07031705975532532, 1.1378931999206543, 0.038928765803575516, 0.6937164068222046, -0.8107843995094299, 53634.0, 39738.0, 43881.0, 51523.0, 3.739154100418091, 7.819720268249512
24922, -1.4303762912750244, 0.0948309376835823, 1.1106375455856323, 0.003194281365722418, 0.721153974533081, -0.8793472647666931, 59950.0, 44179.0, 45082.0, 55641.0, 3.7731001377105713, 7.40209436416626
24944, -1.4338562488555908, 0.12107627838850021, 1.0821235179901123, -0.029713435098528862, 0.7512463331222534, -0.9340741038322449, 65091.0, 44497.0, 44331.0, 60685.0, 3.799110174179077, 5.984842300415039
24964, -1.436121940612793, 0.14166966080665588, 1.063818097114563, -0.0478518083691597, 0.7412469387054443, -0.8771644234657288, 65535.0, 45414.0, 45465.0, 61782.0, 3.902487277984619, 3.878354549407959
24983, -1.440690040588379, 0.16863438487052917, 1.0406979322433472, -0.06025867536664009, 0.7582663297653198, -0.8640341758728027, 65535.0, 48616.0, 36115.0, 56333.0, 3.992863893508911, 1.1753859519958496
25003, -1.443984866142273, 0.19076326489448547, 1.020804762840271, -0.05368805304169655, 0.7454927563667297, -0.8231948614120483, 65535.0, 47538.0, 45311.0, 64063.0, 4.0746026039123535, -1.7910031080245972
25023, -1.4475346803665161, 0.2153341919183731, 1.0045500993728638, -0.03182853013277054, 0.7340558171272278, -0.7461445331573486, 65535.0, 48289.0, 44753.0, 64374.0, 4.086223125457764, -4.850999355316162
25041, -1.4498957395553589, 0.23647722601890564, 0.9919224977493286, 0.006046070717275143, 0.7090463042259216, -0.6639079451560974, 65535.0, 48586.0, 43479.0, 63992.0, 4.060398578643799, -8.191120147705078
25061, -1.4494638442993164, 0.25093159079551697, 0.988997220993042, 0.07074134051799774, 0.6444845795631409, -0.5203869938850403, 64308.0, 47164.0, 44628.0, 65535.0, 3.9981608390808105, -11.305473327636719
25081, -1.4473364353179932, 0.2632313370704651, 0.9793348908424377, 0.1500457525253296, 0.5742953419685364, -0.4503876864910126, 63917.0, 45342.0, 44530.0, 65535.0, 4.010158061981201, -14.43249797821045
25101, -1.4434176683425903, 0.2732886075973511, 0.9841621518135071, 0.24483054876327515, 0.4938792288303375, -0.2986827492713928, 65535.0, 46589.0, 44111.0, 65371.0, 4.026332378387451, -17.381275177001953
25121, -1.4384835958480835, 0.2826521694660187, 0.9794332385063171, 0.34471485018730164, 0.42049485445022583, -0.2385016679763794, 64572.0, 44513.0, 40818.0, 62954.0, 4.136240482330322, -20.248004913330078
25143, -1.4350359439849854, 0.30115991830825806, 0.9789594411849976, 0.43573111295700073, 0.3999546766281128, -0.1714767962694168, 64586.0, 41767.0, 42700.0, 62394.0, 4.287835597991943, -22.894363403320312
25164, -1.4296544790267944, 0.33354517817497253, 0.9910703301429749, 0.5361947417259216, 0.446266770362854, -0.05295663699507713, 63438.0, 42498.0, 38620.0, 61282.0, 4.287116050720215, -25.238079071044922
25182, -1.4206886291503906, 0.35972297191619873, 0.9944419860839844, 0.6478598117828369, 0.4644085466861725, -0.005179299972951412, 60732.0, 39019.0, 36180.0, 59992.0, 4.133589267730713, -27.42353630065918
25201, -1.415169358253479, 0.37730228900909424, 1.007807731628418, 0.7079573273658752, 0.4982699453830719, 0.0838451236486435, 58500.0, 41356.0, 30967.0, 60486.0, 3.7335245609283447, -29.151676177978516
25221, -1.3922377824783325, 0.40284252166748047, 1.0129643678665161, 0.8882690072059631, 0.46453657746315, 0.10782916098833084, 58128.0, 38100.0, 33285.0, 59738.0, 3.3698952198028564, -29.833833694458008
25242, -1.372978925704956, 0.42122650146484375, 1.0178238153457642, 1.0064626932144165, 0.4507046043872833, 0.11521191895008087, 55938.0, 34835.0, 31271.0, 58196.0, 2.2745494842529297, -30.889514923095703
25265, -1.3582665920257568, 0.4341117739677429, 1.0332709550857544, 1.0875104665756226, 0.4468899071216583, 0.19250181317329407, 47754.0, 45016.0, 15575.0, 63699.0, 1.157435417175293, -30.438190460205078
25283, -1.3354464769363403, 0.45399343967437744, 1.0384066104888916, 1.187096357345581, 0.45068711042404175, 0.18454265594482422, 52399.0, 29809.0, 29155.0, 56376.0, 0.2625870406627655, -29.359418869018555
25303, -1.3120628595352173, 0.4688248038291931, 1.051124930381775, 1.2699651718139648, 0.43334537744522095, 0.23124782741069794, 50062.0, 29180.0, 29487.0, 58029.0, -1.2175052165985107, -26.909503936767578
25323, -1.2872493267059326, 0.4817212224006653, 1.055120587348938, 1.335734486579895, 0.41100671887397766, 0.21183013916015625, 45115.0, 34639.0, 32202.0, 51993.0, -2.629709243774414, -23.173994064331055
25341, -1.2606765031814575, 0.49693939089775085, 1.058939814567566, 1.3817509412765503, 0.3994046151638031, 0.19713814556598663, 41555.0, 41049.0, 36840.0, 46583.0, -4.038064479827881, -18.384140014648438
25361, -1.2327889204025269, 0.505500316619873, 1.0720421075820923, 1.420975923538208, 0.3533235192298889, 0.2608080804347992, 39016.0, 41790.0, 40419.0, 44669.0, -5.459619522094727, -12.477832794189453
25382, -1.2200359106063843, 0.5170085430145264, 1.0726115703582764, 1.4068924188613892, 0.3675477206707001, 0.24092967808246613, 36169.0, 38996.0, 40304.0, 43238.0, -6.648963451385498, -6.325955390930176
25404, -1.1791294813156128, 0.5345070362091064, 1.079959511756897, 1.3845367431640625, 0.3316803574562073, 0.24281039834022522, 40856.0, 39425.0, 36804.0, 42164.0, -7.224803924560547, -2.7710087299346924
25423, -1.1662259101867676, 0.5408304333686829, 1.0814515352249146, 1.3668683767318726, 0.3261469602584839, 0.23350302875041962, 39383.0, 42112.0, 36554.0, 38626.0, -8.453272819519043, 5.357585430145264
25444, -1.1269664764404297, 0.5544812083244324, 1.08681321144104, 1.2948734760284424, 0.2786451280117035, 0.2096090316772461, 39525.0, 37792.0, 36588.0, 42927.0, -8.69298267364502, 7.636118412017822
25464, -1.1036276817321777, 0.5627756118774414, 1.095159649848938, 1.229239821434021, 0.24703875184059143, 0.22585318982601166, 40101.0, 39421.0, 35212.0, 42395.0, -9.211109161376953, 13.634119987487793
25486, -1.0857813358306885, 0.5430396795272827, 1.0940537452697754, 1.1428475379943848, -0.07990331202745438, 0.09202997386455536, 37550.0, 39426.0, 37346.0, 39899.0, -9.315596580505371, 16.804601669311523
25501, -1.0758850574493408, 0.5431571006774902, 1.0883457660675049, 1.1119201183319092, -0.1256241500377655, 0.005109567195177078, 46406.0, 42744.0, 34915.0, 39144.0, -7.1592912673950195, 18.939489364624023
25525, -1.0458498001098633, 0.5437383651733398, 1.0872052907943726, 1.002091646194458, -0.2541666328907013, -0.07057662308216095, 42403.0, 39226.0, 38853.0, 43356.0, -6.8722991943359375, 19.900442123413086
25542, -1.028706431388855, 0.5457430481910706, 1.0857542753219604, 0.9170854687690735, -0.3369581997394562, -0.11413528025150299, 46942.0, 35760.0, 41099.0, 51442.0, -6.625205039978027, 22.512189865112305
25562, -1.0136969089508057, 0.549996554851532, 1.0796500444412231, 0.8170711994171143, -0.3710631728172302, -0.15645386278629303, 48854.0, 39377.0, 41167.0, 50089.0, -5.854434967041016, 23.69809341430664
25582, -1.0085722208023071, 0.5565243363380432, 1.0818887948989868, 0.753643274307251, -0.36496439576148987, -0.13517816364765167, 52164.0, 38186.0, 39931.0, 52733.0, -5.3831281661987305, 24.37755012512207
25603, -0.997681736946106, 0.5579246878623962, 1.091357946395874, 0.6369170546531677, -0.41548895835876465, -0.05887117609381676, 52267.0, 34882.0, 40454.0, 54634.0, -5.079780101776123, 24.549890518188477
25623, -0.989028811454773, 0.5606626868247986, 1.0934559106826782, 0.5288006067276001, -0.4346601366996765, -0.04629889130592346, 50425.0, 33120.0, 39126.0, 52649.0, -4.283935070037842, 24.5830020904541
25644, -0.9818201065063477, 0.5620219707489014, 1.0965863466262817, 0.41154345870018005, -0.45658689737319946, -0.025228308513760567, 50952.0, 36510.0, 37721.0, 49932.0, -3.5353903770446777, 24.399688720703125
25664, -0.9756144285202026, 0.5580108761787415, 1.1125351190567017, 0.24861100316047668, -0.5086296796798706, 0.06575581431388855, 49372.0, 36424.0, 38877.0, 49213.0, -2.8455421924591064, 24.103527069091797
25685, -0.9753280282020569, 0.5614333748817444, 1.114793300628662, 0.18607227504253387, -0.49242544174194336, 0.06805779784917831, 49490.0, 25819.0, 40094.0, 47161.0, -2.1317501068115234, 24.027334213256836
25704, -0.9759103059768677, 0.5597327947616577, 1.1323961019515991, 0.0785304456949234, -0.5085907578468323, 0.1602734476327896, 46507.0, 31603.0, 36321.0, 48632.0, -1.9216219186782837, 24.157432556152344
25723, -0.9782098531723022, 0.5639165043830872, 1.1349973678588867, -0.020050793886184692, -0.48069149255752563, 0.13253214955329895, 44774.0, 30326.0, 34385.0, 43428.0, -1.6191654205322266, 24.434955596923828
25743, -0.981472909450531, 0.5633744597434998, 1.1371773481369019, -0.11175285279750824, -0.4788660705089569, 0.09933648258447647, 44153.0, 35425.0, 35767.0, 39410.0, -1.3458455801010132, 24.961538314819336
25762, -0.9876316785812378, 0.5624025464057922, 1.1525542736053467, -0.21269278228282928, -0.48093584179878235, 0.1608758270740509, 43313.0, 32318.0, 37546.0, 42852.0, -1.0689054727554321, 25.475496292114258
25784, -0.9949889183044434, 0.5660167336463928, 1.1528927087783813, -0.29977014660835266, -0.45110008120536804, 0.10314211249351501, 42988.0, 29032.0, 33374.0, 40983.0, -0.7909595966339111, 25.602996826171875
25802, -1.0050121545791626, 0.5670276284217834, 1.1647248268127441, -0.3966449499130249, -0.4400501847267151, 0.13278311491012573, 42999.0, 32234.0, 34989.0, 41618.0, -0.4637516736984253, 25.523441314697266
25821, -1.0149993896484375, 0.5699359774589539, 1.163246989250183, -0.4706568121910095, -0.41698527336120605, 0.06593731790781021, 43567.0, 31798.0, 34920.0, 41742.0, -0.12567463517189026, 24.860910415649414
25843, -1.0271885395050049, 0.574054479598999, 1.1596108675003052, -0.5450229048728943, -0.38946041464805603, -0.009341953322291374, 43216.0, 28001.0, 32813.0, 42857.0, 0.2011060118675232, 24.05413055419922
25861, -1.0407662391662598, 0.5712816119194031, 1.1700915098190308, -0.6253738403320312, -0.40739235281944275, 0.028081165626645088, 45339.0, 34295.0, 34859.0, 42883.0, 0.5496022701263428, 22.874902725219727
25883, -1.0530829429626465, 0.5692011117935181, 1.167468786239624, -0.6788392663002014, -0.4181410074234009, -0.029243383556604385, 48487.0, 24946.0, 36038.0, 40181.0, 0.9412629008293152, 21.36969757080078
25905, -1.0681830644607544, 0.5740580558776855, 1.163999080657959, -0.73399817943573, -0.393554151058197, -0.08279680460691452, 46565.0, 34242.0, 33671.0, 42481.0, 1.365144968032837, 19.70597267150879
25922, -1.084579586982727, 0.5793896317481995, 1.1567758321762085, -0.7847371697425842, -0.3710247278213501, -0.14829647541046143, 46433.0, 33539.0, 36694.0, 44590.0, 1.7788442373275757, 17.82420539855957
25941, -1.1028354167938232, 0.5839235186576843, 1.148325800895691, -0.8357127904891968, -0.3577834665775299, -0.20318344235420227, 50649.0, 29009.0, 41016.0, 41233.0, 2.1640625, 15.865055084228516
25963, -1.1127021312713623, 0.5846959352493286, 1.149558186531067, -0.8644115924835205, -0.3615204691886902, -0.18660011887550354, 50722.0, 31802.0, 35622.0, 49069.0, 2.563525438308716, 13.813865661621094
25981, -1.1304214000701904, 0.5848403573036194, 1.1430331468582153, -0.8986098170280457, -0.37444522976875305, -0.21283170580863953, 55636.0, 28156.0, 38192.0, 47461.0, 2.987621307373047, 11.434850692749023
26004, -1.1501044034957886, 0.5860224366188049, 1.1372140645980835, -0.9315189719200134, -0.3831990361213684, -0.22610077261924744, 52757.0, 31753.0, 35505.0, 51603.0, 3.193591833114624, 10.191912651062012
26023, -1.180595874786377, 0.5835026502609253, 1.127872347831726, -0.9636101126670837, -0.41856396198272705, -0.23886524140834808, 53732.0, 34968.0, 35901.0, 50554.0, 3.573546886444092, 7.539287090301514
26042, -1.1916232109069824, 0.584259033203125, 1.124487042427063, -0.9720922708511353, -0.42112302780151367, -0.24310360848903656, 56120.0, 31436.0, 39601.0, 49924.0, 4.098369598388672, 3.4439313411712646
26061, -1.221251130104065, 0.5728899240493774, 1.1190558671951294, -0.969875693321228, -0.5005545616149902, -0.21987919509410858, 53421.0, 31581.0, 36954.0, 55249.0, 4.195183277130127, 2.0922768115997314
26081, -1.2405096292495728, 0.5622838139533997, 1.1148091554641724, -0.9556229114532471, -0.5647113919258118, -0.2057289183139801, 54036.0, 32319.0, 36951.0, 54360.0, 4.649057865142822, -1.760805606842041
26101, -1.2580265998840332, 0.5525469183921814, 1.1100937128067017, -0.9253594875335693, -0.6194275617599487, -0.1968017965555191, 54230.0, 35740.0, 36607.0, 52230.0, 4.938163757324219, -4.157362937927246
26121, -1.2672141790390015, 0.5462730526924133, 1.1081857681274414, -0.9104974269866943, -0.6523308157920837, -0.18883277475833893, 53475.0, 32434.0, 38556.0, 54173.0, 5.121276378631592, -6.347688674926758
26141, -1.2835495471954346, 0.5457311868667603, 1.1044342517852783, -0.8430045247077942, -0.6577865481376648, -0.16921432316303253, 55213.0, 33891.0, 36118.0, 52923.0, 5.205140590667725, -7.36037015914917
26164, -1.3023326396942139, 0.5463584661483765, 1.1088453531265259, -0.8063063025474548, -0.6552804112434387, -0.11287083476781845, 54465.0, 27187.0, 37526.0, 56709.0, 5.115286350250244, -9.786367416381836
26184, -1.3273078203201294, 0.5351424813270569, 1.1066378355026245, -0.7377270460128784, -0.6989724636077881, -0.09674399346113205, 52234.0, 31471.0, 36075.0, 53359.0, 4.919496536254883, -11.558327674865723
26201, -1.3355991840362549, 0.5333347320556641, 1.1123605966567993, -0.712773859500885, -0.7029327750205994, -0.054423876106739044, 52955.0, 32333.0, 32462.0, 53918.0, 4.6917724609375, -13.622894287109375
26221, -1.3502453565597534, 0.5246647000312805, 1.1114600896835327, -0.6607135534286499, -0.727547287940979, -0.05695374682545662, 51470.0, 31930.0, 33264.0, 51788.0, 4.461638927459717, -14.248291969299316
26243, -1.3637784719467163, 0.5156512260437012, 1.1108729839324951, -0.6068110466003418, -0.7490829825401306, -0.05870092660188675, 50301.0, 28764.0, 35551.0, 53227.0, 4.106035232543945, -15.198068618774414
26263, -1.3752537965774536, 0.5044435858726501, 1.1169393062591553, -0.5439780950546265, -0.7796693444252014, -0.01374527532607317, 51095.0, 32204.0, 35125.0, 50536.0, 3.70041561126709, -15.83914852142334
26281, -1.3858497142791748, 0.49427440762519836, 1.1162452697753906, -0.4874657392501831, -0.7960907220840454, -0.026541925966739655, 49741.0, 31547.0, 32505.0, 50546.0, 3.032264471054077, -16.315155029296875
26304, -1.399051308631897, 0.4754016101360321, 1.1216946840286255, -0.39779406785964966, -0.8348888158798218, -0.00024386444420088083, 49924.0, 32938.0, 33519.0, 48862.0, 2.7419185638427734, -16.408845901489258
26323, -1.4028778076171875, 0.4716055393218994, 1.1207703351974487, -0.3695247173309326, -0.831342875957489, -0.012728139758110046, 45313.0, 35940.0, 31616.0, 50090.0, 2.097815990447998, -16.168590545654297
26345, -1.412602186203003, 0.4516001045703888, 1.1191552877426147, -0.29028555750846863, -0.8603898882865906, -0.043285369873046875, 47622.0, 35399.0, 35862.0, 45371.0, 1.8346163034439087, -16.023454666137695
26362, -1.4149446487426758, 0.44547680020332336, 1.1257845163345337, -0.2593623101711273, -0.8675766587257385, -0.0021826974116265774, 48858.0, 34859.0, 33601.0, 47834.0, 1.242828607559204, -15.10266399383545
26381, -1.4197165966033936, 0.43086063861846924, 1.124650001525879, -0.2107677012681961, -0.888740599155426, -0.018003880977630615, 47638.0, 29870.0, 34290.0, 48947.0, 0.9922845959663391, -14.744950294494629
26401, -1.4232302904129028, 0.4138719439506531, 1.126587152481079, -0.16290141642093658, -0.9194772839546204, -0.012336459942162037, 47708.0, 34897.0, 34830.0, 45841.0, 0.6686878800392151, -13.947371482849121
26421, -1.4261144399642944, 0.39521780610084534, 1.126231074333191, -0.12159023433923721, -0.9536063075065613, -0.02588818222284317, 47400.0, 32621.0, 34747.0, 47253.0, 0.397561639547348, -13.050556182861328
26442, -1.4274814128875732, 0.38402989506721497, 1.12406325340271, -0.07815080881118774, -0.9435397386550903, -0.05205349624156952, 46767.0, 33548.0, 35914.0, 46931.0, 0.16677479445934296, -12.09130573272705
26462, -1.428761601448059, 0.370615690946579, 1.1246286630630493, -0.04227913171052933, -0.9473950862884521, -0.05314433574676514, 46595.0, 30437.0, 36858.0, 49767.0, -0.076436348259449, -11.175894737243652
26482, -1.4298391342163086, 0.3577274680137634, 1.1219546794891357, -0.011625533923506737, -0.9483591914176941, -0.06908012926578522, 47417.0, 34012.0, 35354.0, 47344.0, -0.2869182527065277, -10.24197769165039
26503, -1.430757761001587, 0.3261624276638031, 1.114410400390625, 0.01702512800693512, -1.1285337209701538, -0.13576897978782654, 47751.0, 35175.0, 35859.0, 47200.0, -0.4777066111564636, -9.287999153137207
26522, -1.4308013916015625, 0.3115997016429901, 1.1110608577728271, 0.04247619956731796, -1.1311677694320679, -0.1439487785100937, 51632.0, 36791.0, 34600.0, 47865.0, -0.6789507269859314, -8.528216361999512
26549, -1.4304898977279663, 0.2978439927101135, 1.1079754829406738, 0.06358037143945694, -1.130606770515442, -0.1482078582048416, 48392.0, 33330.0, 39911.0, 50861.0, -0.8160620927810669, -7.585341453552246
26564, -1.4306610822677612, 0.29314008355140686, 1.1094446182250977, 0.07433606684207916, -1.1077488660812378, -0.12627945840358734, 50264.0, 34368.0, 38703.0, 50746.0, -0.8698054552078247, -6.709970474243164
26584, -1.4294064044952393, 0.2714571952819824, 1.106096863746643, 0.0966460257768631, -1.1145703792572021, -0.11410465836524963, 49708.0, 31460.0, 37906.0, 52575.0, -0.9301412105560303, -6.098735809326172
26602, -1.428176999092102, 0.25433349609375, 1.1076208353042603, 0.11075738072395325, -1.1168144941329956, -0.07772670686244965, 49891.0, 33526.0, 37040.0, 51849.0, -0.9767568111419678, -5.063665390014648
26624, -1.427221417427063, 0.23863385617733002, 1.1055753231048584, 0.11847302317619324, -1.100754737854004, -0.07302449643611908, 48269.0, 32919.0, 38914.0, 52022.0, -1.0142697095870972, -4.330677509307861
26643, -1.425827145576477, 0.221907839179039, 1.1041032075881958, 0.12503117322921753, -1.0921900272369385, -0.06613928079605103, 50055.0, 37082.0, 35325.0, 47654.0, -1.0678869485855103, -3.6183996200561523
26663, -1.4245201349258423, 0.20612183213233948, 1.1057212352752686, 0.1290002316236496, -1.077844500541687, -0.036520954221487045, 47631.0, 34179.0, 39332.0, 48966.0, -1.0607300996780396, -2.9328668117523193
26681, -1.4231302738189697, 0.18921427428722382, 1.1049184799194336, 0.13034385442733765, -1.0630289316177368, -0.030518261715769768, 48832.0, 34425.0, 36421.0, 47684.0, -0.9716935157775879, -2.361790180206299
26701, -1.4219177961349487, 0.17366378009319305, 1.107276201248169, 0.12943035364151, -1.0464277267456055, -0.002076241187751293, 47328.0, 31159.0, 38889.0, 49184.0, -0.8514339923858643, -1.768143653869629
26721, -1.4202513694763184, 0.15656951069831848, 1.1071127653121948, 0.1281183660030365, -1.037419080734253, 0.000945358828175813, 49368.0, 30068.0, 38253.0, 46148.0, -0.6830472350120544, -1.122101068496704
26743, -1.4196103811264038, 0.1432948112487793, 1.1067347526550293, 0.11994180828332901, -1.008472204208374, -0.0024410425685346127, 49726.0, 31993.0, 37222.0, 44708.0, -0.5081020593643188, -0.5250282287597656
26761, -1.419678807258606, 0.13070327043533325, 1.108517050743103, 0.10766937583684921, -0.9775779247283936, 0.004297351464629173, 47457.0, 32324.0, 36756.0, 46841.0, -0.38641557097435, 0.08724214881658554
26781, -1.4193098545074463, 0.11631276458501816, 1.108378529548645, 0.09678629785776138, -0.9574970006942749, 0.001224034233018756, 45797.0, 27858.0, 40578.0, 47523.0, -0.2729138433933258, 0.7192423343658447
26801, -1.4198426008224487, 0.11078454554080963, 1.1107094287872314, 0.08746395260095596, -0.938705563545227, 0.01669071987271309, 47707.0, 30860.0, 38352.0, 45565.0, -0.16631489992141724, 1.2704867124557495
26821, -1.4200209379196167, 0.09686371684074402, 1.1105923652648926, 0.0730745941400528, -0.9180402159690857, 0.008075720630586147, 47460.0, 32376.0, 34942.0, 45933.0, -0.13653740286827087, 1.5239899158477783
26845, -1.4206700325012207, 0.07540302723646164, 1.110206961631775, 0.049910202622413635, -0.8884496688842773, -0.006279058754444122, 47199.0, 30964.0, 35571.0, 47105.0, -0.07247229665517807, 1.9158308506011963
26862, -1.4214985370635986, 0.06089873984456062, 1.1135653257369995, 0.03372808173298836, -0.8706995248794556, 0.012526138685643673, 46920.0, 30792.0, 36113.0, 47493.0, 0.009567135944962502, 2.2426841259002686
26884, -1.4230849742889404, 0.04756778106093407, 1.1129387617111206, 0.01572330854833126, -0.84794020652771, 0.0028973903972655535, 45418.0, 31697.0, 36925.0, 45783.0, 0.10989697277545929, 2.2368552684783936
26902, -1.4242874383926392, 0.03925138711929321, 1.1142710447311401, 0.004535871557891369, -0.8351723551750183, 0.007450725883245468, 47220.0, 30274.0, 37028.0, 45342.0, 0.1971738189458847, 2.20790958404541
26923, -1.4261988401412964, 0.0248660109937191, 1.1135022640228271, -0.011644418351352215, -0.816692590713501, -0.006278949324041605, 46340.0, 32208.0, 36228.0, 45064.0, 0.26270604133605957, 2.1290342807769775
26941, -1.4285223484039307, 0.012732426635921001, 1.1124722957611084, -0.0273450817912817, -0.796584963798523, -0.0161032285541296, 46761.0, 31923.0, 36015.0, 45916.0, 0.3795844316482544, 1.9290961027145386
26963, -1.4314967393875122, -0.0005479681422002614, 1.1134669780731201, -0.04401533678174019, -0.7763943076133728, -0.014212433248758316, 48589.0, 31628.0, 34778.0, 45733.0, 0.4879612922668457, 1.7022936344146729
26983, -1.4346755743026733, -0.012638232670724392, 1.1120665073394775, -0.058925844728946686, -0.7559105157852173, -0.0272090882062912, 45574.0, 31999.0, 38059.0, 45174.0, 0.6101223826408386, 1.4229412078857422
27003, -1.4378148317337036, -0.023909946903586388, 1.1123127937316895, -0.0714251697063446, -0.7368452548980713, -0.026097789406776428, 46666.0, 33425.0, 37119.0, 44822.0, 0.670505166053772, 1.1344311237335205
27023, -1.441224217414856, -0.03540942445397377, 1.110713243484497, -0.08296076953411102, -0.720819890499115, -0.040334705263376236, 45669.0, 31427.0, 38204.0, 46228.0, 0.6995720267295837, 0.7990591526031494
27043, -1.4447026252746582, -0.0468885563313961, 1.1088563203811646, -0.09203627705574036, -0.7061394453048706, -0.050669990479946136, 47452.0, 33879.0, 36170.0, 45256.0, 0.7316157817840576, 0.383755624294281
27061, -1.4483935832977295, -0.05804773420095444, 1.1086446046829224, -0.09979339689016342, -0.6909953355789185, -0.04741314798593521, 46986.0, 31401.0, 37608.0, 47407.0, 0.7424588799476624, -0.06697089970111847
27083, -1.4517912864685059, -0.06977402418851852, 1.1069095134735107, -0.10402534157037735, -0.6802839040756226, -0.058804597705602646, 46620.0, 31207.0, 38556.0, 46911.0, 0.7653864622116089, -0.6293191313743591
27101, -1.4556583166122437, -0.07997647672891617, 1.1064826250076294, -0.1076444536447525, -0.6627994775772095, -0.05463596433401108, 48099.0, 33341.0, 36885.0, 46348.0, 0.7879317998886108, -1.1692651510238647
27121, -1.4579625129699707, -0.09259146451950073, 1.1052714586257935, -0.10229665040969849, -0.658728837966919, -0.05674729496240616, 48763.0, 28352.0, 36986.0, 49114.0, 0.8360573053359985, -1.6891392469406128
27145, -1.4619598388671875, -0.10011297464370728, 1.1029990911483765, -0.10304994881153107, -0.6300248503684998, -0.06569220125675201, 50114.0, 32278.0, 36077.0, 45834.0, 0.897632360458374, -2.3209056854248047
27161, -1.4657630920410156, -0.1067211776971817, 1.1021686792373657, -0.10705273598432541, -0.6181425452232361, -0.06592316180467606, 49688.0, 31239.0, 35591.0, 47946.0, 0.9475312829017639, -2.8713815212249756
27182, -1.4700636863708496, -0.11728181689977646, 1.0997025966644287, -0.10453978180885315, -0.6042096614837646, -0.07823995500802994, 49216.0, 30785.0, 36220.0, 48650.0, 0.9903563261032104, -3.2279880046844482
27204, -1.4736108779907227, -0.12764517962932587, 1.0972625017166138, -0.0983751192688942, -0.5936747193336487, -0.0903877466917038, 48607.0, 33651.0, 37508.0, 47279.0, 1.0375078916549683, -3.8665361404418945
27223, -1.4773460626602173, -0.13914085924625397, 1.0946396589279175, -0.08888804167509079, -0.5834802985191345, -0.09813395142555237, 50801.0, 34252.0, 35278.0, 47674.0, 1.0590304136276245, -4.411945343017578
27242, -1.4809777736663818, -0.14949089288711548, 1.092028260231018, -0.07936304807662964, -0.570853054523468, -0.10281424224376678, 50842.0, 33916.0, 36239.0, 47842.0, 1.0505009889602661, -4.896146774291992
27262, -1.4837092161178589, -0.1591220647096634, 1.0935112237930298, -0.06534203141927719, -0.5577743649482727, -0.07689803838729858, 49969.0, 31094.0, 37667.0, 50434.0, 1.033765435218811, -5.3236985206604
27282, -1.486269474029541, -0.16850143671035767, 1.091355562210083, -0.05106959491968155, -0.544133186340332, -0.07867646217346191, 48965.0, 29979.0, 37529.0, 50656.0, 1.00633704662323, -5.771164417266846
27304, -1.4884707927703857, -0.17765162885189056, 1.089540958404541, -0.03529161959886551, -0.5301250219345093, -0.07699646800756454, 50916.0, 31299.0, 35640.0, 49818.0, 0.9656826257705688, -6.1951398849487305
27323, -1.490376353263855, -0.187791645526886, 1.0873843431472778, -0.016206197440624237, -0.5161654353141785, -0.07838764786720276, 49395.0, 31200.0, 37510.0, 50191.0, 0.9237651824951172, -6.497581481933594
27343, -1.4918490648269653, -0.19145184755325317, 1.086269736289978, -0.010834372602403164, -0.5054596662521362, -0.08091811835765839, 51890.0, 33686.0, 34634.0, 48283.0, 0.9018638730049133, -6.768031597137451
27365, -1.492958903312683, -0.20548689365386963, 1.0855695009231567, 0.020309267565608025, -0.48688608407974243, -0.0690818801522255, 48604.0, 36059.0, 39257.0, 46615.0, 0.9022558927536011, -6.884341239929199
27384, -1.494184970855713, -0.21322715282440186, 1.0837087631225586, 0.035973917692899704, -0.46950563788414, -0.06975886225700378, 48790.0, 33168.0, 38585.0, 48510.0, 0.9507887363433838, -6.972835063934326
27402, -1.4943485260009766, -0.2213343381881714, 1.0856239795684814, 0.05579094961285591, -0.45461305975914, -0.04135112836956978, 50392.0, 32003.0, 37016.0, 49325.0, 0.9680347442626953, -6.947506427764893
27421, -1.494921326637268, -0.224575936794281, 1.084652304649353, 0.06197158247232437, -0.44344785809516907, -0.0445539653301239, 48593.0, 29843.0, 38150.0, 49842.0, 1.0026249885559082, -6.872628211975098
27443, -1.495144248008728, -0.23306024074554443, 1.0828007459640503, 0.07932545244693756, -0.425243079662323, -0.053739938884973526, 50469.0, 31528.0, 35603.0, 49047.0, 0.9757755994796753, -6.85784912109375
27462, -1.4940873384475708, -0.24070094525814056, 1.083951473236084, 0.09876832365989685, -0.4118455946445465, -0.04007219150662422, 49256.0, 30448.0, 37007.0, 50467.0, 0.9746554493904114, -6.734092712402344
27482, -1.493890643119812, -0.24732497334480286, 1.0822868347167969, 0.11078064143657684, -0.3947475850582123, -0.046541377902030945, 49168.0, 31528.0, 36930.0, 49005.0, 0.98799067735672, -6.423739910125732
27504, -1.4929991960525513, -0.25384721159935, 1.0829622745513916, 0.12453264743089676, -0.37826791405677795, -0.034144990146160126, 47197.0, 32958.0, 39432.0, 48459.0, 0.9573484063148499, -6.109203815460205
27521, -1.4915674924850464, -0.2603692412376404, 1.0817269086837769, 0.13779094815254211, -0.3634546995162964, -0.03642919287085533, 47505.0, 34432.0, 38793.0, 46564.0, 0.9524386525154114, -5.693458557128906
27541, -1.4904311895370483, -0.26620161533355713, 1.0803396701812744, 0.14709848165512085, -0.34673333168029785, -0.03795143961906433, 47355.0, 31393.0, 39098.0, 48948.0, 0.9527035355567932, -5.2779107093811035
27562, -1.488946795463562, -0.2717752456665039, 1.0816400051116943, 0.15659865736961365, -0.32940351963043213, -0.020291563123464584, 48918.0, 35461.0, 37211.0, 46140.0, 0.954249918460846, -4.906367301940918
27582, -1.4870381355285645, -0.27725979685783386, 1.0807301998138428, 0.1657201647758484, -0.31439778208732605, -0.020335739478468895, 49118.0, 32011.0, 36288.0, 47916.0, 0.9733248353004456, -4.5262861251831055
27601, -1.4849729537963867, -0.2825671434402466, 1.0811692476272583, 0.17347705364227295, -0.30028581619262695, -0.012152470648288727, 48922.0, 28561.0, 36792.0, 50175.0, 0.9983567595481873, -4.170990943908691
27621, -1.4816513061523438, -0.2883237302303314, 1.0808544158935547, 0.18495376408100128, -0.2901516854763031, -0.00939308200031519, 49045.0, 32495.0, 35783.0, 47385.0, 1.034115195274353, -3.799852132797241
27641, -1.4793955087661743, -0.2925860583782196, 1.080340027809143, 0.18886928260326385, -0.2736399173736572, -0.010250061750411987, 49406.0, 36368.0, 35280.0, 44166.0, 1.060227632522583, -3.4274380207061768
27661, -1.4778468608856201, -0.2965202331542969, 1.0809450149536133, 0.1883009374141693, -0.2579077482223511, -0.0046944101341068745, 47182.0, 40275.0, 37446.0, 40951.0, 1.0746911764144897, -3.0001957416534424
27684, -1.4759095907211304, -0.3006105422973633, 1.080323338508606, 0.18827345967292786, -0.24453788995742798, -0.005569325760006905, 44480.0, 38109.0, 40432.0, 42614.0, 1.0507310628890991, -2.558006525039673
27704, -1.4739606380462646, -0.30503854155540466, 1.0819462537765503, 0.18625134229660034, -0.2314435988664627, 0.007903611287474632, 47189.0, 31010.0, 37229.0, 48410.0, 1.024529218673706, -2.1033935546875
27724, -1.4718687534332275, -0.3092701733112335, 1.0813884735107422, 0.18302437663078308, -0.2200862616300583, 0.0036520028952509165, 48344.0, 37334.0, 34831.0, 42938.0, 1.0044240951538086, -1.6164013147354126
27743, -1.469847559928894, -0.31311681866645813, 1.080733299255371, 0.17816384136676788, -0.20837479829788208, -0.003850484499707818, 47286.0, 32732.0, 36751.0, 46530.0, 0.9612822532653809, -1.0270215272903442
27761, -1.467625379562378, -0.31671416759490967, 1.0812832117080688, 0.17422962188720703, -0.19768714904785156, -0.0007458663894794881, 47598.0, 32135.0, 36575.0, 47217.0, 0.9506548047065735, -0.59431391954422
27782, -1.4660505056381226, -0.32025694847106934, 1.0804587602615356, 0.16638897359371185, -0.18853488564491272, -0.006652860902249813, 46598.0, 32359.0, 37610.0, 46945.0, 0.9184756278991699, -0.30874690413475037
27802, -1.4646258354187012, -0.32331666350364685, 1.0818232297897339, 0.1580222249031067, -0.17792226374149323, 0.004376827739179134, 47954.0, 34771.0, 36470.0, 45045.0, 0.8820391893386841, -0.04815483093261719
27821, -1.4634099006652832, -0.32619965076446533, 1.081136703491211, 0.14857028424739838, -0.16798518598079681, -0.0029541992116719484, 46862.0, 35820.0, 37244.0, 43569.0, 0.8773481249809265, 0.14411118626594543
27841, -1.4622342586517334, -0.32901841402053833, 1.0803683996200562, 0.1393594741821289, -0.15887269377708435, -0.008614038117229939, 47245.0, 35435.0, 35906.0, 45039.0, 0.8521847128868103, 0.2694968283176422
27861, -1.4611058235168457, -0.3320159912109375, 1.0808677673339844, 0.13067324459552765, -0.1533876657485962, -0.007771102245897055, 47201.0, 36129.0, 36982.0, 44080.0, 0.8153563141822815, 0.3559863865375519
27882, -1.4607747793197632, -0.3347774147987366, 1.0797185897827148, 0.11891009658575058, -0.1484009325504303, -0.017782822251319885, 46137.0, 35735.0, 37491.0, 44704.0, 0.7799413204193115, 0.4070139527320862
27902, -1.4601792097091675, -0.33728185296058655, 1.0807002782821655, 0.10953228920698166, -0.14179937541484833, -0.011376583017408848, 46611.0, 33166.0, 37860.0, 46931.0, 0.7413170337677002, 0.4533940255641937
27921, -1.4597277641296387, -0.33964020013809204, 1.0798031091690063, 0.10058916360139847, -0.13513892889022827, -0.017870867624878883, 46893.0, 33424.0, 37066.0, 46539.0, 0.704241156578064, 0.4021205008029938
27941, -1.4594628810882568, -0.34206825494766235, 1.0787475109100342, 0.09198686480522156, -0.13065579533576965, -0.02459903061389923, 47580.0, 34582.0, 35913.0, 46330.0, 0.6528711318969727, 0.3345617651939392
27962, -1.4592974185943604, -0.34437936544418335, 1.0798630714416504, 0.08345851302146912, -0.12377522140741348, -0.018660608679056168, 46879.0, 35105.0, 37513.0, 45971.0, 0.5923682451248169, 0.19968432188034058
27982, -1.4590901136398315, -0.3465026021003723, 1.0788973569869995, 0.07651612907648087, -0.11698702722787857, -0.022078553214669228, 47369.0, 31937.0, 36160.0, 48254.0, 0.5313289761543274, 0.10396869480609894
28002, -1.4590641260147095, -0.3485610783100128, 1.079634428024292, 0.0700918436050415, -0.11152828484773636, -0.011792953126132488, 48342.0, 32665.0, 35895.0, 47471.0, 0.5027487874031067, -0.015666291117668152
28023, -1.4602893590927124, -0.34931662678718567, 1.0787349939346313, 0.06160293146967888, -0.10801538825035095, -0.01637238636612892, 46984.0, 39239.0, 35844.0, 42686.0, 0.4547483026981354, -0.23836161196231842
28042, -1.4605255126953125, -0.35126179456710815, 1.0778260231018066, 0.05560235679149628, -0.10138222575187683, -0.016987714916467667, 47834.0, 33787.0, 35980.0, 46609.0, 0.43627429008483887, -0.2870592474937439
28061, -1.460633635520935, -0.3529604375362396, 1.0776301622390747, 0.05217753350734711, -0.09620708972215652, -0.013238857500255108, 47500.0, 35042.0, 36552.0, 45612.0, 0.38443848490715027, -0.5113465785980225
28083, -1.4601415395736694, -0.37420231103897095, 1.0768179893493652, 0.062190864235162735, -0.32463571429252625, -0.052815765142440796, 46700.0, 28688.0, 37306.0, 50214.0, 0.3666771948337555, -0.763925313949585
28102, -1.4594541788101196, -0.3904094696044922, 1.0744545459747314, 0.07089025527238846, -0.47626951336860657, -0.10968848317861557, 57551.0, 29734.0, 36498.0, 37793.0, 0.7277145385742188, -1.4289830923080444
28123, -1.45863938331604, -0.4144049286842346, 1.0681655406951904, 0.08386936038732529, -0.7100578546524048, -0.2640615999698639, 56733.0, 43788.0, 28142.0, 40242.0, 0.9706557393074036, -1.8812971115112305
28141, -1.4580612182617188, -0.42917701601982117, 1.060215950012207, 0.0915699452161789, -0.8296632170677185, -0.35320383310317993, 57779.0, 38593.0, 37683.0, 46035.0, 1.5684001445770264, -2.563091278076172
28165, -1.458475112915039, -0.43284523487091064, 1.0533032417297363, 0.09192798286676407, -0.8469960689544678, -0.3484513759613037, 55098.0, 39155.0, 45001.0, 51603.0, 1.7891771793365479, -2.6804096698760986
28184, -1.4594645500183105, -0.4304485023021698, 1.0510098934173584, 0.08977580070495605, -0.7991862297058105, -0.2729824185371399, 55279.0, 38931.0, 45007.0, 53349.0, 1.9887876510620117, -2.8150858879089355
28202, -1.4596996307373047, -0.43185487389564514, 1.06943678855896, 0.09537388384342194, -0.7698813676834106, -0.05533042177557945, 55452.0, 35634.0, 42232.0, 56178.0, 1.9936000108718872, -3.116565227508545
28221, -1.4598493576049805, -0.43208643794059753, 1.0694661140441895, 0.09932297468185425, -0.692264974117279, -0.011134188622236252, 51952.0, 30014.0, 35276.0, 53075.0, 1.7741578817367554, -3.6148738861083984
28243, -1.4609782695770264, -0.42268607020378113, 1.0708763599395752, 0.09889967739582062, -0.5491734147071838, 0.02361196093261242, 51395.0, 31258.0, 32785.0, 51881.0, 1.4269970655441284, -4.1707611083984375
28263, -1.4610453844070435, -0.4173974096775055, 1.108229160308838, 0.10670795291662216, -0.4367370307445526, 0.29311200976371765, 45999.0, 30023.0, 36716.0, 52310.0, 0.9310796856880188, -4.5732879638671875
28282, -1.4610873460769653, -0.4100470542907715, 1.1093661785125732, 0.11007703840732574, -0.3097868859767914, 0.25937649607658386, 38285.0, 21662.0, 30698.0, 44787.0, 0.5362545847892761, -4.580085277557373
28302, -1.4609711170196533, -0.39916443824768066, 1.1521624326705933, 0.11447647213935852, -0.1660434454679489, 0.49966248869895935, 39558.0, 26678.0, 30958.0, 41843.0, 0.34029585123062134, -4.317697048187256
28322, -1.461569905281067, -0.38375532627105713, 1.1496367454528809, 0.10841534286737442, -0.02295089140534401, 0.37624654173851013, 33596.0, 20341.0, 25669.0, 34118.0, 0.21493284404277802, -3.6921801567077637
28343, -1.4618104696273804, -0.36880308389663696, 1.1450837850570679, 0.102474145591259, 0.0932421013712883, 0.23651376366615295, 33143.0, 23724.0, 28969.0, 34228.0, 0.2684924304485321, -2.889782428741455
28362, -1.4627161026000977, -0.34605666995048523, 1.171614170074463, 0.09384427964687347, 0.2508407533168793, 0.31931573152542114, 35454.0, 29571.0, 31558.0, 35131.0, 0.32782891392707825, -1.9421790838241577
28382, -1.4635331630706787, -0.3252575099468231, 1.1608277559280396, 0.08140988647937775, 0.3582003712654114, 0.12469305843114853, 32931.0, 26212.0, 25457.0, 31732.0, 0.38849344849586487, -0.9034526348114014
28402, -1.465010404586792, -0.30791205167770386, 1.1612015962600708, 0.06996580213308334, 0.4474596083164215, 0.07862170785665512, 35261.0, 32859.0, 32508.0, 35306.0, 0.3619820773601532, 0.09148822724819183
28422, -1.4661049842834473, -0.2857602834701538, 1.1468760967254639, 0.05563977360725403, 0.53342604637146, -0.10448318719863892, 36455.0, 32888.0, 32424.0, 36947.0, 0.29664304852485657, 0.6346070766448975
28441, -1.4668505191802979, -0.2665203809738159, 1.1325101852416992, 0.04316696897149086, 0.5928303003311157, -0.24494095146656036, 40678.0, 35568.0, 35873.0, 42547.0, 0.1257944405078888, 1.4501943588256836
28467, -1.4694017171859741, -0.23686093091964722, 1.1094368696212769, 0.0206508319824934, 0.6844810843467712, -0.4109068512916565, 45492.0, 37425.0, 37036.0, 46737.0, -0.1083831638097763, 1.9509241580963135
28482, -1.4712305068969727, -0.21020621061325073, 1.0867512226104736, 0.0032049729488790035, 0.7391353845596313, -0.5219129323959351, 49458.0, 40070.0, 39445.0, 49806.0, -0.3951897919178009, 2.1146202087402344
28503, -1.4732054471969604, -0.1871654987335205, 1.0611854791641235, -0.010855262167751789, 0.7722882628440857, -0.6244763731956482, 53548.0, 44151.0, 41468.0, 51880.0, -0.658577561378479, 1.677088737487793
28521, -1.4754011631011963, -0.16962885856628418, 1.0470103025436401, -0.021922625601291656, 0.8107249736785889, -0.6720850467681885, 57641.0, 47616.0, 44514.0, 54671.0, -0.7740136981010437, 0.8006687164306641
28543, -1.478388786315918, -0.13490524888038635, 1.0189837217330933, -0.027758285403251648, 0.8301237225532532, -0.6744888424873352, 60544.0, 45387.0, 44462.0, 59446.0, -0.7750486135482788, -0.6493684649467468
28563, -1.4810670614242554, -0.10906654596328735, 1.0020660161972046, -0.024622442200779915, 0.8483374118804932, -0.6552061438560486, 64549.0, 45600.0, 43167.0, 61450.0, -0.7089157700538635, -2.478034019470215
28582, -1.4828927516937256, -0.08562994748353958, 0.9871406555175781, -0.007748572621494532, 0.8432283401489258, -0.615531861782074, 65535.0, 48988.0, 35891.0, 58642.0, -0.5775943398475647, -4.540725231170654
28602, -1.4845211505889893, -0.061485979706048965, 0.9729059934616089, 0.019455164670944214, 0.8334675431251526, -0.5716741681098938, 65535.0, 46927.0, 41193.0, 61372.0, -0.4967515766620636, -6.9544572830200195
28624, -1.485913634300232, -0.036010436713695526, 0.9626405239105225, 0.056256573647260666, 0.825737714767456, -0.5043831467628479, 65535.0, 47514.0, 43271.0, 64297.0, -0.39898881316185, -9.388601303100586
28643, -1.4854557514190674, -0.014252890832722187, 0.9546239972114563, 0.11140254139900208, 0.7912853956222534, -0.4260327219963074, 65535.0, 48738.0, 41995.0, 64983.0, -0.37496665120124817, -11.85605525970459
28663, -1.4853525161743164, 0.0009730291785672307, 0.9566049575805664, 0.14360849559307098, 0.7908531427383423, -0.3449081480503082, 64597.0, 48219.0, 41069.0, 65281.0, -0.38080692291259766, -14.261282920837402
28682, -1.4827954769134521, 0.023027721792459488, 0.9523190855979919, 0.2181677520275116, 0.7516058683395386, -0.26612523198127747, 61869.0, 44308.0, 41338.0, 65535.0, -0.4078506827354431, -16.886661529541016
28703, -1.4782904386520386, 0.04388491436839104, 0.9563644528388977, 0.30579331517219543, 0.7070104479789734, -0.14766298234462738, 61490.0, 43757.0, 39600.0, 64552.0, -0.4464851915836334, -18.028715133666992
28724, -1.4715845584869385, 0.06613263487815857, 0.9566848874092102, 0.4043895900249481, 0.6677229404449463, -0.0754183754324913, 60440.0, 41740.0, 36626.0, 62390.0, -0.5322574973106384, -21.201038360595703
28743, -1.4623528718948364, 0.08475984632968903, 0.9582322835922241, 0.5073716044425964, 0.6144622564315796, -0.017493518069386482, 59147.0, 39751.0, 35821.0, 61725.0, -0.647024929523468, -22.101932525634766
28763, -1.4522395133972168, 0.10225993394851685, 0.96720951795578, 0.6020135283470154, 0.5750856399536133, 0.06754439324140549, 58298.0, 38157.0, 34668.0, 60587.0, -0.7949279546737671, -23.433704376220703
28783, -1.4392532110214233, 0.11667132377624512, 0.9700857400894165, 0.6981664299964905, 0.5172149538993835, 0.0957101508975029, 56909.0, 35531.0, 32584.0, 58727.0, -1.0595592260360718, -24.034494400024414
28806, -1.425958275794983, 0.13333357870578766, 0.9844279289245605, 0.7835312485694885, 0.4853722155094147, 0.18779459595680237, 56083.0, 34337.0, 31835.0, 58026.0, -1.4921412467956543, -23.912893295288086
28821, -1.4096766710281372, 0.1465243250131607, 0.9891292452812195, 0.8606939911842346, 0.43731191754341125, 0.1939501017332077, 53946.0, 32867.0, 27216.0, 56013.0, -2.2033450603485107, -22.928617477416992
28843, -1.3927541971206665, 0.16107164323329926, 0.9946098923683167, 0.9208431839942932, 0.40541717410087585, 0.1984071284532547, 46548.0, 42196.0, 7000.0, 60899.0, -3.1155004501342773, -20.953025817871094
28863, -1.3829622268676758, 0.16925323009490967, 1.0047601461410522, 0.9525468349456787, 0.3928193747997284, 0.24867603182792664, 48474.0, 38497.0, 31664.0, 51239.0, -4.27987003326416, -17.895158767700195
28882, -1.3556859493255615, 0.1861746609210968, 1.0120786428451538, 1.0016474723815918, 0.3391537666320801, 0.24126653373241425, 39378.0, 30946.0, 39902.0, 53184.0, -4.981605529785156, -15.750548362731934
28904, -1.3366340398788452, 0.19598446786403656, 1.0212925672531128, 1.0167759656906128, 0.29970481991767883, 0.2681629955768585, 29216.0, 50582.0, 22908.0, 55021.0, -6.945690631866455, -9.055764198303223
28923, -1.326087236404419, 0.2035546600818634, 1.0238150358200073, 1.011557698249817, 0.2893630266189575, 0.26082831621170044, 38917.0, 41143.0, 35767.0, 44202.0, -8.149827003479004, -4.2175679206848145
28942, -1.308194875717163, 0.21320746839046478, 1.028041958808899, 0.9917469620704651, 0.2593766450881958, 0.252786248922348, 39153.0, 41411.0, 36281.0, 42771.0, -8.747875213623047, -1.363853096961975
28961, -1.2890615463256836, 0.22053389251232147, 1.0329805612564087, 0.9599959254264832, 0.21717070043087006, 0.24339188635349274, 39830.0, 37798.0, 35572.0, 45314.0, -9.582941055297852, 3.1618058681488037
28982, -1.2727973461151123, 0.2265583723783493, 1.037070631980896, 0.9109494686126709, 0.17796634137630463, 0.22557653486728668, 39177.0, 40851.0, 36011.0, 42182.0, -10.118213653564453, 7.302464008331299
29007, -1.2593733072280884, 0.2127179205417633, 1.0524972677230835, 0.8376519680023193, -0.09225766360759735, 0.2317524552345276, 39557.0, 40526.0, 36658.0, 41677.0, -10.4620943069458, 12.347244262695312
29025, -1.2420892715454102, 0.21055898070335388, 1.0541234016418457, 0.7748180627822876, -0.21152657270431519, 0.15217363834381104, 46118.0, 41902.0, 30369.0, 35234.0, -6.178532600402832, 14.654279708862305
29043, -1.228650450706482, 0.21627871692180634, 1.055214285850525, 0.7051291465759277, -0.23729492723941803, 0.10745003074407578, 44279.0, 36874.0, 35911.0, 42921.0, -6.2138237953186035, 17.206445693969727
29062, -1.2166850566864014, 0.22050918638706207, 1.0485219955444336, 0.6334125995635986, -0.2581779360771179, 0.014070932753384113, 45460.0, 34424.0, 37393.0, 45220.0, -6.391910076141357, 19.008987426757812
29081, -1.2052361965179443, 0.2173275202512741, 1.0486899614334106, 0.5588701367378235, -0.3235812485218048, -0.01515781506896019, 45890.0, 37376.0, 41086.0, 46239.0, -6.305448055267334, 20.481056213378906
29101, -1.195715069770813, 0.21062879264354706, 1.0592067241668701, 0.4713803827762604, -0.409353107213974, 0.038090139627456665, 48783.0, 33929.0, 40638.0, 47659.0, -6.063409805297852, 21.60247802734375
29122, -1.1901402473449707, 0.20528781414031982, 1.0566450357437134, 0.3825230598449707, -0.5175252556800842, -0.027652138844132423, 53408.0, 36302.0, 39323.0, 43782.0, -5.605047225952148, 22.250051498413086
29143, -1.1894429922103882, 0.2160026729106903, 1.0577759742736816, 0.3222370743751526, -0.477475643157959, -0.029367564246058464, 55456.0, 34929.0, 40197.0, 40804.0, -4.422307968139648, 22.42523956298828
29162, -1.1848424673080444, 0.2143147736787796, 1.065091848373413, 0.1885392963886261, -0.5297019481658936, -0.006921614520251751, 48705.0, 36380.0, 38379.0, 49088.0, -4.055971145629883, 22.3325252532959
29185, -1.1845725774765015, 0.21599803864955902, 1.0657098293304443, 0.1009872555732727, -0.5371078252792358, -0.015588413923978806, 46638.0, 36206.0, 39592.0, 47508.0, -2.851162910461426, 21.614126205444336
29202, -1.185785174369812, 0.2165624499320984, 1.0744761228561401, 0.03610595688223839, -0.5463842153549194, 0.03177433833479881, 50024.0, 36777.0, 36469.0, 47579.0, -2.134082317352295, 21.013107299804688
29221, -1.1873841285705566, 0.21287547051906586, 1.07503080368042, -0.04280911013484001, -0.5710418820381165, 0.018553271889686584, 47839.0, 30596.0, 38552.0, 48269.0, -1.621968388557434, 20.408315658569336
29241, -1.1890220642089844, 0.19798535108566284, 1.0728271007537842, -0.10440555214881897, -0.7018574476242065, -0.020157726481556892, 48813.0, 30563.0, 37957.0, 48142.0, -0.8630914092063904, 19.475431442260742
29261, -1.1916389465332031, 0.1771431714296341, 1.0776885747909546, -0.15760022401809692, -0.8530306220054626, -0.014755587093532085, 52465.0, 41820.0, 35131.0, 39616.0, 0.3140309751033783, 18.360790252685547
29281, -1.1952862739562988, 0.1595018059015274, 1.0772347450256348, -0.2085525542497635, -0.9274312257766724, -0.03365245833992958, 51482.0, 35383.0, 36694.0, 43919.0, 1.4044934511184692, 17.164255142211914
29304, -1.2010371685028076, 0.14825083315372467, 1.0732296705245972, -0.25053998827934265, -1.0368763208389282, -0.09315303713083267, 49243.0, 30843.0, 40650.0, 47817.0, 2.228940010070801, 15.8030366897583
29324, -1.2138389348983765, 0.170736163854599, 1.0746831893920898, -0.3300832509994507, -0.895257830619812, -0.06964128464460373, 54072.0, 36655.0, 37807.0, 45618.0, 3.495952606201172, 14.223186492919922
29344, -1.2248947620391846, 0.17389586567878723, 1.0762507915496826, -0.3844192326068878, -0.8497573733329773, -0.054465170949697495, 48787.0, 32825.0, 40309.0, 51049.0, 3.73014235496521, 12.331490516662598
29364, -1.2380154132843018, 0.17834550142288208, 1.0874215364456177, -0.4369359314441681, -0.7898129224777222, 0.023219993337988853, 50487.0, 28946.0, 39729.0, 51065.0, 3.9823296070098877, 10.30982780456543
29382, -1.2494944334030151, 0.17611633241176605, 1.0891684293746948, -0.468299001455307, -0.7565372586250305, 0.030174970626831055, 47770.0, 30937.0, 35179.0, 49870.0, 3.951935291290283, 7.849469184875488
29402, -1.2569153308868408, 0.1829952895641327, 1.0994908809661865, -0.487711101770401, -0.6964335441589355, 0.09468330442905426, 50438.0, 30543.0, 34479.0, 46975.0, 3.879568576812744, 5.568016529083252
29424, -1.2739994525909424, 0.1811571717262268, 1.1022820472717285, -0.5060634016990662, -0.633914053440094, 0.0848488062620163, 46601.0, 28926.0, 35761.0, 44957.0, 3.6000874042510986, 4.332783222198486
29442, -1.2852530479431152, 0.17870613932609558, 1.1040387153625488, -0.5095784664154053, -0.6023449897766113, 0.07498631626367569, 43876.0, 30134.0, 35756.0, 46487.0, 3.3305532932281494, 1.4337964057922363
29463, -1.2924997806549072, 0.18529345095157623, 1.1105159521102905, -0.5119873881340027, -0.5431241393089294, 0.10208652913570404, 46482.0, 27579.0, 36016.0, 45560.0, 3.21724796295166, -0.35040077567100525
29482, -1.3056679964065552, 0.1876828521490097, 1.1120598316192627, -0.5063062906265259, -0.4864773750305176, 0.07592032849788666, 44736.0, 26125.0, 35552.0, 45452.0, 2.923055410385132, -1.3110750913619995
29502, -1.3173460960388184, 0.18976198136806488, 1.1173491477966309, -0.4957205355167389, -0.4426644444465637, 0.07940983772277832, 45889.0, 29610.0, 34323.0, 43913.0, 2.624823570251465, -2.99345064163208
29521, -1.3289926052093506, 0.1923139989376068, 1.1178860664367676, -0.4785398542881012, -0.40219226479530334, 0.048067472875118256, 45880.0, 27215.0, 32540.0, 45645.0, 2.35550856590271, -4.4672722816467285
29543, -1.3390668630599976, 0.19637738168239594, 1.1176244020462036, -0.45870891213417053, -0.3621584177017212, 0.012629050761461258, 47273.0, 31261.0, 28067.0, 44974.0, 2.0390172004699707, -5.944339752197266
29561, -1.3488863706588745, 0.1951846182346344, 1.1194719076156616, -0.43305981159210205, -0.3584734797477722, 0.005977484863251448, 45843.0, 29659.0, 33504.0, 46788.0, 1.6791093349456787, -7.192957878112793
29594, -1.3579946756362915, 0.20573340356349945, 1.118147373199463, -0.4020724594593048, -0.29456448554992676, -0.03428944945335388, 45897.0, 32273.0, 32491.0, 45101.0, 1.4545283317565918, -8.421252250671387
29603, -1.362576961517334, 0.20706939697265625, 1.1207844018936157, -0.3846440613269806, -0.2879021167755127, -0.023611633107066154, 44675.0, 31606.0, 36141.0, 47025.0, 0.9389459490776062, -9.567744255065918
29630, -1.371446967124939, 0.21557648479938507, 1.1189098358154297, -0.3533877432346344, -0.2454405277967453, -0.0609874427318573, 43888.0, 27875.0, 36504.0, 49001.0, 0.7698952555656433, -10.123398780822754
29645, -1.3803452253341675, 0.21425829827785492, 1.1166112422943115, -0.3073711395263672, -0.26521313190460205, -0.09055987000465393, 47226.0, 34669.0, 33699.0, 45189.0, 0.3604731559753418, -11.061065673828125
29661, -1.3867723941802979, 0.2152646780014038, 1.116389274597168, -0.2663440406322479, -0.2733682692050934, -0.09586720913648605, 46229.0, 30518.0, 36993.0, 49298.0, 0.21081899106502533, -12.015203475952148
29681, -1.3917979001998901, 0.21711954474449158, 1.1139060258865356, -0.22446295619010925, -0.2768441140651703, -0.11660024523735046, 49166.0, 30798.0, 33463.0, 48803.0, 0.0966380387544632, -12.731593132019043
29701, -1.3965662717819214, 0.22347749769687653, 1.1132018566131592, -0.1826016902923584, -0.2591049075126648, -0.12323135882616043, 48902.0, 35677.0, 35248.0, 45420.0, -0.0018171032425016165, -13.229695320129395
29721, -1.4004515409469604, 0.22710363566875458, 1.110159993171692, -0.13867491483688354, -0.25948551297187805, -0.13887520134449005, 48585.0, 31628.0, 36248.0, 49586.0, -0.17488670349121094, -13.685543060302734
29741, -1.4033141136169434, 0.22869347035884857, 1.1070663928985596, -0.09394248574972153, -0.27159857749938965, -0.15418341755867004, 49201.0, 31103.0, 34365.0, 51035.0, -0.3174388110637665, -14.039684295654297
29763, -1.4051748514175415, 0.22864432632923126, 1.109582543373108, -0.04373661056160927, -0.2951790392398834, -0.12813888490200043, 51855.0, 34803.0, 33630.0, 48120.0, -0.4323519766330719, -14.326203346252441
29784, -1.4064377546310425, 0.23017442226409912, 1.1060163974761963, -0.0004486827820073813, -0.30566713213920593, -0.1501382440328598, 50084.0, 34606.0, 34822.0, 48167.0, -0.5456126928329468, -14.472123146057129
29801, -1.4063254594802856, 0.22800053656101227, 1.1061996221542358, 0.048035211861133575, -0.33994945883750916, -0.13484784960746765, 50420.0, 33853.0, 35344.0, 49911.0, -0.734264612197876, -14.485940933227539
29824, -1.4057375192642212, 0.2264663577079773, 1.1023032665252686, 0.09354382753372192, -0.36809173226356506, -0.1508742868900299, 49005.0, 33764.0, 37458.0, 50493.0, -0.8755164742469788, -14.362406730651855
29844, -1.405104637145996, 0.22553323209285736, 1.099961519241333, 0.11744295060634613, -0.38171619176864624, -0.16325221955776215, 48852.0, 32931.0, 38017.0, 50753.0, -1.0920556783676147, -14.113374710083008
29865, -1.4026795625686646, 0.22121356427669525, 1.101523518562317, 0.1635904312133789, -0.420526921749115, -0.1403590589761734, 47922.0, 35384.0, 39650.0, 49833.0, -1.2401950359344482, -13.870638847351074
29888, -1.3969851732254028, 0.21013888716697693, 1.095346450805664, 0.23006121814250946, -0.49739232659339905, -0.16126029193401337, 48024.0, 32576.0, 37917.0, 51468.0, -1.4302232265472412, -13.284319877624512
29901, -1.3947534561157227, 0.20591634511947632, 1.097005844116211, 0.2496955692768097, -0.523950457572937, -0.1436346471309662, 48177.0, 36583.0, 38529.0, 49343.0, -1.569987416267395, -12.160557746887207
29921, -1.3893945217132568, 0.19489054381847382, 1.094089150428772, 0.2868981957435608, -0.5856468081474304, -0.14914624392986298, 49799.0, 33428.0, 37744.0, 49885.0, -1.5902470350265503, -11.753117561340332
29941, -1.3833907842636108, 0.1826016902923584, 1.0910731554031372, 0.32061728835105896, -0.6484304070472717, -0.15501920878887177, 50530.0, 37520.0, 38049.0, 46639.0, -1.5435231924057007, -10.938843727111816
29961, -1.3773634433746338, 0.17137818038463593, 1.0931715965270996, 0.3500162959098816, -0.7009336948394775, -0.12834128737449646, 50347.0, 37886.0, 38951.0, 46513.0, -1.482349157333374, -10.080108642578125
29981, -1.37342369556427, 0.16491785645484924, 1.089565634727478, 0.3625902235507965, -0.7227174043655396, -0.14019843935966492, 49179.0, 37064.0, 39356.0, 46129.0, -1.44107985496521, -9.092917442321777
30005, -1.369267225265503, 0.15951596200466156, 1.089877724647522, 0.3738902807235718, -0.7381605505943298, -0.12273669242858887, 48540.0, 32535.0, 40467.0, 50542.0, -1.4856929779052734, -8.016377449035645
30023, -1.3632099628448486, 0.14906549453735352, 1.0859390497207642, 0.3895794749259949, -0.7719845175743103, -0.1284216046333313, 48733.0, 33484.0, 38698.0, 50490.0, -1.6038604974746704, -7.024012565612793
30043, -1.3565802574157715, 0.13707925379276276, 1.08150315284729, 0.4028860926628113, -0.8043386936187744, -0.13546499609947205, 49045.0, 37540.0, 38419.0, 48452.0, -1.6853843927383423, -6.174487113952637
30064, -1.3490421772003174, 0.12270385026931763, 1.0839041471481323, 0.41613849997520447, -0.8405359387397766, -0.10307653248310089, 49599.0, 34792.0, 39135.0, 49863.0, -1.7501312494277954, -5.2722601890563965
30081, -1.3453216552734375, 0.11566071957349777, 1.0814871788024902, 0.41997137665748596, -0.8525429368019104, -0.11215677112340927, 49357.0, 36127.0, 38216.0, 47892.0, -1.73823082447052, -4.496739387512207
30102, -1.337815284729004, 0.10048282891511917, 1.0812510251998901, 0.428650438785553, -0.8835388422012329, -0.09462545067071915, 49824.0, 34027.0, 38577.0, 49394.0, -1.742867112159729, -4.166609287261963
30122, -1.3300983905792236, 0.08414414525032043, 1.0782265663146973, 0.43294522166252136, -0.9106090068817139, -0.09563089907169342, 50201.0, 31829.0, 39066.0, 50907.0, -1.5645257234573364, -3.074495792388916
30142, -1.3228451013565063, 0.06847117841243744, 1.075485348701477, 0.4340546429157257, -0.930104672908783, -0.09470523148775101, 50198.0, 33581.0, 39129.0, 48254.0, -1.3562164306640625, -2.3142318725585938
30161, -1.3110259771347046, 0.04211074486374855, 1.0756001472473145, 0.43611329793930054, -0.9635096788406372, -0.0667276456952095, 51310.0, 35975.0, 37882.0, 46627.0, -1.2731913328170776, -1.989526391029358
30187, -1.3051649332046509, 0.028363367542624474, 1.0734193325042725, 0.42459210753440857, -0.9575386643409729, -0.06342948973178864, 50547.0, 33295.0, 38389.0, 47609.0, -0.8549615144729614, -0.9267324209213257
30201, -1.3004740476608276, 0.01706148497760296, 1.0746123790740967, 0.4214772582054138, -0.9650115370750427, -0.04418187215924263, 50341.0, 33997.0, 41670.0, 44176.0, -0.6380060315132141, -0.2541140913963318
30222, -1.2935534715652466, -0.001006012549623847, 1.072704553604126, 0.4093143343925476, -0.9660521149635315, -0.04510842636227608, 48369.0, 33965.0, 39610.0, 46939.0, -0.5282831788063049, 0.1416810154914856
30243, -1.2866910696029663, -0.019484153017401695, 1.0710970163345337, 0.39582788944244385, -0.9639093279838562, -0.04589594528079033, 49276.0, 37130.0, 38549.0, 44225.0, -0.3518998324871063, 0.7578293085098267
30264, -1.2804315090179443, -0.03651478514075279, 1.0733675956726074, 0.383587121963501, -0.9597628116607666, -0.01867171935737133, 46288.0, 33764.0, 40882.0, 48074.0, -0.19550463557243347, 1.2427828311920166
30281, -1.2748863697052002, -0.05241309106349945, 1.0724632740020752, 0.3685115873813629, -0.946012556552887, -0.019823241978883743, 47793.0, 34136.0, 38634.0, 46104.0, -0.06027350202202797, 1.5773802995681763
30305, -1.269292950630188, -0.06922232359647751, 1.0747113227844238, 0.3523256480693817, -0.9306080341339111, 0.0017198146088048816, 50139.0, 31677.0, 38917.0, 45293.0, 0.03552200272679329, 1.7389976978302002
30322, -1.2672234773635864, -0.07621829956769943, 1.0743293762207031, 0.342241495847702, -0.9164633750915527, 0.0003995819133706391, 47399.0, 29537.0, 38316.0, 48349.0, 0.17582176625728607, 1.8633276224136353
30342, -1.2591077089309692, -0.10067207366228104, 1.0739781856536865, 0.3208155930042267, -0.8866361975669861, -0.0019444664940238, 47333.0, 31527.0, 38118.0, 47067.0, 0.23209042847156525, 1.9254331588745117
30364, -1.2571399211883545, -0.1080399602651596, 1.0758018493652344, 0.30960914492607117, -0.86886066198349, 0.009564585983753204, 46450.0, 29069.0, 39691.0, 48245.0, 0.4855482578277588, 2.052720069885254
30385, -1.2499631643295288, -0.13183578848838806, 1.075469732284546, 0.28502485156059265, -0.8245869278907776, 0.001414228812791407, 48765.0, 31326.0, 39705.0, 43198.0, 0.629879355430603, 2.0707247257232666
30402, -1.2479209899902344, -0.13933567702770233, 1.0798609256744385, 0.27591976523399353, -0.807885468006134, 0.030522193759679794, 46998.0, 31730.0, 37921.0, 46487.0, 0.7485520839691162, 2.034306526184082
30422, -1.244424819946289, -0.15243051946163177, 1.0794312953948975, 0.25870293378829956, -0.7707765698432922, 0.018838154152035713, 47458.0, 31661.0, 36773.0, 44452.0, 0.7931711673736572, 1.9399597644805908
30441, -1.2414685487747192, -0.16445037722587585, 1.0786714553833008, 0.24280063807964325, -0.7367447018623352, 0.002162198070436716, 46965.0, 32258.0, 36690.0, 44936.0, 0.8540893197059631, 1.8005129098892212
30463, -1.2398360967636108, -0.1712806671857834, 1.0819904804229736, 0.2333911806344986, -0.7143146991729736, 0.021915758028626442, 48245.0, 30601.0, 35995.0, 46038.0, 0.8961941003799438, 1.6145720481872559
30483, -1.2355173826217651, -0.18851986527442932, 1.0805892944335938, 0.2136644870042801, -0.6611437797546387, -0.009635241702198982, 45297.0, 32733.0, 38467.0, 43963.0, 0.8967124223709106, 1.4636486768722534
30503, -1.233049750328064, -0.19920380413532257, 1.0848873853683472, 0.2007584571838379, -0.6225141286849976, 0.011051126755774021, 45693.0, 32164.0, 38914.0, 45020.0, 0.8909047245979309, 0.9560943245887756
30521, -1.2311618328094482, -0.20668010413646698, 1.083971619606018, 0.19515882432460785, -0.602056086063385, -0.005197609309107065, 46831.0, 31053.0, 36178.0, 44732.0, 0.8648613691329956, 0.6101561188697815
30542, -1.229689598083496, -0.21457649767398834, 1.0815377235412598, 0.1826387643814087, -0.5597361326217651, -0.02963077835738659, 47654.0, 31760.0, 36621.0, 45110.0, 0.8648738265037537, 0.3407862186431885
30562, -1.2280043363571167, -0.22280102968215942, 1.0815942287445068, 0.17316624522209167, -0.5229350328445435, -0.03212500363588333, 48735.0, 28188.0, 35534.0, 48692.0, 0.8664300441741943, -0.0031137706246227026
30583, -1.2263479232788086, -0.23074519634246826, 1.0791057348251343, 0.1660558432340622, -0.48964622616767883, -0.0508144348859787, 47643.0, 30375.0, 37576.0, 46486.0, 0.8690953850746155, -0.3887852430343628
30603, -1.2244484424591064, -0.23872411251068115, 1.07870614528656, 0.16163161396980286, -0.4560392498970032, -0.04871976748108864, 48885.0, 32182.0, 37263.0, 46201.0, 0.9182251691818237, -0.7775578498840332
30622, -1.2231030464172363, -0.24531885981559753, 1.0758440494537354, 0.15703563392162323, -0.4237419068813324, -0.06450392305850983, 48446.0, 32911.0, 38088.0, 45543.0, 0.9630945920944214, -1.179919958114624
30642, -1.2215874195098877, -0.2517088055610657, 1.0729314088821411, 0.15515874326229095, -0.394228458404541, -0.07556893676519394, 49707.0, 32571.0, 36666.0, 46986.0, 0.9850984811782837, -1.6365596055984497
30662, -1.2196874618530273, -0.2584082782268524, 1.0723819732666016, 0.15643662214279175, -0.36433547735214233, -0.06689948588609695, 49799.0, 35963.0, 37247.0, 44884.0, 0.9690843820571899, -2.1184096336364746
30681, -1.2177094221115112, -0.2640666365623474, 1.0700578689575195, 0.16038711369037628, -0.33874449133872986, -0.07032067328691483, 49202.0, 32169.0, 37567.0, 47862.0, 0.9478774666786194, -2.672999620437622
30701, -1.2150145769119263, -0.2699814438819885, 1.0690786838531494, 0.16881559789180756, -0.31552380323410034, -0.062155984342098236, 51980.0, 34133.0, 34556.0, 46819.0, 0.9382442235946655, -3.1077957153320312
30721, -1.2115148305892944, -0.27610209584236145, 1.0678837299346924, 0.1817912608385086, -0.2993864417076111, -0.0576348677277565, 49700.0, 32383.0, 37337.0, 48066.0, 0.9217300415039062, -3.6352109909057617
30741, -1.210111379623413, -0.27932289242744446, 1.0655677318572998, 0.18587209284305573, -0.2707274556159973, -0.06043583154678345, 49361.0, 31052.0, 38043.0, 48664.0, 0.933530867099762, -4.179180145263672
30765, -1.210422396659851, -0.28034576773643494, 1.065704345703125, 0.18432852625846863, -0.2544924020767212, -0.05418802425265312, 50528.0, 32490.0, 35815.0, 48243.0, 0.906020998954773, -4.621037483215332
30785, -1.207350730895996, -0.28558531403541565, 1.0617409944534302, 0.19859111309051514, -0.22716090083122253, -0.06820576637983322, 49838.0, 29269.0, 36761.0, 50224.0, 0.8723305463790894, -4.822175979614258
30802, -1.20437753200531, -0.2892666161060333, 1.0607811212539673, 0.2125958800315857, -0.21325398981571198, -0.06275538355112076, 48445.0, 33872.0, 38840.0, 48429.0, 0.8659132719039917, -5.2555084228515625
30822, -1.2010939121246338, -0.2927055060863495, 1.0585999488830566, 0.22739249467849731, -0.20045016705989838, -0.06456036865711212, 50965.0, 37598.0, 36519.0, 44295.0, 0.8731412291526794, -5.465246677398682
30842, -1.1996674537658691, -0.29437586665153503, 1.0567505359649658, 0.2336731106042862, -0.19247794151306152, -0.06945963203907013, 48837.0, 30519.0, 39170.0, 50357.0, 0.8831533789634705, -5.626516342163086
30861, -1.1955405473709106, -0.29783084988594055, 1.056115746498108, 0.25099048018455505, -0.1809198409318924, -0.05688217282295227, 51034.0, 33608.0, 37025.0, 48215.0, 0.8940802216529846, -5.68626070022583
30883, -1.191025972366333, -0.3011361360549927, 1.0540980100631714, 0.26868751645088196, -0.171309694647789, -0.053970690816640854, 51749.0, 30459.0, 35506.0, 50366.0, 0.9265798926353455, -5.755405902862549
30901, -1.1864795684814453, -0.3040473759174347, 1.0543410778045654, 0.2854187488555908, -0.16273145377635956, -0.03642156347632408, 52708.0, 35798.0, 33930.0, 46784.0, 0.947854220867157, -5.779856204986572
30922, -1.1822550296783447, -0.30666273832321167, 1.0526899099349976, 0.2986494302749634, -0.15614037215709686, -0.03643902763724327, 50957.0, 34121.0, 35450.0, 47932.0, 0.9256681799888611, -5.787004470825195
30944, -1.1777706146240234, -0.3090708255767822, 1.0510443449020386, 0.3112870752811432, -0.1499752253293991, -0.03763158991932869, 49201.0, 37151.0, 38577.0, 44936.0, 0.9147300720214844, -5.6582417488098145
30963, -1.1724579334259033, -0.31161853671073914, 1.0519098043441772, 0.3257974088191986, -0.14586679637432098, -0.020328037440776825, 50328.0, 30403.0, 36831.0, 50376.0, 0.9295814633369446, -5.4148173332214355
30983, -1.1668294668197632, -0.3141508102416992, 1.0509847402572632, 0.33964958786964417, -0.14226564764976501, -0.017118241637945175, 47607.0, 31799.0, 39733.0, 48712.0, 0.9459738731384277, -5.159656524658203
31001, -1.1609843969345093, -0.3167022168636322, 1.0511046648025513, 0.3517684042453766, -0.1390998363494873, -0.007642037700861692, 49650.0, 38299.0, 37397.0, 43429.0, 0.9919641017913818, -4.947643280029297
31025, -1.1550002098083496, -0.31911158561706543, 1.0505107641220093, 0.3625628352165222, -0.13678152859210968, -0.007043707184493542, 49392.0, 33962.0, 37331.0, 46580.0, 0.9915195107460022, -4.659485816955566
31045, -1.1494461297988892, -0.32136431336402893, 1.0498061180114746, 0.36999574303627014, -0.1349954754114151, -0.006192019674926996, 48713.0, 34687.0, 38463.0, 45713.0, 1.0274571180343628, -4.340392589569092
31061, -1.1421926021575928, -0.32401031255722046, 1.0523055791854858, 0.38295310735702515, -0.13501125574111938, 0.014582432806491852, 47694.0, 35448.0, 39184.0, 45432.0, 1.0532028675079346, -4.052947521209717
31082, -1.139316201210022, -0.325060099363327, 1.0522276163101196, 0.3842673897743225, -0.13380378484725952, 0.015726009383797646, 47728.0, 26098.0, 38337.0, 51125.0, 1.0728939771652222, -3.5658764839172363
31103, -1.130920171737671, -0.32831695675849915, 1.0533641576766968, 0.3859211504459381, -0.13210080564022064, 0.029356930404901505, 48270.0, 33746.0, 37944.0, 45294.0, 1.0810749530792236, -3.3006513118743896
31123, -1.124752163887024, -0.33071374893188477, 1.053326964378357, 0.3870242238044739, -0.13235092163085938, 0.026872549206018448, 47366.0, 32879.0, 37723.0, 46004.0, 1.102596402168274, -2.498366594314575
31142, -1.1178382635116577, -0.33340221643447876, 1.0531140565872192, 0.3871573507785797, -0.13257139921188354, 0.02335735410451889, 45991.0, 33490.0, 39268.0, 45501.0, 1.0773134231567383, -1.9955862760543823
31164, -1.1141774654388428, -0.33494266867637634, 1.0529483556747437, 0.38438066840171814, -0.13267219066619873, 0.020174581557512283, 47221.0, 33152.0, 38176.0, 45654.0, 1.0604853630065918, -1.4371519088745117
31181, -1.107277512550354, -0.33764708042144775, 1.052879810333252, 0.3810209333896637, -0.13249589502811432, 0.014348580501973629, 47624.0, 31312.0, 37454.0, 47201.0, 1.0585459470748901, -1.1394081115722656
31201, -1.1011569499969482, -0.3400239646434784, 1.0548930168151855, 0.3767383396625519, -0.13155314326286316, 0.023050807416439056, 47834.0, 32281.0, 37464.0, 46502.0, 1.0263516902923584, -0.7214490175247192
31222, -1.0952589511871338, -0.34257984161376953, 1.0546170473098755, 0.36839771270751953, -0.13117048144340515, 0.012760023586452007, 50006.0, 32062.0, 34050.0, 46278.0, 1.027167558670044, -0.3746488094329834
31241, -1.0863678455352783, -0.3879838287830353, 1.0504118204116821, 0.4027484059333801, -0.6093383431434631, -0.15197621285915375, 48298.0, 30784.0, 36679.0, 47319.0, 1.0283119678497314, -0.05960095301270485
31262, -1.0791378021240234, -0.4101935029029846, 1.037176251411438, 0.41455674171447754, -0.7937071323394775, -0.3509778380393982, 60322.0, 47360.0, 27175.0, 37147.0, 2.0360240936279297, -0.5126137733459473
31285, -1.0724812746047974, -0.42261478304862976, 1.0280542373657227, 0.41594433784484863, -0.9068096280097961, -0.4455569088459015, 60610.0, 40078.0, 41429.0, 46436.0, 2.4831371307373047, -0.43602147698402405
31303, -1.0661593675613403, -0.43511852622032166, 1.0194365978240967, 0.4188338816165924, -1.0161093473434448, -0.49391070008277893, 55559.0, 35485.0, 50262.0, 56317.0, 3.033351421356201, -0.234554260969162
31323, -1.0605390071868896, -0.44373074173927307, 1.0116022825241089, 0.4143351912498474, -1.0794024467468262, -0.48107948899269104, 58636.0, 33858.0, 50614.0, 58369.0, 3.413214683532715, -0.11543780565261841
31342, -1.0546143054962158, -0.4548361897468567, 1.004433512687683, 0.4124193489551544, -1.141552209854126, -0.4470234215259552, 62326.0, 41700.0, 46996.0, 56973.0, 3.6689162254333496, -0.25386959314346313
31363, -1.049171805381775, -0.46631067991256714, 1.0288480520248413, 0.4137020707130432, -1.2641355991363525, -0.19554059207439423, 60914.0, 40749.0, 48221.0, 59602.0, 3.7941629886627197, -0.6651589274406433
31381, -1.048063039779663, -0.4631606340408325, 1.026821494102478, 0.4044475555419922, -1.2511979341506958, -0.180491641163826, 57995.0, 37662.0, 40685.0, 53449.0, 3.811868667602539, -1.2605079412460327
31403, -1.0401217937469482, -0.48113730549812317, 1.0852559804916382, 0.4033021032810211, -1.350411057472229, 0.30867403745651245, 57175.0, 38238.0, 41704.0, 52627.0, 3.8112094402313232, -1.5991169214248657
31421, -1.0370904207229614, -0.47864529490470886, 1.0831811428070068, 0.3888827860355377, -1.273533821105957, 0.28349047899246216, 46864.0, 25764.0, 30350.0, 40305.0, 3.5128936767578125, -2.322993755340576
31442, -1.032873272895813, -0.4778786599636078, 1.0832574367523193, 0.37658941745758057, -1.1710196733474731, 0.252727746963501, 43357.0, 25878.0, 32472.0, 42860.0, 3.390237331390381, -2.4435789585113525
31464, -1.0333054065704346, -0.46172845363616943, 1.1603877544403076, 0.3580506145954132, -1.125640869140625, 0.7530862092971802, 42301.0, 27852.0, 36364.0, 39901.0, 3.185192584991455, -2.0118632316589355
31482, -1.029329776763916, -0.45814234018325806, 1.1602556705474854, 0.3422629237174988, -1.0017999410629272, 0.6206967830657959, 36249.0, 18257.0, 27562.0, 32268.0, 2.9096920490264893, -1.3908970355987549
31503, -1.0269825458526611, -0.4431774914264679, 1.2642301321029663, 0.3208855986595154, -0.8909460306167603, 1.2096352577209473, 35202.0, 24734.0, 26534.0, 28160.0, 2.8619515895843506, -0.3785388171672821
31521, -1.0229809284210205, -0.4410201609134674, 1.2684986591339111, 0.307655930519104, -0.796934187412262, 1.01608407497406, 33135.0, 24265.0, 26648.0, 29493.0, 2.5660324096679688, 0.7903740406036377
31547, -1.022350788116455, -0.41252344846725464, 1.2404303550720215, 0.2748178541660309, -0.5904373526573181, 0.6132518649101257, 32735.0, 23888.0, 25486.0, 30472.0, 2.494222402572632, 1.8136571645736694
31564, -1.0207229852676392, -0.38500964641571045, 1.358034610748291, 0.24915523827075958, -0.4191902279853821, 1.2280231714248657, 34415.0, 24067.0, 26215.0, 26811.0, 2.503023147583008, 2.8409528732299805
31583, -1.0205676555633545, -0.3494400680065155, 1.3201521635055542, 0.21892106533050537, -0.20740725100040436, 0.7220703363418579, 26552.0, 24145.0, 28844.0, 31820.0, 2.0962324142456055, 3.8256378173828125
31603, -1.0191867351531982, -0.3237212896347046, 1.4283064603805542, 0.19041956961154938, -0.07030325382947922, 1.2727673053741455, 30223.0, 25135.0, 26297.0, 29469.0, 1.9693450927734375, 4.606934070587158
31622, -1.0191375017166138, -0.29008054733276367, 1.383479356765747, 0.1645241379737854, 0.09159530699253082, 0.7044104933738708, 24788.0, 26126.0, 29032.0, 30841.0, 1.4987846612930298, 5.337029933929443
31642, -1.0194512605667114, -0.25330331921577454, 1.4519822597503662, 0.1250104308128357, 0.2647557854652405, 1.0760717391967773, 29119.0, 25361.0, 28597.0, 27586.0, 1.3494412899017334, 5.865405082702637
31662, -1.0196112394332886, -0.21541878581047058, 1.399518370628357, 0.10288263857364655, 0.40844792127609253, 0.4695657193660736, 27903.0, 24828.0, 26707.0, 30898.0, 0.984971821308136, 6.222331523895264
31684, -1.0215177536010742, -0.1656571924686432, 1.3998786211013794, 0.06445778906345367, 0.6048616170883179, 0.3887825310230255, 29272.0, 23306.0, 25934.0, 31446.0, 0.9061793088912964, 6.299497604370117
31703, -1.0220997333526611, -0.12390416115522385, 1.3346065282821655, 0.04987318813800812, 0.7300631403923035, -0.22617943584918976, 35549.0, 24093.0, 22355.0, 27144.0, 0.8026246428489685, 6.0106892585754395
31723, -1.0227851867675781, -0.08000993728637695, 1.253566026687622, 0.04282258450984955, 0.8555979132652283, -0.8569560050964355, 35368.0, 27171.0, 18632.0, 27529.0, 0.7840240001678467, 5.421624183654785
31742, -1.024429440498352, -0.03817858546972275, 1.2394990921020508, 0.01549286674708128, 0.9600731134414673, -0.8822553753852844, 45870.0, 38614.0, 32619.0, 40610.0, 0.7372764945030212, 4.685052394866943
31764, -1.0254327058792114, 0.006432444788515568, 1.1589021682739258, 0.008947862312197685, 1.0570790767669678, -1.3342351913452148, 49520.0, 43519.0, 34955.0, 42501.0, 0.5740950703620911, 3.610762119293213
31783, -1.026846170425415, 0.045572031289339066, 1.0829356908798218, 0.009889215230941772, 1.1859776973724365, -1.7764863967895508, 61334.0, 51857.0, 41931.0, 55799.0, 0.5697745084762573, 2.467010259628296
31803, -1.0283534526824951, 0.11453160643577576, 0.9744318723678589, 0.008523465134203434, 1.2519245147705078, -2.0503554344177246, 65535.0, 55957.0, 44387.0, 59218.0, 0.5234858393669128, 1.7820813655853271
31823, -1.029616355895996, 0.16676008701324463, 0.8919022083282471, 0.023313336074352264, 1.307958960533142, -2.2520651817321777, 65535.0, 52337.0, 38390.0, 61101.0, 0.25227680802345276, -1.7937638759613037
31842, -1.031202793121338, 0.20134316384792328, 0.8600428700447083, 0.031605638563632965, 1.3777557611465454, -2.2737667560577393, 65535.0, 52414.0, 40517.0, 63641.0, 0.17150455713272095, -4.667357921600342
31861, -1.0321033000946045, 0.25723421573638916, 0.7877922058105469, 0.07032637298107147, 1.4132061004638672, -2.3461506366729736, 65535.0, 52302.0, 40582.0, 63906.0, 0.21036116778850555, -6.118436813354492
31883, -1.0320103168487549, 0.30823636054992676, 0.7230998277664185, 0.12135347723960876, 1.426124930381775, -2.3975718021392822, 65535.0, 51423.0, 41525.0, 64044.0, 0.5033212900161743, -9.557960510253906
31904, -1.0316458940505981, 0.3676503598690033, 0.662247896194458, 0.18633818626403809, 1.4679287672042847, -2.424102306365967, 65535.0, 52024.0, 37562.0, 61373.0, 0.9347098469734192, -12.820695877075195
31925, -1.0297863483428955, 0.43565741181373596, 0.5979283452033997, 0.27444514632225037, 1.5100126266479492, -2.4438562393188477, 65535.0, 51774.0, 39291.0, 62810.0, 1.4855033159255981, -16.188302993774414
31944, -1.0258022546768188, 0.4980858564376831, 0.5657728910446167, 0.37808191776275635, 1.4947091341018677, -2.27312970161438, 65535.0, 53824.0, 38452.0, 64500.0, 2.2234675884246826, -20.146589279174805
31962, -1.0186318159103394, 0.5487671494483948, 0.5176146030426025, 0.494048535823822, 1.457353115081787, -2.273698329925537, 65535.0, 38209.0, 40589.0, 48715.0, 3.3283417224884033, -24.01599884033203
31982, -1.0160441398620605, 0.6006366014480591, 0.4912451505661011, 0.5523661375045776, 1.5580964088439941, -2.280240058898926, 65535.0, 51488.0, 37816.0, 61260.0, 4.5767316818237305, -27.986082077026367
32001, -1.0035996437072754, 0.6604725122451782, 0.4545544981956482, 0.7085552215576172, 1.4907227754592896, -2.186664342880249, 65535.0, 52539.0, 36061.0, 60937.0, 4.860734462738037, -29.818889617919922
32023, -0.9912266135215759, 0.7280725240707397, 0.41238775849342346, 0.84720778465271, 1.5310760736465454, -2.2017171382904053, 65535.0, 55039.0, 37305.0, 65015.0, 6.485476493835449, -34.54524230957031
32043, -0.9764935970306396, 0.7936634421348572, 0.37200111150741577, 0.9903866052627563, 1.6012003421783447, -2.2175958156585693, 65535.0, 52687.0, 36561.0, 61632.0, 7.581447124481201, -38.467716217041016
32064, -0.9533634781837463, 0.8690702319145203, 0.3583107888698578, 1.188550591468811, 1.6725502014160156, -2.046610116958618, 65535.0, 51758.0, 41499.0, 65019.0, 8.442554473876953, -43.76662826538086
32089, -0.9284132719039917, 0.9322012066841125, 0.31600895524024963, 1.3767030239105225, 1.7397812604904175, -2.1250627040863037, 59172.0, 49695.0, 37669.0, 65535.0, 9.330841064453125, -49.686241149902344
32103, -0.9079491496086121, 0.9949126243591309, 0.34262341260910034, 1.5221829414367676, 1.9105290174484253, -1.816286563873291, 65310.0, 50518.0, 43170.0, 65535.0, 9.798251152038574, -55.55507278442383
32125, -0.86129230260849, 1.0938669443130493, 0.28577035665512085, 1.8126018047332764, 2.071791172027588, -1.9945365190505981, 64822.0, 50151.0, 43052.0, 65535.0, 9.703740119934082, -58.61062240600586
32145, -0.8172746896743774, 1.1819652318954468, 0.3150584399700165, 2.081279754638672, 2.310060739517212, -1.5699862241744995, 62842.0, 47642.0, 43714.0, 65535.0, 8.065821647644043, -67.26263427734375
32164, -0.7684340476989746, 1.2807470560073853, 0.27161839604377747, 2.300889492034912, 2.5553908348083496, -1.814584493637085, 65535.0, 8932.0, 46468.0, 26743.0, 7.941882133483887, -71.25882720947266
32182, -0.7457975149154663, 1.331155776977539, 0.24978646636009216, 2.3882505893707275, 2.7015504837036133, -1.9499961137771606, 35746.0, 53741.0, 7000.0, 65535.0, 0.1665927916765213, -78.25304412841797
32201, -0.69865882396698, 1.3920680284500122, 0.18186040222644806, 2.5848608016967773, 2.706458806991577, -2.346331834793091, 51818.0, 46150.0, 34551.0, 65535.0, -8.939247131347656, -81.19586181640625
32221, -0.6445039510726929, 1.453575849533081, 0.1330024152994156, 2.8009777069091797, 2.715142011642456, -2.560258150100708, 15193.0, 37417.0, 15193.0, 65535.0, -56.86210632324219, -86.73480224609375
32241, -0.5928109884262085, 1.576100468635559, 0.0796760618686676, 2.8150336742401123, 3.3447041511535645, -2.8578271865844727, 15783.0, 37747.0, 15783.0, 65535.0, -147.03257751464844, -85.00346374511719
32261, -0.5216585993766785, 1.708627700805664, 0.029662927612662315, 2.942293882369995, 3.894890308380127